"Sensor 1 Measurement (x, y, z)"
"[[0.008400000000000001, -0.03675, -0.08712], [0.0081, -0.036899999999999995, -0.087362], [0.00825, -0.0366, -0.08712], [0.0081, -0.0366, -0.087362], [0.008549999999999999, -0.036449999999999996, -0.087604], [0.00825, -0.03705, -0.087604], [0.008549999999999999, -0.0366, -0.086878], [0.00825, -0.0366, -0.08712], [0.00825, -0.0366, -0.087362], [0.007949999999999999, -0.03705, -0.087604]]"
"[[0.0017999999999999997, -0.0366, -0.089782], [0.00195, -0.0366, -0.090024], [0.0021000000000000003, -0.036449999999999996, -0.08954], [0.0017999999999999997, -0.0363, -0.089782], [0.00195, -0.03675, -0.089782], [0.00195, -0.03675, -0.089298], [0.00195, -0.03675, -0.08954], [0.00195, -0.03615, -0.090024], [0.0017999999999999997, -0.0366, -0.090024], [0.0021000000000000003, -0.036449999999999996, -0.089298]]"
"[[-0.006, -0.0366, -0.09075], [-0.005849999999999999, -0.03675, -0.09075], [-0.0063, -0.03705, -0.09026599999999999], [-0.0063, -0.0366, -0.09050799999999999], [-0.006, -0.036899999999999995, -0.09075], [-0.005849999999999999, -0.03675, -0.09099199999999999], [-0.0063, -0.036899999999999995, -0.09050799999999999], [-0.005849999999999999, -0.0372, -0.09075], [-0.006, -0.036899999999999995, -0.09050799999999999], [-0.0063, -0.0372, -0.09050799999999999]]"
"[[-0.009, -0.037649999999999996, -0.09075], [-0.009, -0.0372, -0.09075], [-0.00945, -0.0372, -0.09099199999999999], [-0.00945, -0.03735, -0.09050799999999999], [-0.009, -0.0372, -0.09099199999999999], [-0.00915, -0.0375, -0.09099199999999999], [-0.0093, -0.03735, -0.09075], [-0.00975, -0.0372, -0.09075], [-0.009, -0.0372, -0.09099199999999999], [-0.00915, -0.037649999999999996, -0.091234]]"
"[[-0.01935, -0.0375, -0.090024], [-0.0192, -0.037649999999999996, -0.089782], [-0.0192, -0.037649999999999996, -0.08954], [-0.0192, -0.03735, -0.089056], [-0.01905, -0.0375, -0.089298], [-0.01875, -0.0375, -0.089056], [-0.01905, -0.0375, -0.089298], [-0.0186, -0.0375, -0.090024], [-0.0189, -0.0375, -0.089782], [-0.01875, -0.03735, -0.089298]]"
