"Sensor 4 Measurement (x, y, z)"
"[[-0.0282, 0.0249, -0.008954], [-0.028349999999999997, 0.0252, -0.008469999999999998], [-0.027899999999999998, 0.0249, -0.008712], [-0.028050000000000002, 0.0249, -0.008228], [-0.028349999999999997, 0.025349999999999998, -0.008469999999999998], [-0.0282, 0.02505, -0.008228], [-0.02865, 0.024300000000000002, -0.008712], [-0.02865, 0.02475, -0.008712], [-0.028050000000000002, 0.02475, -0.008712], [-0.0282, 0.02445, -0.008469999999999998]]"
"[[-0.02895, 0.0231, -0.00605], [-0.02895, 0.022949999999999998, -0.005324], [-0.02895, 0.022949999999999998, -0.006292], [-0.02865, 0.0228, -0.006292], [-0.029099999999999997, 0.0228, -0.00605], [-0.02865, 0.0231, -0.006292], [-0.029099999999999997, 0.022949999999999998, -0.005808], [-0.028349999999999997, 0.0228, -0.005808], [-0.02865, 0.0228, -0.006292], [-0.028799999999999996, 0.0228, -0.006292]]"
"[[-0.0294, 0.020550000000000002, -0.002904], [-0.0294, 0.020550000000000002, -0.003146], [-0.02925, 0.02025, -0.003388], [-0.0297, 0.020550000000000002, -0.002904], [-0.02925, 0.02025, -0.003146], [-0.029099999999999997, 0.020399999999999998, -0.00363], [-0.029099999999999997, 0.0207, -0.00363], [-0.02925, 0.021, -0.002904], [-0.029099999999999997, 0.020399999999999998, -0.003146], [-0.0294, 0.0207, -0.003146]]"
"[[-0.029849999999999998, 0.01905, -0.00242], [-0.029549999999999996, 0.01905, -0.002178], [-0.029549999999999996, 0.0195, -0.001936], [-0.0294, 0.0195, -0.002178], [-0.02925, 0.0198, -0.002662], [-0.0294, 0.01935, -0.001452], [-0.0294, 0.0189, -0.00242], [-0.0294, 0.0195, -0.002178], [-0.03, 0.01935, -0.001936], [-0.029549999999999996, 0.0195, -0.002178]]"
"[[-0.0297, 0.016349999999999996, 0.001694], [-0.0297, 0.016349999999999996, 0.000968], [-0.029549999999999996, 0.016649999999999998, 0.00121], [-0.029549999999999996, 0.016649999999999998, 0.00121], [-0.029549999999999996, 0.0162, 0.00121], [-0.029549999999999996, 0.016349999999999996, 0.00121], [-0.0294, 0.016349999999999996, 0.00121], [-0.02925, 0.0165, 0.001452], [-0.0294, 0.016800000000000002, 0.001694], [-0.0297, 0.0165, 0.000968]]"
