"Sensor 3 Measurement (x, y, z)"
"[[0.010199999999999999, 0.0465, -0.036784], [0.01035, 0.04665, -0.037025999999999996], [0.010049999999999998, 0.046799999999999994, -0.036784], [0.01035, 0.04665, -0.037025999999999996], [0.010199999999999999, 0.04635, -0.037025999999999996], [0.010049999999999998, 0.04665, -0.037025999999999996], [0.01035, 0.046799999999999994, -0.037025999999999996], [0.0096, 0.04665, -0.036784], [0.010199999999999999, 0.04695, -0.036542000000000005], [0.0099, 0.04665, -0.037025999999999996]]"
"[[0.0066, 0.047549999999999995, -0.037994], [0.0069, 0.04725, -0.037509999999999995], [0.00645, 0.047549999999999995, -0.038478], [0.0069, 0.04725, -0.037751999999999994], [0.00645, 0.04725, -0.037994], [0.0066, 0.0471, -0.038236], [0.0069, 0.047549999999999995, -0.037751999999999994], [0.0066, 0.04725, -0.038236], [0.0066, 0.0474, -0.037751999999999994], [0.00675, 0.04725, -0.037509999999999995]]"
"[[0.0025499999999999997, 0.047549999999999995, -0.038478], [0.00285, 0.0471, -0.038478], [0.0025499999999999997, 0.0474, -0.038478], [0.0026999999999999997, 0.04769999999999999, -0.038236], [0.00285, 0.04695, -0.037994], [0.00225, 0.0474, -0.038478], [0.00285, 0.04769999999999999, -0.03872], [0.00285, 0.0474, -0.038236], [0.0033, 0.047850000000000004, -0.038236], [0.00225, 0.0474, -0.038478]]"
"[[0.0008999999999999999, 0.04725, -0.038962], [0.0010500000000000002, 0.04769999999999999, -0.03872], [0.0010500000000000002, 0.0474, -0.03872], [0.0010500000000000002, 0.04725, -0.038962], [0.0008999999999999999, 0.047549999999999995, -0.038962], [0.0012, 0.04769999999999999, -0.03872], [0.0006, 0.047549999999999995, -0.03872], [0.00075, 0.047549999999999995, -0.038962], [0.00075, 0.047549999999999995, -0.03872], [0.0010500000000000002, 0.047850000000000004, -0.03872]]"
"[[-0.0039, 0.04725, -0.039204], [-0.0039, 0.04695, -0.038478], [-0.00405, 0.0474, -0.039204], [-0.00375, 0.0471, -0.037994], [-0.004200000000000001, 0.04769999999999999, -0.03872], [-0.0039, 0.0471, -0.03872], [-0.004200000000000001, 0.04725, -0.039204], [-0.004200000000000001, 0.0474, -0.038236], [-0.004200000000000001, 0.0474, -0.038236], [-0.00435, 0.0471, -0.039204]]"
