"Sensor 4 Measurement (x, y, z)"
"[[-0.01755, 0.017099999999999997, 0.020811999999999997], [-0.0174, 0.016649999999999998, 0.021296], [-0.01725, 0.016649999999999998, 0.021054], [-0.01725, 0.016649999999999998, 0.021296], [-0.016800000000000002, 0.016800000000000002, 0.021538], [-0.0174, 0.016800000000000002, 0.020811999999999997], [-0.0177, 0.016800000000000002, 0.020811999999999997], [-0.0174, 0.0165, 0.021054], [-0.01755, 0.016800000000000002, 0.02178], [-0.0174, 0.0165, 0.021538]]"
"[[-0.02745, 0.0255, 0.015972], [-0.0276, 0.0255, 0.015488], [-0.027149999999999997, 0.0255, 0.015972], [-0.027, 0.02505, 0.015972], [-0.027149999999999997, 0.02505, 0.016456], [-0.02685, 0.025349999999999998, 0.01573], [-0.02655, 0.02565, 0.015004], [-0.027, 0.02565, 0.016214], [-0.02685, 0.025349999999999998, 0.01573], [-0.026699999999999998, 0.0255, 0.015972]]"
"[[-0.043949999999999996, 0.036, 0.000484], [-0.04365, 0.03615, -0.000242], [-0.043949999999999996, 0.03585, -0.000242], [-0.0438, 0.036, -0.000242], [-0.0438, 0.036, 0.000726], [-0.04365, 0.03615, -0.000242], [-0.0435, 0.03615, -0.000242], [-0.0435, 0.035699999999999996, -0.000242], [-0.04335, 0.03615, 0.000242], [-0.0441, 0.03615, -0.000484]]"
"[[-0.0663, 0.0339, -0.018634], [-0.0663, 0.0339, -0.017908], [-0.066, 0.03405, -0.017908], [-0.0663, 0.0339, -0.017908], [-0.06570000000000001, 0.0339, -0.017908], [-0.06614999999999999, 0.03405, -0.017666], [-0.06570000000000001, 0.0339, -0.018392], [-0.06584999999999999, 0.033600000000000005, -0.018392], [-0.066, 0.03405, -0.017908], [-0.066, 0.03375, -0.017908]]"
"[[-0.0855, 0.015149999999999999, -0.043317999999999995], [-0.0852, 0.01485, -0.043076], [-0.08535, 0.01485, -0.042834], [-0.08535, 0.015, -0.043076], [-0.08505, 0.014549999999999999, -0.042834], [-0.0852, 0.015, -0.042834], [-0.08535, 0.0147, -0.04356], [-0.08505, 0.0147, -0.042592], [-0.08535, 0.014549999999999999, -0.043076], [-0.08505, 0.0147, -0.043076]]"
