"Sensor 3 Measurement (x, y, z)"
"[[0.0017999999999999997, 0.041699999999999994, 0.004114], [0.0021000000000000003, 0.041699999999999994, 0.003872], [0.0017999999999999997, 0.041100000000000005, 0.00363], [0.0017999999999999997, 0.04155, 0.004356], [0.00195, 0.04155, 0.00363], [0.00195, 0.04125, 0.003872], [0.00195, 0.04155, 0.003388], [0.0021000000000000003, 0.0414, 0.004356], [0.0021000000000000003, 0.04185, 0.00363], [0.0021000000000000003, 0.0414, 0.004356]]"
"[[0.0013499999999999999, 0.0615, -0.010648], [0.0012, 0.061799999999999994, -0.010648], [0.0012, 0.0615, -0.009922], [0.0017999999999999997, 0.0615, -0.009922], [0.0012, 0.061349999999999995, -0.010648], [0.0010500000000000002, 0.061349999999999995, -0.009922], [0.0010500000000000002, 0.061349999999999995, -0.010164], [0.0010500000000000002, 0.0615, -0.00968], [0.0008999999999999999, 0.0615, -0.009922], [0.00165, 0.0612, -0.010648]]"
"[[0.0048, 0.08625, -0.048158], [0.0050999999999999995, 0.08625, -0.0484], [0.0050999999999999995, 0.0858, -0.048158], [0.00555, 0.08625, -0.048158], [0.00525, 0.0861, -0.048642], [0.0050999999999999995, 0.0861, -0.0484], [0.00555, 0.08639999999999999, -0.0484], [0.005399999999999999, 0.08625, -0.048158], [0.0050999999999999995, 0.08595, -0.048642], [0.00525, 0.08625, -0.0484]]"
"[[0.00375, 0.09720000000000001, -0.115676], [0.00405, 0.09764999999999999, -0.115676], [0.0035999999999999995, 0.0975, -0.11495], [0.00405, 0.09734999999999999, -0.115434], [0.00405, 0.09734999999999999, -0.11495], [0.0035999999999999995, 0.09720000000000001, -0.115918], [0.0035999999999999995, 0.09734999999999999, -0.11519199999999999], [0.00405, 0.09720000000000001, -0.115434], [0.00375, 0.09734999999999999, -0.114708], [0.00375, 0.09689999999999999, -0.11495]]"
"[[0.0126, 0.0564, -0.189244], [0.01245, 0.0564, -0.189244], [0.01275, 0.0564, -0.18875999999999998], [0.0126, 0.056100000000000004, -0.18875999999999998], [0.013049999999999999, 0.0564, -0.18803399999999998], [0.0126, 0.056549999999999996, -0.18900199999999998], [0.01275, 0.05625, -0.188518], [0.0126, 0.0564, -0.18900199999999998], [0.01275, 0.056100000000000004, -0.18875999999999998], [0.0126, 0.0564, -0.18875999999999998]]"
