"Sensor 1 Measurement (x, y, z)"
"[[-0.00645, 0.061349999999999995, -0.07744], [-0.0063, 0.061349999999999995, -0.07744], [-0.0063, 0.06105, -0.076472], [-0.00645, 0.061349999999999995, -0.07744], [-0.00645, 0.060899999999999996, -0.076714], [-0.006, 0.06105, -0.076956], [-0.0066, 0.0612, -0.07719799999999999], [-0.006149999999999999, 0.0615, -0.076714], [-0.005849999999999999, 0.0612, -0.076956], [-0.0066, 0.061349999999999995, -0.076714]]"
"[[-0.007199999999999999, 0.053399999999999996, -0.161656], [-0.00705, 0.05325, -0.16093000000000002], [-0.007199999999999999, 0.05355, -0.16141399999999997], [-0.00705, 0.053399999999999996, -0.161172], [-0.00705, 0.053399999999999996, -0.161172], [-0.0078, 0.053399999999999996, -0.161172], [-0.0075, 0.0537, -0.160688], [-0.00735, 0.05355, -0.16093000000000002], [-0.0075, 0.05385, -0.161656], [-0.0078, 0.053399999999999996, -0.16093000000000002]]"
"[[0.004200000000000001, -0.022949999999999998, -0.21900999999999998], [0.00405, -0.02325, -0.218768], [0.0039, -0.0231, -0.21852599999999997], [0.00405, -0.02325, -0.21852599999999997], [0.004200000000000001, -0.02325, -0.218768], [0.0039, -0.0231, -0.218042], [0.0039, -0.0228, -0.218042], [0.004200000000000001, -0.023399999999999997, -0.21828399999999998], [0.0039, -0.022949999999999998, -0.21852599999999997], [0.00375, -0.02325, -0.2178]]"
"[[-0.0026999999999999997, -0.1071, -0.177144], [-0.0025499999999999997, -0.10695, -0.17690199999999998], [-0.0024, -0.1071, -0.17690199999999998], [-0.00285, -0.10725, -0.17690199999999998], [-0.00225, -0.10725, -0.177386], [-0.0026999999999999997, -0.10725, -0.17690199999999998], [-0.0026999999999999997, -0.10695, -0.177144], [-0.0026999999999999997, -0.10695, -0.17690199999999998], [-0.0025499999999999997, -0.10679999999999999, -0.177144], [-0.0024, -0.1071, -0.17762799999999998]]"
"[[-0.0003, -0.1311, -0.088088], [-0.00075, -0.13079999999999997, -0.087362], [-0.00044999999999999993, -0.13140000000000002, -0.086878], [-0.0003, -0.1311, -0.087604], [-0.0003, -0.13125, -0.08712], [-0.00015, -0.13125, -0.087604], [-0.0003, -0.1311, -0.087362], [-0.0003, -0.13169999999999998, -0.087362], [-0.0003, -0.13094999999999998, -0.08663599999999999], [-0.00044999999999999993, -0.13140000000000002, -0.08663599999999999]]"
