"Sensor 16 Average (x, y, z)"
"[0.02289, -0.07041, 0.2779612]"
"[0.02256, -0.06966, 0.2798488]"
"[0.02427, -0.06909, 0.27936479999999997]"
"[0.02301, -0.07013999999999998, 0.27844519999999995]"
"[0.02298, -0.06867000000000001, 0.27738039999999997]"
"[0.025050000000000003, -0.06911999999999999, 0.2741376]"
"[0.02598, -0.06462, 0.26528039999999997]"
"[0.02475, -0.06281999999999999, 0.2589884]"
"[0.024600000000000004, -0.062009999999999996, 0.2622796]"
"[0.02385, -0.063, 0.2586012]"
