"Sensor 10 Average (x, y, z)"
"[-0.025124999999999995, -0.02866500000000001, 0.135157]"
"[-0.24598500000000004, -0.46995000000000003, 1.8356425999999997]"
