"Sensor 15 Measurement (x, y, z)"
"[[0.0057, -0.0438, 0.092928], [0.00555, -0.04725, 0.08591], [0.00435, -0.043949999999999996, 0.087362], [0.005399999999999999, -0.0444, 0.094622], [0.00435, -0.03945, 0.087362], [-0.0017999999999999997, -0.0453, 0.092928], [0.00195, -0.040049999999999995, 0.08228], [0.0015, -0.0474, 0.09873599999999999], [0.0010500000000000002, -0.0456, 0.089782], [0.0013499999999999999, -0.0438, 0.095106]]"
"[[0.19319999999999998, -0.8217, 1.314544], [0.1965, -0.82995, 1.323982], [0.20475, -0.8268, 1.32737], [0.2019, -0.8319, 1.336808], [0.20175, -0.82995, 1.347214], [0.20745, -0.8409, 1.3476979999999998], [0.2031, -0.83385, 1.361008], [0.21134999999999998, -0.8379, 1.373592], [0.21045, -0.8349, 1.364638], [0.2031, -0.8312999999999999, 1.3762539999999999]]"
