"Sensor 12 Measurement (x, y, z)"
"[[0.021, -0.0516, 0.13261599999999998], [0.026099999999999998, -0.05715, 0.14302199999999998], [0.01815, -0.048600000000000004, 0.139392], [0.023399999999999997, -0.05445, 0.149072], [0.02235, -0.0528, 0.13188999999999998], [0.0237, -0.052199999999999996, 0.14302199999999998], [0.01755, -0.04769999999999999, 0.143748], [0.016800000000000002, -0.04935, 0.140844], [0.016649999999999998, -0.04665, 0.14253799999999997], [0.01695, -0.046799999999999994, 0.142054]]"
"[[0.66, -0.37034999999999996, 1.3605239999999998], [0.65325, -0.37005, 1.3552], [0.64185, -0.36855, 1.358104], [0.6409499999999999, -0.36255000000000004, 1.3590719999999998], [0.6467999999999999, -0.3648, 1.356894], [0.6366, -0.36675, 1.3704459999999998], [0.64035, -0.3633, 1.357862], [0.63405, -0.3663, 1.357862], [0.6347999999999999, -0.3639, 1.3665740000000002], [0.63855, -0.36495, 1.3663319999999999]]"
