"Sensor 4 Average (x, y, z)"
"[0.009404999999999998, 0.00430500000000001, 0.12039499999999999]"
"[0.48611999999999994, 0.46624499999999997, 1.1048994]"
