"Sensor 9 Measurement (x, y, z)"
"[[-0.03555, -0.07964999999999998, 0.120032], [-0.03405, -0.0795, 0.10914199999999999], [-0.0351, -0.0909, 0.11253], [-0.039, -0.08325, 0.117854], [-0.03269999999999999, -0.08264999999999999, 0.115676], [-0.0315, -0.08595, 0.11736999999999999], [-0.03585, -0.08220000000000001, 0.12438799999999998], [-0.036899999999999995, -0.08234999999999999, 0.120032], [-0.038549999999999994, -0.0825, 0.110594], [-0.034949999999999995, -0.07995000000000001, 0.114466]]"
"[[-0.675, -0.45675, 1.4609539999999999], [-0.67665, -0.46395, 1.461196], [-0.6804, -0.4569, 1.459018], [-0.6816, -0.45344999999999996, 1.4558719999999998], [-0.6821999999999999, -0.45465, 1.446918], [-0.6819, -0.453, 1.447886], [-0.68355, -0.45405, 1.4486119999999998], [-0.6888, -0.4422, 1.44232], [-0.6901499999999999, -0.44730000000000003, 1.44232], [-0.687, -0.45, 1.441594]]"
