"Sensor 11 Average (x, y, z)"
"[-0.010170000000000005, -0.03003, 0.14408680000000001]"
"[0.27893999999999997, -0.45592499999999997, 1.7834674]"
