"Sensor 1 Measurement (x, y, z)"
"[[-0.04019999999999999, -0.0045, 0.09655799999999999], [-0.04155, -0.00555, 0.091476], [-0.03675, -0.0066, 0.09825199999999999], [-0.03555, -0.010799999999999999, 0.086152], [-0.0396, -0.0087, 0.096316], [-0.03975, -0.010199999999999999, 0.093654], [-0.03555, -0.010049999999999998, 0.0968], [-0.0363, -0.006, 0.094864], [-0.0366, -0.00705, 0.08784600000000001], [-0.036899999999999995, -0.008549999999999999, 0.089298]]"
"[[-0.59715, 0.6006, 1.289618], [-0.60135, 0.6069, 1.298814], [-0.6025499999999999, 0.6021, 1.30075], [-0.6053999999999999, 0.60465, 1.310188], [-0.6093, 0.6018, 1.30922], [-0.6141, 0.5965499999999999, 1.303896], [-0.6146999999999999, 0.5963999999999999, 1.300992], [-0.6159, 0.58575, 1.295184], [-0.6229499999999999, 0.5886, 1.285262], [-0.62175, 0.5822999999999999, 1.28018]]"
