"Sensor 12 Average (x, y, z)"
"[0.007095000000000001, -0.026264999999999983, 0.1363428]"
"[0.62955, -0.34168499999999996, 1.35641]"
