"Sensor 2 Average (x, y, z)"
"[-0.0147, 0.0069599999999999974, 0.12823579999999998]"
"[-0.205605, 0.66726, 1.6310315999999998]"
