"Sensor 4 Measurement (x, y, z)"
"[[0.01695, -0.0384, 0.104544], [0.016649999999999998, -0.03269999999999999, 0.096316], [0.020099999999999996, -0.0396, 0.09607399999999999], [0.012150000000000001, -0.03825, 0.09413799999999999], [0.016050000000000002, -0.040799999999999996, 0.094864], [0.0132, -0.036, 0.09413799999999999], [0.015149999999999999, -0.038549999999999994, 0.09970399999999999], [0.0186, -0.04155, 0.08397400000000001], [0.01755, -0.03795, 0.085426], [0.01695, -0.04155, 0.09099199999999999]]"
"[[0.5201999999999999, 0.43305, 1.1042459999999998], [0.51315, 0.4293, 1.099648], [0.5049, 0.42284999999999995, 1.090452], [0.49334999999999996, 0.4239, 1.0807719999999998], [0.49589999999999995, 0.41805000000000003, 1.078836], [0.486, 0.42164999999999997, 1.0737539999999999], [0.48434999999999995, 0.42314999999999997, 1.066978], [0.47745, 0.42119999999999996, 1.064316], [0.47759999999999997, 0.4188, 1.0609279999999999], [0.47759999999999997, 0.4221, 1.065284]]"
