"Sensor 5 Average (x, y, z)"
"[-0.030674999999999994, -0.00861, 0.10248700000000001]"
"[-0.5976300000000001, 0.14286000000000001, 1.2051116]"
