"Sensor 13 Measurement (x, y, z)"
"[[-0.020550000000000002, -0.0498, 0.09268599999999999], [-0.032549999999999996, -0.045149999999999996, 0.091476], [-0.02925, -0.04815, 0.084458], [-0.030899999999999997, -0.040049999999999995, 0.089782], [-0.03, -0.043949999999999996, 0.08228], [-0.02685, -0.046049999999999994, 0.08881399999999999], [-0.026699999999999998, -0.046799999999999994, 0.092928], [-0.030299999999999997, -0.0462, 0.09437999999999999], [-0.02775, -0.0441, 0.09559000000000001], [-0.02595, -0.0441, 0.084216]]"
"[[-0.51705, -0.5982, 0.939202], [-0.5151, -0.5906999999999999, 0.93775], [-0.5136000000000001, -0.59595, 0.934846], [-0.516, -0.6023999999999999, 0.9365399999999999], [-0.5176499999999999, -0.60315, 0.930974], [-0.52125, -0.60375, 0.939928], [-0.5201999999999999, -0.60675, 0.942106], [-0.52455, -0.6145499999999999, 0.94743], [-0.52965, -0.6174, 0.9367819999999999], [-0.53235, -0.6199499999999999, 0.9454940000000001]]"
