"Sensor 3 Measurement (x, y, z)"
"[[0.01755, -0.0513, 0.124146], [0.0183, -0.05565, 0.126808], [0.0141, -0.058199999999999995, 0.12075799999999999], [0.0177, -0.05594999999999999, 0.127776], [0.015899999999999997, -0.05805, 0.12245199999999999], [0.015149999999999999, -0.0585, 0.121968], [0.0189, -0.057449999999999994, 0.13527799999999998], [0.019649999999999997, -0.0573, 0.129712], [0.0114, -0.061799999999999994, 0.122694], [0.013349999999999999, -0.05535, 0.11616]]"
"[[0.28109999999999996, 0.5884499999999999, 1.52097], [0.2742, 0.58275, 1.5134679999999998], [0.25695, 0.57255, 1.50403], [0.24764999999999998, 0.5664, 1.4875740000000002], [0.23835, 0.55695, 1.469424], [0.2286, 0.54915, 1.4546620000000001], [0.22394999999999998, 0.5403, 1.436028], [0.21255, 0.53745, 1.4224759999999999], [0.20175, 0.52125, 1.407956], [0.19829999999999998, 0.5205, 1.394888]]"
