"Sensor 8 Average (x, y, z)"
"[0.00873, -0.010244999999999999, 0.13106719999999997]"
"[0.7619549999999999, 0.093255, 1.4191848]"
