"Sensor 6 Measurement (x, y, z)"
"[[0.0013499999999999999, -0.01875, 0.09171800000000001], [0.00495, -0.0174, 0.0968], [0.00435, -0.019649999999999997, 0.101156], [0.00405, -0.015899999999999997, 0.10430199999999999], [0.00285, -0.01935, 0.10430199999999999], [0.0021000000000000003, -0.01875, 0.103818], [-0.0025499999999999997, -0.0183, 0.103092], [0.0006, -0.0222, 0.10527], [-0.00165, -0.01815, 0.104544], [-0.0024, -0.01905, 0.11349799999999999]]"
"[[-0.24345, 0.14834999999999998, 1.5809859999999998], [-0.23445, 0.15209999999999999, 1.582922], [-0.24045, 0.15015, 1.5967159999999998], [-0.2376, 0.15105, 1.607848], [-0.2391, 0.15284999999999999, 1.614382], [-0.23354999999999998, 0.1455, 1.6315639999999998], [-0.2331, 0.1485, 1.6388239999999998], [-0.23729999999999998, 0.15015, 1.663992], [-0.22875, 0.14354999999999998, 1.662782], [-0.22875, 0.1362, 1.685046]]"
