"Sensor 14 Measurement (x, y, z)"
"[[-0.016349999999999996, -0.0294, 0.08228], [-0.020550000000000002, -0.0297, 0.08349], [-0.0213, -0.0294, 0.081554], [-0.022949999999999998, -0.03465, 0.092444], [-0.02355, -0.03315, 0.088088], [-0.0186, -0.0354, 0.092928], [-0.0222, -0.030899999999999997, 0.09075], [-0.02565, -0.028349999999999997, 0.08324799999999999], [-0.0165, -0.0315, 0.08228], [-0.02235, -0.028799999999999996, 0.08324799999999999]]"
"[[-0.2562, -0.75225, 1.26445], [-0.25289999999999996, -0.76035, 1.262514], [-0.24389999999999998, -0.7586999999999999, 1.27776], [-0.25365, -0.7606499999999999, 1.273646], [-0.25005, -0.7701, 1.282116], [-0.25605, -0.7713, 1.273888], [-0.25245, -0.7808999999999999, 1.278244], [-0.25934999999999997, -0.78675, 1.295426], [-0.26339999999999997, -0.78735, 1.2908279999999999], [-0.25934999999999997, -0.7935, 1.299298]]"
