"Sensor 16 Average (x, y, z)"
"[0.005895000000000008, -0.03507, 0.1212662]"
"[0.5578349999999999, -0.6817500000000001, 1.1316162]"
