"Sensor 7 Measurement (x, y, z)"
"[[0.01695, -0.061799999999999994, 0.128502], [0.0189, -0.06375, 0.124146], [0.015, -0.06764999999999999, 0.12221], [0.017849999999999998, -0.066, 0.12342], [0.0192, -0.0639, 0.121726], [0.0183, -0.062099999999999995, 0.13431], [0.0177, -0.0687, 0.12825999999999999], [0.0165, -0.060899999999999996, 0.12342], [0.0174, -0.06359999999999999, 0.128502], [0.00975, -0.06509999999999999, 0.12124199999999999]]"
"[[0.30255, 0.126, 1.785718], [0.31425, 0.1158, 1.798786], [0.32309999999999994, 0.11535, 1.81137], [0.33344999999999997, 0.1173, 1.826616], [0.33809999999999996, 0.10995, 1.8404099999999999], [0.34545, 0.1059, 1.8474279999999998], [0.3525, 0.10679999999999999, 1.867998], [0.369, 0.10635, 1.8793719999999998], [0.3756, 0.10425, 1.894618], [0.38459999999999994, 0.09689999999999999, 1.90575]]"
