"Sensor 15 Average (x, y, z)"
"[-0.010665000000000001, -0.034035, 0.1283568]"
"[0.18975, -0.8218500000000001, 1.384966]"
