"Sensor 16 Measurement (x, y, z)"
"[[-0.02205, -0.0249, 0.092444], [-0.0219, -0.028799999999999996, 0.09922], [-0.0195, -0.028799999999999996, 0.09607399999999999], [-0.0237, -0.024300000000000002, 0.093412], [-0.02655, -0.0297, 0.097042], [-0.02115, -0.02685, 0.109384], [-0.01815, -0.024300000000000002, 0.09873599999999999], [-0.0252, -0.02355, 0.093412], [-0.02145, -0.024599999999999997, 0.097768], [-0.0225, -0.02745, 0.10333400000000001]]"
"[[0.5239499999999999, -0.6838500000000001, 1.089726], [0.5244, -0.6837, 1.0865799999999999], [0.53145, -0.6771, 1.100132], [0.5256000000000001, -0.67335, 1.0984379999999998], [0.53115, -0.6698999999999999, 1.107634], [0.5313, -0.6675, 1.1199759999999999], [0.5265, -0.669, 1.1173140000000001], [0.53385, -0.67275, 1.1170719999999998], [0.53325, -0.66555, 1.124574], [0.5357999999999999, -0.66735, 1.1228799999999999]]"
