"Sensor 1 Average (x, y, z)"
"[-0.028770000000000007, 0.005355000000000001, 0.1211694]"
"[-0.60141, 0.60972, 1.3254582]"
