"Sensor 2 Measurement (x, y, z)"
"[[-0.0006, -0.017099999999999997, 0.10962599999999999], [-0.0039, -0.01275, 0.110836], [-0.0006, -0.015899999999999997, 0.10817399999999999], [-0.00435, -0.0114, 0.10962599999999999], [-0.008400000000000001, -0.017849999999999998, 0.10333400000000001], [-0.00465, -0.01695, 0.106964], [-0.00375, -0.013349999999999999, 0.10962599999999999], [-0.00015, -0.0198, 0.10357599999999999], [-0.0050999999999999995, -0.0096, 0.111078], [-0.003, -0.02235, 0.110352]]"
"[[-0.17685, 0.6759, 1.6439059999999999], [-0.17415, 0.6698999999999999, 1.6410019999999998], [-0.18345, 0.65715, 1.633258], [-0.192, 0.6564, 1.634952], [-0.192, 0.65025, 1.622368], [-0.19544999999999998, 0.64005, 1.60204], [-0.19815, 0.636, 1.604944], [-0.20775, 0.62775, 1.5896979999999998], [-0.21165, 0.62025, 1.5756620000000001], [-0.21209999999999998, 0.6123, 1.56332]]"
