"Sensor 7 Average (x, y, z)"
"[-0.007859999999999999, -0.008504999999999992, 0.1295184]"
"[0.31924499999999995, 0.166305, 1.8497512000000003]"
