"Sensor 6 Average (x, y, z)"
"[-0.021179999999999997, -0.008729999999999998, 0.11695859999999997]"
"[-0.25819500000000006, 0.15786000000000003, 1.6406148]"
