"Sensor 8 Measurement (x, y, z)"
"[[0.0099, -0.02745, 0.114708], [0.0075, -0.020550000000000002, 0.121968], [0.00525, -0.02265, 0.118822], [0.0129, -0.0219, 0.12124199999999999], [0.0126, -0.0264, 0.126808], [0.01035, -0.02445, 0.121726], [0.012, -0.024599999999999997, 0.12462999999999999], [0.012, -0.020099999999999996, 0.12438799999999998], [0.01425, -0.020849999999999997, 0.12438799999999998], [0.010199999999999999, -0.0282, 0.12221]]"
"[[0.7453500000000001, 0.0885, 1.394404], [0.753, 0.0843, 1.403116], [0.75855, 0.08505, 1.4055360000000001], [0.7607999999999999, 0.08535, 1.406262], [0.76455, 0.0789, 1.407956], [0.76515, 0.08055, 1.4084400000000001], [0.7729499999999999, 0.07934999999999999, 1.414974], [0.77685, 0.06825, 1.417878], [0.76845, 0.0717, 1.423686], [0.77355, 0.0759, 1.419814]]"
