"Sensor 10 Measurement (x, y, z)"
"[[-0.0192, -0.03825, 0.142296], [-0.01905, -0.0345, 0.141812], [-0.015, -0.032850000000000004, 0.13769800000000001], [-0.0192, -0.03375, 0.14399], [-0.01575, -0.038549999999999994, 0.138182], [-0.0207, -0.039, 0.14544200000000002], [-0.0183, -0.040799999999999996, 0.141086], [-0.0165, -0.0366, 0.144232], [-0.0255, -0.03675, 0.138182], [-0.018, -0.040799999999999996, 0.142054]]"
"[[-0.2325, -0.46545, 1.846702], [-0.2367, -0.46935, 1.8401679999999998], [-0.2355, -0.47264999999999996, 1.850574], [-0.23714999999999997, -0.4767, 1.85251], [-0.23804999999999998, -0.4797, 1.847186], [-0.23864999999999997, -0.48225, 1.844766], [-0.24284999999999998, -0.48795, 1.8411359999999999], [-0.24405, -0.4797, 1.833634], [-0.2448, -0.48584999999999995, 1.835812], [-0.24555, -0.4851, 1.8273419999999998]]"
