"Sensor 13 Average (x, y, z)"
"[-0.040124999999999994, -0.03289500000000001, 0.10285000000000001]"
"[-0.532785, -0.59274, 0.9522941999999999]"
