"Sensor 3 Average (x, y, z)"
"[-0.0024750000000000015, 0.0012449999999999961, 0.1284778]"
"[0.217665, 0.6117750000000001, 1.4648502]"
