"Sensor 11 Measurement (x, y, z)"
"[[0.02925, -0.016649999999999998, 0.14399], [0.03885, -0.012299999999999998, 0.134068], [0.0294, -0.018, 0.143748], [0.033299999999999996, -0.01275, 0.139392], [0.028349999999999997, -0.0156, 0.140844], [0.0375, -0.017099999999999997, 0.147136], [0.0285, -0.016800000000000002, 0.13842400000000002], [0.039299999999999995, -0.017849999999999998, 0.145684], [0.0354, -0.01575, 0.14035999999999998], [0.032549999999999996, -0.0165, 0.14253799999999997]]"
"[[0.3438, -0.45975, 1.7929779999999997], [0.342, -0.45735, 1.7869279999999998], [0.33509999999999995, -0.45015, 1.791768], [0.32894999999999996, -0.4452, 1.7825719999999998], [0.32189999999999996, -0.447, 1.7757960000000002], [0.3207, -0.43845, 1.786202], [0.3141, -0.43695, 1.7726499999999998], [0.30675, -0.4326, 1.7767639999999998], [0.3066, -0.4236, 1.767568], [0.3036, -0.42719999999999997, 1.7767639999999998]]"
