"Sensor 14 Average (x, y, z)"
"[-0.027915, -0.035969999999999995, 0.11707959999999999]"
"[-0.261645, -0.77703, 1.3108656]"
