"Sensor 9 Average (x, y, z)"
"[-0.041264999999999996, -0.025425000000000003, 0.11770879999999999]"
"[-0.688575, -0.39576000000000006, 1.4521694]"
