"Sensor 5 Measurement (x, y, z)"
"[[-0.02025, -0.015149999999999999, 0.097526], [-0.017099999999999997, -0.01425, 0.101398], [-0.013349999999999999, -0.00825, 0.10285], [-0.017849999999999998, -0.018, 0.093654], [-0.016050000000000002, -0.00885, 0.100672], [-0.016349999999999996, -0.0069, 0.103092], [-0.0156, -0.006149999999999999, 0.097284], [-0.02175, -0.015149999999999999, 0.095106], [-0.01695, -0.009, 0.10430199999999999], [-0.0228, -0.0135, 0.09970399999999999]]"
"[[-0.57975, 0.13185, 1.187252], [-0.5831999999999999, 0.13529999999999998, 1.192576], [-0.58335, 0.13319999999999999, 1.193786], [-0.5824499999999999, 0.1365, 1.184106], [-0.58815, 0.14204999999999998, 1.195238], [-0.57825, 0.1389, 1.198142], [-0.58425, 0.1452, 1.2066119999999998], [-0.59025, 0.1449, 1.214356], [-0.588, 0.14535, 1.221132], [-0.58995, 0.14625, 1.228634]]"
