"Sensor 3 Average (x, y, z)"
"[-0.35417999999999994, -0.25332, 0.197714]"
"[-0.35333999999999993, -0.2550299999999999, 0.207878]"
"[-0.3523200000000001, -0.25302, 0.2103464]"
"[-0.35379, -0.25431, 0.213686]"
"[-0.35123999999999994, -0.25413, 0.2098624]"
"[-0.35505, -0.25875, 0.2110724]"
"[-0.35381999999999997, -0.25983, 0.21615440000000002]"
"[-0.35244, -0.25854, 0.21736439999999999]"
"[-0.35412, -0.25973999999999997, 0.21538]"
