"Sensor 1 Average (x, y, z)"
"[-0.29447999999999996, 0.23375999999999997, 0.10759320000000001]"
"[-0.29264999999999997, 0.23435999999999998, 0.1242912]"
"[-0.29463000000000006, 0.23486999999999997, 0.11833799999999998]"
"[-0.29660999999999993, 0.23393999999999998, 0.1235652]"
"[-0.29502, 0.23562000000000002, 0.11901559999999997]"
"[-0.29528999999999994, 0.23738999999999993, 0.1206612]"
"[-0.29262, 0.23949000000000004, 0.12017720000000001]"
"[-0.29118, 0.23763, 0.1165472]"
"[-0.28955999999999993, 0.23714999999999997, 0.11911240000000001]"
