"Sensor 4 Average (x, y, z)"
"[0.34286999999999995, -0.40065, 0.33739639999999993]"
"[0.34523999999999994, -0.40353000000000006, 0.34862519999999997]"
"[0.34497, -0.40196999999999994, 0.34949639999999993]"
"[0.34506, -0.40113000000000004, 0.35065799999999997]"
"[0.34446000000000004, -0.40458, 0.35540120000000003]"
"[0.34659000000000006, -0.4019100000000001, 0.35632079999999994]"
"[0.34323000000000004, -0.4021199999999999, 0.36445199999999994]"
"[0.34365, -0.40212000000000003, 0.3632904]"
"[0.34497, -0.40497000000000005, 0.3649359999999999]"
