"Sensor 2 Average (x, y, z)"
"[0.24930000000000002, 0.34059, 0.19422920000000002]"
"[0.25128, 0.3423299999999999, 0.2085556]"
"[0.24932999999999997, 0.34017, 0.20603879999999997]"
"[0.25323, 0.34032, 0.2065712]"
"[0.25581, 0.33992999999999995, 0.20724879999999998]"
"[0.25392000000000003, 0.33597, 0.20608719999999997]"
"[0.25583999999999996, 0.34023000000000003, 0.20715199999999995]"
"[0.2568, 0.34092, 0.20681319999999997]"
"[0.25593, 0.3408299999999999, 0.20729720000000001]"
