Time,X,Y,Z,Displacement [mm]
2026-02-20T15:51:35.759,       0.00,        0.00,        0.00,        NaN
2026-02-20T15:51:35.760,       0.00,        0.00,        0.00,        NaN
2026-02-20T15:51:35.831,       0.00,        0.00,        0.00,        NaN
2026-02-20T15:51:45.804,        NaN,         NaN,         NaN,        NaN
2026-02-20T15:51:45.804,       0.00,        0.00,        0.00,       0.00
2026-02-20T15:51:46.320,       0.01,       -0.02,       -0.04,       0.05
2026-02-20T15:51:46.883,       0.01,       -0.01,       -0.06,       0.06
2026-02-20T15:51:47.435,      -0.00,       -0.01,        0.01,       0.01
2026-02-20T15:51:47.951,       0.01,        0.01,       -0.02,       0.03
2026-02-20T15:51:48.464,       0.00,       -0.01,       -0.02,       0.02
2026-02-20T15:51:48.981,      -0.00,       -0.01,       -0.05,       0.05
2026-02-20T15:51:49.497,      -0.00,       -0.01,       -0.00,       0.01
2026-02-20T15:51:50.015,       0.00,       -0.01,       -0.04,       0.04
2026-02-20T15:51:50.581,      -0.00,        0.00,       -0.01,       0.01
2026-02-20T15:51:51.144,       0.00,       -0.01,       -0.03,       0.03
2026-02-20T15:51:51.646,      -0.00,       -0.05,       -0.04,       0.06
2026-02-20T15:51:52.160,      -0.01,       -0.02,       -0.04,       0.05
2026-02-20T15:51:52.678,       0.01,        0.00,        0.00,       0.01
2026-02-20T15:51:53.192,      -0.01,       -0.01,       -0.00,       0.01
2026-02-20T15:51:53.711,      -0.01,       -0.02,       -0.06,       0.07
2026-02-20T15:51:54.258,      -0.00,       -0.02,       -0.02,       0.02
2026-02-20T15:51:54.775,       0.01,       -0.01,       -0.03,       0.03
2026-02-20T15:51:55.293,      -0.00,       -0.02,       -0.07,       0.07
2026-02-20T15:51:55.808,      -0.00,       -0.01,       -0.04,       0.04
2026-02-20T15:51:56.325,      -0.01,       -0.02,       -0.02,       0.03
2026-02-20T15:51:56.872,       0.01,       -0.04,       -0.04,       0.05
2026-02-20T15:51:57.391,       0.00,       -0.02,       -0.02,       0.03
2026-02-20T15:51:57.906,      -0.01,       -0.02,       -0.04,       0.04
2026-02-20T15:51:58.421,      -0.00,       -0.01,       -0.06,       0.06
2026-02-20T15:51:58.936,       0.01,       -0.03,       -0.02,       0.03
2026-02-20T15:51:59.438,      -0.00,       -0.01,       -0.02,       0.02
2026-02-20T15:51:59.954,       0.02,       -0.02,       -0.04,       0.05
2026-02-20T15:52:00.470,      -0.00,        0.00,        0.01,       0.01
2026-02-20T15:52:00.984,       0.01,       -0.02,       -0.06,       0.06
2026-02-20T15:52:01.487,       0.01,       -0.00,       -0.02,       0.02
2026-02-20T15:52:01.999,      -0.00,        0.01,       -0.02,       0.02
2026-02-20T15:52:02.516,       0.01,       -0.00,       -0.02,       0.02
2026-02-20T15:52:03.031,       0.00,       -0.02,       -0.03,       0.03
2026-02-20T15:52:03.565,       0.00,       -0.01,        0.01,       0.01
2026-02-20T15:52:04.080,      -0.01,       -0.02,        0.01,       0.02
2026-02-20T15:52:04.599,      -0.00,       -0.01,        0.00,       0.01
2026-02-20T15:52:05.116,       0.01,       -0.02,        0.00,       0.02
2026-02-20T15:52:05.629,       0.00,       -0.01,        0.01,       0.01
2026-02-20T15:52:06.195,       0.00,       -0.01,        0.01,       0.02
2026-02-20T15:52:06.711,       0.01,       -0.01,       -0.01,       0.02
2026-02-20T15:52:07.213,       0.00,        0.00,       -0.02,       0.02
2026-02-20T15:52:07.726,       0.01,       -0.03,       -0.06,       0.07
2026-02-20T15:52:08.242,       0.00,       -0.02,       -0.05,       0.05
2026-02-20T15:52:08.759,       0.02,       -0.01,       -0.00,       0.02
2026-02-20T15:52:09.277,       0.01,       -0.01,       -0.00,       0.02
2026-02-20T15:52:09.793,       0.00,       -0.02,       -0.00,       0.02
2026-02-20T15:52:10.308,       0.01,       -0.01,       -0.03,       0.03
2026-02-20T15:52:10.823,       0.00,        0.02,       -0.02,       0.03
2026-02-20T15:52:11.325,       0.01,        0.00,       -0.03,       0.03
2026-02-20T15:52:11.841,       0.00,       -0.01,       -0.01,       0.01
2026-02-20T15:52:12.356,       0.01,       -0.05,       -0.04,       0.06
2026-02-20T15:52:12.871,      -0.00,       -0.22,       -0.08,       0.24
2026-02-20T15:52:13.387,      -0.01,       -0.31,       -0.02,       0.31
2026-02-20T15:52:13.907,      -0.00,       -0.52,       -0.08,       0.52
2026-02-20T15:52:14.421,      -0.01,       -0.58,       -0.10,       0.59
2026-02-20T15:52:14.935,       0.02,       -0.74,       -0.03,       0.74
2026-02-20T15:52:15.487,       0.00,       -0.83,       -0.08,       0.83
2026-02-20T15:52:16.005,       0.01,       -1.05,       -0.03,       1.05
2026-02-20T15:52:16.518,       0.01,       -1.16,       -0.01,       1.16
2026-02-20T15:52:17.033,      -0.00,       -1.32,       -0.00,       1.32
2026-02-20T15:52:17.550,       0.01,       -1.44,        0.02,       1.44
2026-02-20T15:52:18.069,       0.02,       -1.61,        0.01,       1.61
2026-02-20T15:52:18.584,       0.01,       -1.65,        0.00,       1.65
2026-02-20T15:52:19.102,      -0.02,       -1.84,        0.07,       1.84
2026-02-20T15:52:19.647,      -0.00,       -1.94,        0.10,       1.95
2026-02-20T15:52:20.165,       0.01,       -2.12,        0.06,       2.12
2026-02-20T15:52:20.682,       0.00,       -2.20,        0.09,       2.20
2026-02-20T15:52:21.196,       0.00,       -2.34,        0.15,       2.35
2026-02-20T15:52:21.711,       0.01,       -2.40,        0.14,       2.40
2026-02-20T15:52:22.227,       0.02,       -2.51,        0.14,       2.51
2026-02-20T15:52:22.727,       0.01,       -2.54,        0.05,       2.54
2026-02-20T15:52:23.244,       0.00,       -2.55,        0.07,       2.56
2026-02-20T15:52:23.759,       0.01,       -2.58,        0.08,       2.58
2026-02-20T15:52:24.279,       0.01,       -2.59,        0.01,       2.59
2026-02-20T15:52:24.795,       0.00,       -2.56,        0.01,       2.56
2026-02-20T15:52:25.311,      -0.01,       -2.56,        0.03,       2.56
2026-02-20T15:52:25.824,      -0.00,       -2.55,       -0.02,       2.55
2026-02-20T15:52:26.340,      -0.01,       -2.54,        0.02,       2.54
2026-02-20T15:52:26.855,       0.01,       -2.56,       -0.01,       2.56
2026-02-20T15:52:27.374,       0.00,       -2.56,       -0.01,       2.56
2026-02-20T15:52:27.891,       0.01,       -2.54,       -0.00,       2.54
2026-02-20T15:52:28.438,       0.01,       -2.48,        0.05,       2.48
2026-02-20T15:52:28.957,       0.02,       -2.29,        0.09,       2.29
2026-02-20T15:52:29.473,       0.02,       -2.22,        0.09,       2.22
2026-02-20T15:52:29.989,      -0.00,       -1.99,        0.06,       1.99
2026-02-20T15:52:30.502,       0.01,       -1.90,        0.07,       1.90
2026-02-20T15:52:31.018,      -0.01,       -1.68,        0.06,       1.68
2026-02-20T15:52:31.520,       0.03,       -1.61,        0.04,       1.61
2026-02-20T15:52:32.036,       0.02,       -1.37,        0.00,       1.37
2026-02-20T15:52:32.549,       0.02,       -1.33,        0.08,       1.33
2026-02-20T15:52:33.065,       0.01,       -1.10,        0.03,       1.10
2026-02-20T15:52:33.582,       0.01,       -1.00,        0.04,       1.00
2026-02-20T15:52:34.101,       0.02,       -0.80,       -0.09,       0.81
2026-02-20T15:52:34.617,       0.02,       -0.61,       -0.06,       0.62
2026-02-20T15:52:35.131,       0.01,       -0.53,       -0.08,       0.54
2026-02-20T15:52:35.646,       0.01,       -0.36,       -0.01,       0.36
2026-02-20T15:52:36.148,       0.03,       -0.24,        0.03,       0.25
2026-02-20T15:52:36.662,       0.01,       -0.12,       -0.01,       0.13
2026-02-20T15:52:37.179,       0.02,       -0.05,       -0.00,       0.05
2026-02-20T15:52:37.694,       0.05,       -0.02,       -0.01,       0.05
2026-02-20T15:52:38.213,       0.03,       -0.02,       -0.01,       0.03
2026-02-20T15:52:38.730,       0.02,       -0.00,        0.01,       0.02
2026-02-20T15:52:39.245,       0.02,       -0.01,        0.02,       0.03
2026-02-20T15:52:39.758,       0.01,        0.00,       -0.05,       0.05
2026-02-20T15:52:40.275,       0.03,       -0.02,       -0.03,       0.04
2026-02-20T15:52:40.790,       0.03,        0.01,       -0.08,       0.08
2026-02-20T15:52:41.309,       0.03,        0.04,       -0.03,       0.06
2026-02-20T15:52:41.826,       0.04,        0.01,       -0.07,       0.08
2026-02-20T15:52:42.389,       0.04,        0.00,       -0.02,       0.04
2026-02-20T15:52:42.905,       0.02,        0.01,       -0.02,       0.03
2026-02-20T15:52:43.422,       0.00,        0.01,       -0.05,       0.05
2026-02-20T15:52:43.924,       0.01,       -0.01,       -0.02,       0.02
2026-02-20T15:52:44.437,       0.00,       -0.00,       -0.01,       0.01
2026-02-20T15:52:44.953,      -0.00,       -0.00,        0.02,       0.02
2026-02-20T15:52:45.469,       0.01,       -0.00,       -0.02,       0.02
2026-02-20T15:52:45.988,      -0.01,       -0.01,       -0.05,       0.05
2026-02-20T15:52:46.521,       0.01,       -0.01,       -0.10,       0.10
2026-02-20T15:52:47.084,       0.01,       -0.02,       -0.05,       0.06
2026-02-20T15:52:47.650,       0.02,       -0.14,       -0.07,       0.16
2026-02-20T15:52:48.152,       0.00,       -0.33,       -0.07,       0.34
2026-02-20T15:52:48.669,       0.03,       -0.44,       -0.10,       0.45
2026-02-20T15:52:49.181,       0.00,       -0.57,       -0.12,       0.58
2026-02-20T15:52:49.697,      -0.00,       -0.71,       -0.09,       0.72
2026-02-20T15:52:50.214,       0.01,       -0.89,       -0.07,       0.89
2026-02-20T15:52:50.732,       0.02,       -0.99,       -0.07,       0.99
2026-02-20T15:52:51.249,       0.01,       -1.15,       -0.02,       1.15
2026-02-20T15:52:51.763,       0.01,       -1.26,        0.01,       1.26
2026-02-20T15:52:52.278,       0.01,       -1.40,       -0.00,       1.40
2026-02-20T15:52:52.794,       0.01,       -1.51,       -0.01,       1.51
2026-02-20T15:52:53.314,       0.02,       -1.69,        0.03,       1.69
2026-02-20T15:52:53.829,       0.01,       -1.78,        0.00,       1.78
2026-02-20T15:52:54.343,      -0.00,       -1.88,        0.01,       1.88
2026-02-20T15:52:54.860,      -0.00,       -1.98,        0.08,       1.98
2026-02-20T15:52:55.374,       0.03,       -2.03,        0.06,       2.03
2026-02-20T15:52:55.894,       0.03,       -2.03,        0.03,       2.03
2026-02-20T15:52:56.410,       0.02,       -2.04,        0.03,       2.04
2026-02-20T15:52:56.926,       0.04,       -2.04,       -0.03,       2.04
2026-02-20T15:52:57.439,       0.01,       -2.03,        0.06,       2.03
2026-02-20T15:52:57.956,       0.01,       -2.03,       -0.00,       2.03
2026-02-20T15:52:58.471,       0.01,       -2.05,        0.02,       2.05
2026-02-20T15:52:58.971,       0.00,       -2.05,        0.01,       2.05
2026-02-20T15:52:59.507,      -0.00,       -2.07,        0.02,       2.07
2026-02-20T15:53:00.070,      -0.00,       -2.04,        0.07,       2.04
2026-02-20T15:53:00.585,       0.01,       -2.05,        0.05,       2.05
2026-02-20T15:53:01.087,       0.01,       -2.06,       -0.04,       2.06
2026-02-20T15:53:01.604,       0.01,       -2.07,       -0.01,       2.07
2026-02-20T15:53:02.117,       0.02,       -1.99,       -0.05,       1.99
2026-02-20T15:53:02.633,       0.02,       -1.79,        0.02,       1.79
2026-02-20T15:53:03.150,       0.03,       -1.70,        0.03,       1.70
2026-02-20T15:53:03.669,       0.00,       -1.49,        0.02,       1.49
2026-02-20T15:53:04.182,       0.03,       -1.42,        0.04,       1.42
2026-02-20T15:53:04.699,       0.03,       -1.26,       -0.02,       1.27
2026-02-20T15:53:05.214,       0.03,       -1.16,       -0.03,       1.17
2026-02-20T15:53:05.733,       0.05,       -1.06,       -0.04,       1.06
2026-02-20T15:53:06.251,       0.02,       -0.91,       -0.05,       0.91
2026-02-20T15:53:06.765,       0.03,       -0.75,       -0.01,       0.75
2026-02-20T15:53:07.279,      -0.01,       -0.61,       -0.14,       0.62
2026-02-20T15:53:07.795,       0.02,       -0.60,       -0.07,       0.61
2026-02-20T15:53:08.297,      -0.00,       -0.37,       -0.07,       0.37
2026-02-20T15:53:08.812,       0.03,       -0.24,       -0.01,       0.24
2026-02-20T15:53:09.326,       0.01,       -0.14,       -0.01,       0.14
2026-02-20T15:53:09.843,       0.04,       -0.09,       -0.03,       0.10
2026-02-20T15:53:10.358,       0.07,       -0.06,        0.00,       0.09
2026-02-20T15:53:10.878,       0.04,        0.01,       -0.01,       0.04
2026-02-20T15:53:11.394,       0.00,       -0.00,       -0.03,       0.03
2026-02-20T15:53:11.957,       0.03,       -0.03,       -0.02,       0.05
2026-02-20T15:53:12.459,       0.01,       -0.01,        0.00,       0.02
2026-02-20T15:53:12.975,      -0.00,       -0.02,        0.01,       0.02
2026-02-20T15:53:13.492,      -0.00,       -0.00,        0.02,       0.02
2026-02-20T15:53:14.004,       0.02,        0.02,       -0.04,       0.05
2026-02-20T15:53:14.520,       0.03,       -0.01,       -0.05,       0.06
2026-02-20T15:53:15.037,       0.04,       -0.02,       -0.00,       0.04
2026-02-20T15:53:15.555,       0.02,       -0.02,        0.02,       0.03
2026-02-20T15:53:16.071,       0.01,       -0.01,        0.01,       0.01
2026-02-20T15:53:16.636,       0.01,       -0.03,       -0.01,       0.03
2026-02-20T15:53:17.138,       0.02,       -0.01,        0.03,       0.04
2026-02-20T15:53:17.654,      -0.00,       -0.01,       -0.01,       0.02
2026-02-20T15:53:18.167,       0.04,        0.04,        0.01,       0.05
2026-02-20T15:53:18.684,       0.01,        0.26,       -0.05,       0.26
2026-02-20T15:53:19.199,       0.03,        0.35,       -0.08,       0.36
2026-02-20T15:53:19.717,       0.02,        0.47,       -0.06,       0.47
2026-02-20T15:53:20.235,       0.00,        0.56,       -0.00,       0.56
2026-02-20T15:53:20.747,       0.00,        0.74,       -0.01,       0.74
2026-02-20T15:53:21.263,       0.04,        0.84,        0.04,       0.84
2026-02-20T15:53:21.780,       0.01,        1.00,       -0.03,       1.01
2026-02-20T15:53:22.298,       0.04,        1.11,       -0.09,       1.12
2026-02-20T15:53:22.815,       0.02,        1.24,       -0.04,       1.24
2026-02-20T15:53:23.379,       0.05,        1.37,       -0.09,       1.37
2026-02-20T15:53:23.931,       0.02,        1.50,       -0.11,       1.51
2026-02-20T15:53:24.445,       0.04,        1.64,       -0.03,       1.65
2026-02-20T15:53:24.959,       0.02,        1.75,       -0.10,       1.75
2026-02-20T15:53:25.476,       0.02,        1.87,       -0.00,       1.87
2026-02-20T15:53:25.990,       0.04,        1.93,       -0.05,       1.93
2026-02-20T15:53:26.510,       0.03,        1.96,       -0.05,       1.97
2026-02-20T15:53:27.027,       0.02,        2.02,       -0.08,       2.02
2026-02-20T15:53:27.590,       0.03,        2.01,       -0.13,       2.01
2026-02-20T15:53:28.106,       0.02,        1.99,       -0.11,       2.00
2026-02-20T15:53:28.622,       0.01,        1.98,        0.01,       1.98
2026-02-20T15:53:29.125,      -0.00,        1.99,       -0.01,       1.99
2026-02-20T15:53:29.637,       0.01,        1.98,       -0.04,       1.98
2026-02-20T15:53:30.153,       0.00,        1.97,       -0.08,       1.98
2026-02-20T15:53:30.670,       0.00,        1.96,       -0.06,       1.96
2026-02-20T15:53:31.188,       0.01,        1.98,       -0.03,       1.98
2026-02-20T15:53:31.702,       0.00,        2.00,       -0.02,       2.00
2026-02-20T15:53:32.255,       0.01,        1.97,       -0.04,       1.97
2026-02-20T15:53:32.771,      -0.01,        1.97,       -0.05,       1.97
2026-02-20T15:53:33.287,       0.00,        1.88,       -0.09,       1.88
2026-02-20T15:53:33.800,       0.01,        1.68,       -0.03,       1.68
2026-02-20T15:53:34.317,       0.01,        1.63,       -0.01,       1.63
2026-02-20T15:53:34.832,       0.02,        1.43,        0.02,       1.43
2026-02-20T15:53:35.350,       0.01,        1.39,        0.01,       1.39
2026-02-20T15:53:35.867,       0.03,        1.19,       -0.03,       1.19
2026-02-20T15:53:36.415,       0.01,        1.15,       -0.06,       1.15
2026-02-20T15:53:36.932,       0.01,        1.03,       -0.05,       1.03
2026-02-20T15:53:37.448,       0.02,        0.87,       -0.03,       0.88
2026-02-20T15:53:37.965,      -0.00,        0.75,        0.05,       0.75
2026-02-20T15:53:38.478,      -0.01,        0.62,        0.01,       0.62
2026-02-20T15:53:38.994,      -0.00,        0.51,        0.05,       0.51
2026-02-20T15:53:39.511,       0.01,        0.40,        0.03,       0.41
2026-02-20T15:53:40.029,       0.02,        0.27,        0.01,       0.27
2026-02-20T15:53:40.543,       0.00,        0.15,        0.03,       0.15
2026-02-20T15:53:41.109,      -0.00,        0.05,       -0.01,       0.05
2026-02-20T15:53:41.624,       0.03,       -0.02,       -0.09,       0.09
2026-02-20T15:53:42.124,       0.07,        0.02,       -0.13,       0.15
2026-02-20T15:53:42.640,       0.04,       -0.01,       -0.06,       0.08
2026-02-20T15:53:43.157,       0.04,       -0.01,        0.01,       0.04
2026-02-20T15:53:43.675,       0.03,       -0.02,        0.00,       0.04
2026-02-20T15:53:44.191,       0.02,       -0.04,        0.01,       0.05
2026-02-20T15:53:44.708,       0.01,       -0.00,        0.01,       0.02
2026-02-20T15:53:45.221,       0.01,       -0.01,       -0.02,       0.02
2026-02-20T15:53:45.723,       0.01,       -0.03,       -0.06,       0.06
2026-02-20T15:53:46.240,       0.02,       -0.02,       -0.05,       0.05
2026-02-20T15:53:46.757,       0.01,       -0.02,       -0.05,       0.05
2026-02-20T15:53:47.268,       0.03,        0.00,       -0.02,       0.03
2026-02-20T15:53:47.784,       0.00,        0.01,        0.03,       0.03
2026-02-20T15:53:48.301,      -0.00,        0.01,       -0.02,       0.02
2026-02-20T15:53:48.820,       0.01,       -0.00,       -0.01,       0.01
2026-02-20T15:53:49.336,      -0.00,       -0.01,        0.02,       0.02
2026-02-20T15:53:49.852,       0.01,        0.00,        0.01,       0.01
2026-02-20T15:53:50.415,      -0.00,        0.00,        0.01,       0.01
2026-02-20T15:53:50.918,       0.02,       -0.01,        0.01,       0.02
2026-02-20T15:53:51.431,       0.01,       -0.02,       -0.02,       0.03
2026-02-20T15:53:51.948,       0.00,       -0.01,        0.00,       0.01
2026-02-20T15:53:52.463,       0.01,       -0.01,        0.01,       0.02
2026-02-20T15:53:52.981,      -0.02,       -0.05,        0.08,       0.10
2026-02-20T15:53:53.528,      -0.01,       -0.03,        0.20,       0.20
2026-02-20T15:53:54.045,       0.00,       -0.06,        0.38,       0.38
2026-02-20T15:53:54.563,       0.01,       -0.02,        0.39,       0.39
2026-02-20T15:53:55.079,      -0.02,       -0.06,        0.51,       0.51
2026-02-20T15:53:55.597,      -0.01,       -0.02,        0.63,       0.63
2026-02-20T15:53:56.109,      -0.02,       -0.05,        0.81,       0.82
2026-02-20T15:53:56.625,      -0.01,       -0.04,        0.83,       0.83
2026-02-20T15:53:57.142,      -0.01,       -0.06,        1.02,       1.02
2026-02-20T15:53:57.645,      -0.03,       -0.03,        1.15,       1.15
2026-02-20T15:53:58.157,      -0.02,       -0.04,        1.21,       1.21
2026-02-20T15:53:58.673,      -0.01,       -0.07,        1.37,       1.37
2026-02-20T15:53:59.189,      -0.02,       -0.02,        1.45,       1.45
2026-02-20T15:53:59.708,      -0.01,       -0.03,        1.52,       1.52
2026-02-20T15:54:00.223,      -0.01,       -0.05,        1.59,       1.59
2026-02-20T15:54:00.738,      -0.01,       -0.01,        1.63,       1.63
2026-02-20T15:54:01.290,      -0.01,       -0.04,        1.75,       1.75
2026-02-20T15:54:01.805,       0.00,       -0.03,        1.74,       1.74
2026-02-20T15:54:02.319,       0.01,       -0.02,        1.81,       1.81
2026-02-20T15:54:02.836,      -0.00,       -0.04,        1.91,       1.92
2026-02-20T15:54:03.351,      -0.01,       -0.03,        1.95,       1.95
2026-02-20T15:54:03.853,       0.00,       -0.04,        1.98,       1.98
2026-02-20T15:54:04.367,       0.02,       -0.03,        2.03,       2.03
2026-02-20T15:54:04.884,      -0.01,       -0.02,        1.95,       1.95
2026-02-20T15:54:05.398,      -0.00,       -0.01,        1.95,       1.95
2026-02-20T15:54:05.917,       0.01,       -0.01,        1.97,       1.97
2026-02-20T15:54:06.464,      -0.00,       -0.01,        1.97,       1.97
2026-02-20T15:54:06.981,      -0.01,        0.01,        2.01,       2.01
2026-02-20T15:54:07.499,      -0.00,       -0.02,        1.99,       1.99
2026-02-20T15:54:08.015,       0.00,       -0.00,        1.98,       1.98
2026-02-20T15:54:08.532,       0.00,        0.01,        1.99,       1.99
2026-02-20T15:54:09.078,       0.01,       -0.00,        1.96,       1.96
2026-02-20T15:54:09.598,       0.00,       -0.00,        1.96,       1.96
2026-02-20T15:54:10.110,       0.02,       -0.00,        1.97,       1.97
2026-02-20T15:54:10.627,       0.01,       -0.01,        2.01,       2.01
2026-02-20T15:54:11.142,       0.01,        0.00,        1.99,       1.99
2026-02-20T15:54:11.661,       0.00,       -0.02,        1.98,       1.98
2026-02-20T15:54:12.208,       0.00,        0.01,        1.96,       1.96
2026-02-20T15:54:12.725,       0.02,        0.02,        2.00,       2.00
2026-02-20T15:54:13.243,       0.01,       -0.02,        1.97,       1.97
2026-02-20T15:54:13.760,       0.00,       -0.03,        1.93,       1.93
2026-02-20T15:54:14.276,       0.01,       -0.00,        1.99,       1.99
2026-02-20T15:54:14.789,       0.01,        0.01,        2.01,       2.01
2026-02-20T15:54:15.305,      -0.00,       -0.00,        1.94,       1.94
2026-02-20T15:54:15.821,       0.02,       -0.00,        1.98,       1.98
2026-02-20T15:54:16.339,       0.01,        0.00,        1.98,       1.98
2026-02-20T15:54:16.855,      -0.00,       -0.02,        1.96,       1.96
2026-02-20T15:54:17.373,      -0.00,       -0.04,        1.89,       1.89
2026-02-20T15:54:17.885,       0.02,       -0.01,        1.73,       1.73
2026-02-20T15:54:18.401,       0.04,       -0.00,        1.51,       1.51
2026-02-20T15:54:18.904,       0.02,       -0.02,        1.45,       1.45
2026-02-20T15:54:19.420,       0.02,        0.01,        1.30,       1.30
2026-02-20T15:54:19.933,       0.03,       -0.01,        1.18,       1.18
2026-02-20T15:54:20.448,       0.02,       -0.03,        1.01,       1.01
2026-02-20T15:54:20.966,       0.02,       -0.02,        0.88,       0.88
2026-02-20T15:54:21.484,      -0.00,       -0.04,        0.81,       0.81
2026-02-20T15:54:22.047,       0.01,       -0.01,        0.69,       0.69
2026-02-20T15:54:22.550,       0.00,        0.01,        0.55,       0.55
2026-02-20T15:54:23.067,      -0.00,       -0.07,        0.48,       0.48
2026-02-20T15:54:23.579,       0.00,       -0.04,        0.33,       0.33
2026-02-20T15:54:24.095,       0.00,       -0.05,        0.23,       0.23
2026-02-20T15:54:24.612,       0.00,       -0.06,        0.14,       0.15
2026-02-20T15:54:25.130,       0.00,       -0.05,        0.07,       0.08
2026-02-20T15:54:25.696,       0.01,       -0.04,        0.08,       0.09
2026-02-20T15:54:26.242,      -0.01,       -0.07,        0.04,       0.08
2026-02-20T15:54:26.762,       0.01,       -0.04,       -0.03,       0.05
2026-02-20T15:54:27.278,      -0.00,       -0.01,       -0.01,       0.02
2026-02-20T15:54:27.791,       0.01,        0.01,        0.02,       0.03
2026-02-20T15:54:28.308,       0.01,       -0.01,       -0.00,       0.01
2026-02-20T15:54:28.823,       0.02,        0.00,        0.02,       0.02
2026-02-20T15:54:29.325,       0.00,       -0.02,        0.01,       0.02
2026-02-20T15:54:29.839,       0.00,       -0.02,        0.04,       0.04
2026-02-20T15:54:30.356,       0.00,       -0.01,       -0.01,       0.01
2026-02-20T15:54:30.871,       0.01,       -0.02,       -0.01,       0.02
2026-02-20T15:54:31.390,       0.01,       -0.02,        0.00,       0.02
2026-02-20T15:54:31.937,       0.00,       -0.03,       -0.01,       0.03
2026-02-20T15:54:32.453,       0.00,       -0.01,        0.00,       0.01
2026-02-20T15:54:32.971,       0.01,       -0.05,       -0.08,       0.10
2026-02-20T15:54:33.518,       0.00,       -0.05,       -0.20,       0.21
2026-02-20T15:54:34.035,      -0.02,       -0.07,       -0.27,       0.28
2026-02-20T15:54:34.551,      -0.01,       -0.04,       -0.37,       0.38
2026-02-20T15:54:35.070,       0.01,       -0.03,       -0.44,       0.44
2026-02-20T15:54:35.583,       0.00,       -0.03,       -0.56,       0.56
2026-02-20T15:54:36.135,       0.01,       -0.00,       -0.73,       0.73
2026-02-20T15:54:36.652,       0.01,       -0.03,       -0.84,       0.85
2026-02-20T15:54:37.167,       0.02,       -0.06,       -0.97,       0.97
2026-02-20T15:54:37.681,       0.01,       -0.04,       -1.11,       1.12
2026-02-20T15:54:38.182,      -0.00,       -0.05,       -1.25,       1.25
2026-02-20T15:54:38.700,       0.03,       -0.03,       -1.38,       1.38
2026-02-20T15:54:39.212,       0.03,       -0.09,       -1.47,       1.47
2026-02-20T15:54:39.764,       0.00,       -0.06,       -1.59,       1.59
2026-02-20T15:54:40.280,       0.01,       -0.07,       -1.72,       1.72
2026-02-20T15:54:40.797,      -0.00,       -0.10,       -1.77,       1.77
2026-02-20T15:54:41.310,       0.01,       -0.07,       -1.88,       1.88
2026-02-20T15:54:41.812,       0.03,       -0.07,       -1.93,       1.93
2026-02-20T15:54:42.328,       0.01,       -0.09,       -1.98,       1.98
2026-02-20T15:54:42.845,      -0.00,       -0.08,       -1.97,       1.97
2026-02-20T15:54:43.358,       0.01,       -0.11,       -2.02,       2.02
2026-02-20T15:54:43.873,       0.00,       -0.09,       -2.02,       2.02
2026-02-20T15:54:44.376,      -0.00,       -0.05,       -1.99,       1.99
2026-02-20T15:54:44.892,       0.00,       -0.05,       -2.03,       2.03
2026-02-20T15:54:45.405,       0.00,       -0.05,       -2.06,       2.06
2026-02-20T15:54:45.920,      -0.00,       -0.05,       -2.01,       2.01
2026-02-20T15:54:46.438,      -0.00,       -0.06,       -2.06,       2.06
2026-02-20T15:54:46.940,       0.01,       -0.04,       -2.04,       2.04
2026-02-20T15:54:47.453,      -0.01,       -0.04,       -2.06,       2.06
2026-02-20T15:54:47.969,       0.01,       -0.06,       -2.08,       2.08
2026-02-20T15:54:48.486,       0.00,       -0.06,       -2.05,       2.05
2026-02-20T15:54:48.988,      -0.01,       -0.05,       -2.08,       2.08
2026-02-20T15:54:49.501,      -0.01,       -0.04,       -2.07,       2.07
2026-02-20T15:54:50.017,      -0.00,       -0.04,       -2.02,       2.02
2026-02-20T15:54:50.534,      -0.00,       -0.05,       -2.06,       2.06
2026-02-20T15:54:51.052,      -0.00,       -0.04,       -2.05,       2.05
2026-02-20T15:54:51.598,      -0.01,       -0.04,       -2.01,       2.01
2026-02-20T15:54:52.117,      -0.01,       -0.04,       -2.03,       2.03
2026-02-20T15:54:52.634,      -0.01,       -0.04,       -2.06,       2.06
2026-02-20T15:54:53.147,       0.01,       -0.03,       -2.05,       2.05
2026-02-20T15:54:53.663,      -0.00,       -0.04,       -2.08,       2.08
2026-02-20T15:54:54.180,      -0.01,       -0.05,       -2.05,       2.05
2026-02-20T15:54:54.683,      -0.03,       -0.08,       -1.96,       1.96
2026-02-20T15:54:55.195,      -0.03,       -0.10,       -1.77,       1.78
2026-02-20T15:54:55.711,      -0.02,       -0.08,       -1.72,       1.72
2026-02-20T15:54:56.228,      -0.03,       -0.09,       -1.52,       1.52
2026-02-20T15:54:56.746,      -0.04,       -0.07,       -1.33,       1.33
2026-02-20T15:54:57.263,      -0.01,       -0.06,       -1.24,       1.24
2026-02-20T15:54:57.808,      -0.01,       -0.07,       -1.10,       1.10
2026-02-20T15:54:58.325,      -0.01,       -0.04,       -0.99,       1.00
2026-02-20T15:54:58.843,      -0.00,       -0.03,       -0.86,       0.86
2026-02-20T15:54:59.359,      -0.01,       -0.07,       -0.70,       0.70
2026-02-20T15:54:59.909,      -0.02,       -0.08,       -0.68,       0.68
2026-02-20T15:55:00.427,      -0.01,       -0.06,       -0.46,       0.47
2026-02-20T15:55:00.941,      -0.01,       -0.12,       -0.33,       0.35
2026-02-20T15:55:01.455,      -0.00,       -0.05,       -0.27,       0.27
2026-02-20T15:55:01.972,      -0.00,       -0.06,       -0.13,       0.14
2026-02-20T15:55:02.474,       0.01,       -0.05,       -0.08,       0.10
2026-02-20T15:55:03.055,      -0.00,       -0.05,       -0.05,       0.07
2026-02-20T15:55:03.602,      -0.02,       -0.04,       -0.05,       0.07
2026-02-20T15:55:04.104,       0.01,       -0.05,       -0.01,       0.05
2026-02-20T15:55:04.619,       0.02,        0.01,       -0.01,       0.02
2026-02-20T15:55:05.134,       0.02,       -0.01,       -0.00,       0.02
2026-02-20T15:55:05.650,       0.00,       -0.01,       -0.01,       0.02
2026-02-20T15:55:06.170,      -0.00,       -0.02,       -0.00,       0.02
2026-02-20T15:55:06.685,       0.00,       -0.01,        0.04,       0.04
2026-02-20T15:55:07.199,      -0.00,        0.01,        0.03,       0.03
2026-02-20T15:55:07.715,      -0.00,       -0.02,       -0.03,       0.03
2026-02-20T15:55:08.217,      -0.00,       -0.03,       -0.03,       0.04
2026-02-20T15:55:08.732,       0.01,       -0.03,        0.04,       0.06
2026-02-20T15:55:09.246,      -0.01,       -0.04,       -0.03,       0.05
2026-02-20T15:55:09.763,       0.00,       -0.03,       -0.01,       0.03
2026-02-20T15:55:10.278,      -0.00,       -0.02,       -0.00,       0.02
2026-02-20T15:55:10.780,       0.02,       -0.02,        0.00,       0.03
2026-02-20T15:55:11.294,       0.01,       -0.01,        0.01,       0.02
2026-02-20T15:55:11.811,       0.00,       -0.03,       -0.01,       0.03
2026-02-20T15:55:12.313,       0.00,       -0.00,       -0.04,       0.04
2026-02-20T15:55:12.829,       0.01,       -0.02,       -0.05,       0.05
2026-02-20T15:55:13.342,       0.01,       -0.01,       -0.04,       0.04
2026-02-20T15:55:13.859,       0.01,       -0.01,       -0.00,       0.02
2026-02-20T15:55:14.374,      -0.03,       -0.02,        0.01,       0.03
2026-02-20T15:55:14.876,      -0.13,       -0.02,       -0.04,       0.14
2026-02-20T15:55:15.390,      -0.26,        0.00,        0.02,       0.26
2026-02-20T15:55:15.906,      -0.38,       -0.00,        0.02,       0.38
2026-02-20T15:55:16.421,      -0.49,        0.01,        0.09,       0.49
2026-02-20T15:55:16.940,      -0.58,       -0.01,        0.03,       0.58
2026-02-20T15:55:17.457,      -0.65,       -0.00,        0.06,       0.65
2026-02-20T15:55:17.970,      -0.74,       -0.03,       -0.08,       0.75
2026-02-20T15:55:18.486,      -0.85,       -0.04,       -0.08,       0.85
2026-02-20T15:55:19.003,      -0.94,       -0.04,       -0.12,       0.95
2026-02-20T15:55:19.521,      -1.05,       -0.05,       -0.10,       1.05
2026-02-20T15:55:20.087,      -1.19,       -0.04,       -0.08,       1.19
2026-02-20T15:55:20.637,      -1.31,       -0.04,       -0.08,       1.32
2026-02-20T15:55:21.153,      -1.40,       -0.02,       -0.08,       1.41
2026-02-20T15:55:21.668,      -1.52,       -0.03,       -0.03,       1.52
2026-02-20T15:55:22.182,      -1.65,       -0.01,       -0.04,       1.65
2026-02-20T15:55:22.699,      -1.77,       -0.00,        0.01,       1.77
2026-02-20T15:55:23.201,      -1.88,       -0.02,        0.01,       1.89
2026-02-20T15:55:23.716,      -1.98,       -0.01,        0.00,       1.98
2026-02-20T15:55:24.230,      -2.02,       -0.01,        0.07,       2.03
2026-02-20T15:55:24.747,      -2.01,       -0.02,        0.05,       2.01
2026-02-20T15:55:25.262,      -2.00,       -0.02,        0.05,       2.00
2026-02-20T15:55:25.781,      -2.02,       -0.02,        0.02,       2.02
2026-02-20T15:55:26.327,      -1.99,       -0.01,        0.02,       1.99
2026-02-20T15:55:26.844,      -1.99,        0.01,        0.07,       1.99
2026-02-20T15:55:27.362,      -2.01,       -0.02,        0.02,       2.01
2026-02-20T15:55:27.878,      -2.01,        0.01,        0.02,       2.01
2026-02-20T15:55:28.395,      -2.01,       -0.02,        0.07,       2.01
2026-02-20T15:55:28.908,      -2.00,       -0.02,        0.08,       2.00
2026-02-20T15:55:29.410,      -2.00,       -0.01,        0.09,       2.00
2026-02-20T15:55:29.926,      -1.99,       -0.00,        0.04,       1.99
2026-02-20T15:55:30.440,      -1.99,       -0.00,        0.05,       1.99
2026-02-20T15:55:30.956,      -2.00,       -0.01,        0.03,       2.00
2026-02-20T15:55:31.458,      -1.98,       -0.01,        0.14,       1.99
2026-02-20T15:55:31.974,      -1.85,       -0.03,        0.06,       1.85
2026-02-20T15:55:32.489,      -1.74,       -0.02,        0.05,       1.74
2026-02-20T15:55:33.004,      -1.61,       -0.02,        0.04,       1.61
2026-02-20T15:55:33.519,      -1.46,       -0.03,       -0.00,       1.46
2026-02-20T15:55:34.021,      -1.37,       -0.04,       -0.09,       1.38
2026-02-20T15:55:34.536,      -1.23,       -0.04,       -0.11,       1.23
2026-02-20T15:55:35.051,      -1.09,       -0.03,       -0.06,       1.09
2026-02-20T15:55:35.567,      -1.01,       -0.04,       -0.02,       1.01
2026-02-20T15:55:36.087,      -0.89,       -0.04,       -0.03,       0.89
2026-02-20T15:55:36.634,      -0.75,       -0.04,        0.00,       0.75
2026-02-20T15:55:37.149,      -0.66,       -0.02,        0.04,       0.66
2026-02-20T15:55:37.669,      -0.51,       -0.01,        0.07,       0.51
2026-02-20T15:55:38.185,      -0.42,        0.00,        0.03,       0.42
2026-02-20T15:55:38.698,      -0.28,       -0.03,       -0.01,       0.28
2026-02-20T15:55:39.214,      -0.22,        0.00,        0.03,       0.22
2026-02-20T15:55:39.730,      -0.13,       -0.02,        0.03,       0.13
2026-02-20T15:55:40.248,      -0.05,       -0.03,        0.04,       0.07
2026-02-20T15:55:40.764,      -0.02,       -0.03,       -0.02,       0.04
2026-02-20T15:55:41.282,       0.00,       -0.01,       -0.02,       0.02
2026-02-20T15:55:41.794,       0.01,        0.00,        0.01,       0.01
2026-02-20T15:55:42.296,       0.00,       -0.01,        0.01,       0.02
2026-02-20T15:55:42.812,       0.00,       -0.03,        0.02,       0.03
2026-02-20T15:55:43.329,       0.01,        0.01,       -0.01,       0.02
2026-02-20T15:55:43.842,       0.01,        0.00,        0.02,       0.03
2026-02-20T15:55:44.358,       0.00,       -0.02,       -0.03,       0.03
2026-02-20T15:55:44.875,       0.01,       -0.03,       -0.00,       0.03
2026-02-20T15:55:45.393,       0.01,        0.01,        0.04,       0.04
2026-02-20T15:55:45.910,       0.00,       -0.01,       -0.03,       0.03
2026-02-20T15:55:46.424,       0.01,        0.01,       -0.02,       0.03
2026-02-20T15:55:46.938,       0.01,       -0.01,        0.03,       0.04
2026-02-20T15:55:47.454,       0.16,       -0.02,       -0.04,       0.16
2026-02-20T15:55:47.956,       0.25,       -0.04,       -0.03,       0.25
2026-02-20T15:55:48.471,       0.39,       -0.05,       -0.10,       0.41
2026-02-20T15:55:48.986,       0.50,       -0.04,       -0.06,       0.51
2026-02-20T15:55:49.502,       0.62,       -0.04,       -0.08,       0.63
2026-02-20T15:55:50.022,       0.74,       -0.04,       -0.10,       0.75
2026-02-20T15:55:50.537,       0.83,       -0.04,       -0.04,       0.83
2026-02-20T15:55:51.051,       0.93,       -0.01,       -0.05,       0.93
2026-02-20T15:55:51.568,       1.01,       -0.01,        0.02,       1.01
2026-02-20T15:55:52.083,       1.15,       -0.01,        0.09,       1.15
2026-02-20T15:55:52.585,       1.30,       -0.01,        0.01,       1.30
2026-02-20T15:55:53.099,       1.40,       -0.03,       -0.01,       1.40
2026-02-20T15:55:53.616,       1.48,       -0.04,        0.00,       1.48
2026-02-20T15:55:54.130,       1.62,       -0.02,       -0.00,       1.62
2026-02-20T15:55:54.650,       1.72,       -0.05,       -0.03,       1.72
2026-02-20T15:55:55.166,       1.83,       -0.03,       -0.04,       1.83
2026-02-20T15:55:55.679,       1.92,       -0.02,       -0.12,       1.93
2026-02-20T15:55:56.195,       1.97,       -0.05,       -0.19,       1.98
2026-02-20T15:55:56.712,       2.00,       -0.07,       -0.17,       2.01
2026-02-20T15:55:57.231,       2.02,       -0.04,       -0.17,       2.02
2026-02-20T15:55:57.777,       2.01,       -0.04,       -0.13,       2.02
2026-02-20T15:55:58.293,       2.00,       -0.05,       -0.16,       2.01
2026-02-20T15:55:58.810,       2.01,       -0.05,       -0.16,       2.02
2026-02-20T15:55:59.328,       2.02,       -0.05,       -0.16,       2.03
2026-02-20T15:55:59.843,       2.03,       -0.04,       -0.11,       2.03
2026-02-20T15:56:00.358,       2.02,       -0.06,       -0.18,       2.03
2026-02-20T15:56:00.873,       2.02,       -0.08,       -0.19,       2.03
2026-02-20T15:56:01.389,       2.02,       -0.05,       -0.20,       2.03
2026-02-20T15:56:01.909,       2.02,       -0.06,       -0.15,       2.02
2026-02-20T15:56:02.424,       2.02,       -0.05,       -0.14,       2.03
2026-02-20T15:56:02.988,       2.02,       -0.05,       -0.15,       2.03
2026-02-20T15:56:03.505,       2.02,       -0.04,       -0.16,       2.03
2026-02-20T15:56:04.008,       2.03,       -0.05,       -0.16,       2.04
2026-02-20T15:56:04.519,       1.99,       -0.03,       -0.12,       2.00
2026-02-20T15:56:05.036,       1.86,       -0.04,       -0.10,       1.87
2026-02-20T15:56:05.568,       1.73,       -0.03,       -0.08,       1.73
2026-02-20T15:56:06.084,       1.60,       -0.00,       -0.02,       1.60
2026-02-20T15:56:06.601,       1.46,       -0.02,       -0.01,       1.46
2026-02-20T15:56:07.103,       1.30,       -0.00,       -0.04,       1.30
2026-02-20T15:56:07.616,       1.18,       -0.01,       -0.00,       1.18
2026-02-20T15:56:08.132,       1.09,       -0.00,        0.05,       1.09
2026-02-20T15:56:08.649,       0.93,       -0.02,       -0.01,       0.93
2026-02-20T15:56:09.167,       0.85,       -0.03,       -0.07,       0.85
2026-02-20T15:56:09.683,       0.74,       -0.05,       -0.09,       0.74
2026-02-20T15:56:10.200,       0.62,       -0.05,       -0.11,       0.64
2026-02-20T15:56:10.713,       0.55,       -0.05,       -0.15,       0.57
2026-02-20T15:56:11.229,       0.42,       -0.03,       -0.15,       0.45
2026-02-20T15:56:11.731,       0.34,       -0.02,       -0.06,       0.34
2026-02-20T15:56:12.245,       0.26,       -0.02,       -0.03,       0.26
2026-02-20T15:56:12.760,       0.15,       -0.02,       -0.06,       0.17
2026-02-20T15:56:13.276,       0.11,       -0.01,       -0.06,       0.12
2026-02-20T15:56:13.796,       0.05,        0.00,       -0.01,       0.05
2026-02-20T15:56:14.311,       0.02,       -0.00,        0.01,       0.02
2026-02-20T15:56:14.825,      -0.01,       -0.00,       -0.01,       0.02
2026-02-20T15:56:15.342,      -0.00,       -0.01,       -0.01,       0.01
2026-02-20T15:56:15.857,       0.02,       -0.02,        0.01,       0.03
2026-02-20T15:56:16.376,       0.01,       -0.01,       -0.01,       0.01
2026-02-20T15:56:16.922,       0.00,       -0.02,        0.01,       0.02
2026-02-20T15:56:17.440,       0.02,       -0.01,        0.01,       0.03
2026-02-20T15:56:17.957,       0.02,       -0.02,        0.01,       0.02
2026-02-20T15:56:18.474,       0.01,       -0.01,       -0.01,       0.02
2026-02-20T15:56:18.991,       0.02,       -0.02,        0.01,       0.02
2026-02-20T15:56:19.503,       0.01,       -0.02,       -0.00,       0.02
2026-02-20T15:56:20.019,       0.01,       -0.01,        0.01,       0.02
2026-02-20T15:56:20.536,       0.02,       -0.02,       -0.03,       0.04
2026-02-20T15:56:21.054,       0.02,       -0.00,        0.01,       0.02
2026-02-20T15:56:21.570,       0.03,       -0.01,       -0.02,       0.03
2026-02-20T15:56:22.087,       0.01,       -0.00,       -0.01,       0.02
2026-02-20T15:56:22.600,       0.00,        0.00,        0.01,       0.01
2026-02-20T15:56:23.116,       0.01,       -0.01,        0.02,       0.02
2026-02-20T15:56:23.633,       0.01,       -0.01,       -0.00,       0.02
2026-02-20T15:56:24.164,       0.01,       -0.02,       -0.02,       0.03
2026-02-20T15:56:24.684,      -0.00,       -0.03,       -0.00,       0.03
2026-02-20T15:56:25.247,       0.00,       -0.01,       -0.00,       0.02
2026-02-20T15:56:25.813,      -0.00,       -0.00,        0.05,       0.05
2026-02-20T15:56:26.330,       0.02,       -0.02,       -0.01,       0.02
2026-02-20T15:56:26.849,       0.00,        0.01,        0.01,       0.01
2026-02-20T15:56:27.364,      -0.01,       -0.01,       -0.03,       0.04
2026-02-20T15:56:27.928,       0.00,       -0.01,       -0.01,       0.01
2026-02-20T15:56:28.443,       0.01,       -0.03,       -0.01,       0.03
2026-02-20T15:56:28.945,       0.01,       -0.03,        0.01,       0.03
2026-02-20T15:56:29.459,      -0.01,       -0.00,        0.01,       0.02
2026-02-20T15:56:29.976,      -0.00,       -0.03,       -0.02,       0.03
2026-02-20T15:56:30.491,      -0.01,       -0.01,        0.00,       0.01
2026-02-20T15:56:31.010,      -0.01,       -0.01,       -0.03,       0.03
2026-02-20T15:56:31.527,       0.01,       -0.01,       -0.01,       0.02
2026-02-20T15:56:32.040,       0.01,       -0.01,       -0.01,       0.02
2026-02-20T15:56:32.556,       0.02,       -0.00,        0.01,       0.02
2026-02-20T15:56:33.072,       0.01,        0.01,        0.03,       0.03
2026-02-20T15:56:33.591,       0.00,        0.00,        0.01,       0.01
2026-02-20T15:56:34.106,       0.00,       -0.00,        0.04,       0.04
2026-02-20T15:56:34.653,      -0.00,       -0.01,       -0.01,       0.02
2026-02-20T15:56:35.170,      -0.00,       -0.02,       -0.02,       0.03
2026-02-20T15:56:35.688,       0.02,       -0.04,        0.00,       0.04
2026-02-20T15:56:36.204,       0.01,       -0.03,       -0.03,       0.04
2026-02-20T15:56:36.719,       0.00,       -0.01,       -0.01,       0.01
2026-02-20T15:56:37.234,       0.02,       -0.00,        0.02,       0.03
2026-02-20T15:56:37.750,       0.01,       -0.02,        0.00,       0.02
2026-02-20T15:56:38.270,       0.01,       -0.00,       -0.00,       0.01
2026-02-20T15:56:38.785,      -0.00,       -0.01,        0.01,       0.02
2026-02-20T15:56:39.299,       0.01,       -0.02,       -0.01,       0.02
2026-02-20T15:56:39.815,       0.00,       -0.01,        0.00,       0.01
2026-02-20T15:56:40.330,       0.01,       -0.01,        0.03,       0.03
2026-02-20T15:56:40.849,      -0.01,       -0.02,       -0.02,       0.03
2026-02-20T15:56:41.366,      -0.00,       -0.00,       -0.01,       0.01
2026-02-20T15:56:41.929,      -0.00,        0.00,       -0.03,       0.03
2026-02-20T15:56:42.431,      -0.00,        0.00,       -0.03,       0.03
2026-02-20T15:56:42.947,      -0.00,       -0.01,       -0.01,       0.02
2026-02-20T15:56:43.464,       0.00,       -0.02,       -0.03,       0.04
2026-02-20T15:56:43.977,       0.01,       -0.01,       -0.03,       0.03
2026-02-20T15:56:44.493,       0.02,       -0.02,       -0.03,       0.04
2026-02-20T15:56:45.010,       0.01,       -0.01,        0.01,       0.02
2026-02-20T15:56:45.527,       0.00,       -0.01,       -0.02,       0.02
2026-02-20T15:56:46.043,      -0.01,        0.00,        0.01,       0.02
2026-02-20T15:56:46.558,      -0.00,        0.00,        0.01,       0.01
2026-02-20T15:56:47.110,       0.02,       -0.00,        0.03,       0.04
2026-02-20T15:56:47.625,       0.01,        0.00,        0.02,       0.02
2026-02-20T15:56:48.139,      -0.00,        0.01,        0.01,       0.02
2026-02-20T15:56:48.656,      -0.01,       -0.02,       -0.03,       0.04
2026-02-20T15:56:49.171,      -0.01,       -0.02,       -0.02,       0.03
2026-02-20T15:56:49.690,      -0.02,       -0.00,        0.01,       0.02
2026-02-20T15:56:50.207,      -0.01,       -0.03,       -0.04,       0.05
2026-02-20T15:56:50.720,      -0.00,       -0.03,       -0.06,       0.07
2026-02-20T15:56:51.235,       0.01,       -0.01,       -0.05,       0.05
2026-02-20T15:56:51.752,       0.02,        0.00,       -0.02,       0.03
2026-02-20T15:56:52.270,       0.01,       -0.02,        0.00,       0.03
2026-02-20T15:56:52.817,       0.02,       -0.03,       -0.00,       0.04
2026-02-20T15:56:53.333,       0.02,       -0.01,       -0.01,       0.02
2026-02-20T15:56:53.850,       0.02,       -0.00,       -0.04,       0.05
2026-02-20T15:56:54.369,       0.01,       -0.01,        0.02,       0.03
2026-02-20T15:56:54.884,       0.01,       -0.02,       -0.01,       0.03
2026-02-20T15:56:55.399,       0.03,       -0.02,       -0.03,       0.05
2026-02-20T15:56:55.914,       0.03,       -0.03,       -0.03,       0.05
2026-02-20T15:56:56.430,       0.01,       -0.02,       -0.01,       0.02
2026-02-20T15:56:56.949,       0.01,       -0.03,       -0.02,       0.03
2026-02-20T15:56:57.464,       0.02,       -0.02,        0.01,       0.03
2026-02-20T15:56:57.978,       0.01,       -0.01,        0.00,       0.02
2026-02-20T15:56:58.477,       0.03,       -0.01,        0.00,       0.03
2026-02-20T15:56:58.997,       0.01,       -0.02,       -0.03,       0.04
2026-02-20T15:56:59.512,      -0.00,       -0.01,       -0.00,       0.01
2026-02-20T15:57:00.026,      -0.00,       -0.02,       -0.01,       0.02
2026-02-20T15:57:00.543,       0.01,       -0.02,        0.04,       0.05
2026-02-20T15:57:01.058,       0.02,       -0.01,       -0.01,       0.02
2026-02-20T15:57:01.561,       0.01,       -0.01,        0.01,       0.01
2026-02-20T15:57:02.074,       0.00,       -0.00,       -0.01,       0.01
2026-02-20T15:57:02.591,       0.01,       -0.03,       -0.03,       0.04
2026-02-20T15:57:03.106,      -0.00,       -0.00,        0.00,       0.00
2026-02-20T15:57:03.625,      -0.00,       -0.01,       -0.01,       0.01
2026-02-20T15:57:04.141,       0.01,       -0.03,       -0.03,       0.04
2026-02-20T15:57:04.703,       0.01,       -0.02,       -0.03,       0.04
2026-02-20T15:57:05.206,       0.02,       -0.02,       -0.02,       0.04
2026-02-20T15:57:05.722,       0.01,       -0.00,        0.02,       0.02
2026-02-20T15:57:06.239,       0.00,       -0.00,        0.01,       0.01
2026-02-20T15:57:06.751,       0.01,       -0.00,        0.01,       0.01
2026-02-20T15:57:07.254,       0.01,       -0.01,       -0.02,       0.03
2026-02-20T15:57:07.770,       0.01,       -0.01,       -0.02,       0.03
2026-02-20T15:57:08.287,       0.01,       -0.03,       -0.02,       0.03
2026-02-20T15:57:08.799,      -0.00,       -0.01,       -0.03,       0.03
2026-02-20T15:57:09.302,       0.01,       -0.01,        0.03,       0.03
2026-02-20T15:57:09.818,       0.02,        0.00,       -0.01,       0.02
2026-02-20T15:57:10.335,       0.01,       -0.01,       -0.00,       0.01
2026-02-20T15:57:10.846,      -0.00,       -0.03,       -0.01,       0.03
2026-02-20T15:57:10.996,        NaN,         NaN,         NaN,        NaN
2026-02-20T15:57:13.731,        NaN,         NaN,         NaN,        NaN
2026-02-20T15:57:13.927,       0.01,        0.00,       -0.01,       0.02
2026-02-20T15:57:14.294,        NaN,         NaN,         NaN,        NaN
2026-02-20T15:57:15.926,        NaN,         NaN,         NaN,        NaN
2026-02-20T15:57:15.979,      -0.00,       -0.00,        0.01,       0.01
2026-02-20T15:57:16.494,      -0.02,       -0.01,       -0.02,       0.03
2026-02-20T15:57:17.007,      -0.02,        0.01,        0.04,       0.04
2026-02-20T15:57:17.525,      -0.03,       -0.00,        0.00,       0.03
2026-02-20T15:57:18.039,      -0.02,       -0.00,       -0.03,       0.03
2026-02-20T15:57:18.188,        NaN,         NaN,         NaN,        NaN
2026-02-20T15:57:28.281,        NaN,         NaN,         NaN,        NaN
2026-02-20T15:57:28.381,      -0.00,       -0.00,        0.02,       0.02
2026-02-20T15:57:28.895,      -0.02,        0.02,        0.08,       0.09
2026-02-20T15:57:29.412,      -0.01,        0.02,        0.04,       0.05
2026-02-20T15:57:29.927,      -0.01,        0.00,        0.06,       0.06
2026-02-20T15:57:30.429,      -0.02,       -0.00,        0.02,       0.03
2026-02-20T15:57:30.943,      -0.03,        0.01,        0.04,       0.05
2026-02-20T15:57:31.459,      -0.01,       -0.00,        0.04,       0.04
2026-02-20T15:57:31.974,      -0.02,        0.01,        0.04,       0.04
2026-02-20T15:57:32.493,      -0.01,        0.01,        0.02,       0.03
2026-02-20T15:57:33.010,       0.00,       -0.01,        0.01,       0.01
2026-02-20T15:57:33.523,      -0.01,        0.02,        0.03,       0.03
2026-02-20T15:57:34.038,      -0.00,       -0.00,       -0.00,       0.01
2026-02-20T15:57:34.541,      -0.00,        0.01,        0.00,       0.01
2026-02-20T15:57:35.058,      -0.01,        0.02,        0.05,       0.06
2026-02-20T15:57:35.571,      -0.02,        0.02,        0.08,       0.09
2026-02-20T15:57:36.087,      -0.02,       -0.00,        0.03,       0.03
2026-02-20T15:57:36.604,      -0.02,        0.01,        0.06,       0.06
2026-02-20T15:57:37.122,      -0.01,       -0.00,        0.07,       0.07
2026-02-20T15:57:37.639,      -0.01,        0.01,        0.06,       0.06
2026-02-20T15:57:38.204,      -0.00,        0.01,        0.04,       0.05
2026-02-20T15:57:38.754,      -0.02,        0.01,        0.04,       0.05
2026-02-20T15:57:39.269,      -0.02,       -0.00,       -0.00,       0.02
2026-02-20T15:57:39.782,      -0.01,        0.01,       -0.02,       0.03
2026-02-20T15:57:40.299,      -0.02,       -0.01,        0.03,       0.04
2026-02-20T15:57:40.802,      -0.01,        0.01,        0.03,       0.04
2026-02-20T15:57:41.317,      -0.02,        0.03,        0.06,       0.07
2026-02-20T15:57:41.830,      -0.01,        0.02,        0.06,       0.07
2026-02-20T15:57:42.348,      -0.02,        0.02,        0.04,       0.04
2026-02-20T15:57:42.863,      -0.03,        0.01,        0.04,       0.05
2026-02-20T15:57:43.364,      -0.03,        0.01,        0.05,       0.06
2026-02-20T15:57:43.878,      -0.02,        0.03,        0.05,       0.06
2026-02-20T15:57:44.395,      -0.01,        0.00,        0.05,       0.05
2026-02-20T15:57:44.909,      -0.01,        0.04,        0.08,       0.09
2026-02-20T15:57:45.444,      -0.01,        0.01,        0.05,       0.05
2026-02-20T15:57:45.962,      -0.01,        0.02,        0.05,       0.05
2026-02-20T15:57:46.509,      -0.02,        0.01,        0.05,       0.05
2026-02-20T15:57:47.025,      -0.00,        0.01,        0.03,       0.03
2026-02-20T15:57:47.542,      -0.02,        0.02,        0.01,       0.03
2026-02-20T15:57:48.060,      -0.02,        0.01,        0.04,       0.04
2026-02-20T15:57:48.576,      -0.01,        0.01,        0.06,       0.06
2026-02-20T15:57:49.090,      -0.00,        0.00,        0.02,       0.02
2026-02-20T15:57:49.605,      -0.01,        0.02,        0.05,       0.05
2026-02-20T15:57:50.121,      -0.01,       -0.00,        0.05,       0.05
2026-02-20T15:57:50.641,      -0.02,        0.00,       -0.01,       0.02
2026-02-20T15:57:51.188,      -0.01,        0.00,        0.02,       0.02
2026-02-20T15:57:51.702,      -0.01,        0.03,        0.05,       0.06
2026-02-20T15:57:52.222,      -0.01,       -0.00,        0.03,       0.03
2026-02-20T15:57:52.739,      -0.01,        0.02,        0.07,       0.08
2026-02-20T15:57:53.252,      -0.02,        0.01,        0.05,       0.05
2026-02-20T15:57:53.768,      -0.02,        0.00,        0.02,       0.03
2026-02-20T15:57:54.270,      -0.03,        0.00,       -0.00,       0.03
2026-02-20T15:57:54.786,      -0.02,       -0.00,        0.03,       0.04
2026-02-20T15:57:55.299,      -0.03,        0.01,        0.01,       0.03
2026-02-20T15:57:55.815,      -0.02,        0.01,        0.02,       0.03
2026-02-20T15:57:56.332,      -0.02,        0.03,        0.03,       0.05
2026-02-20T15:57:56.834,      -0.02,        0.03,        0.04,       0.05
2026-02-20T15:57:57.347,      -0.02,        0.00,        0.03,       0.04
2026-02-20T15:57:57.863,      -0.03,        0.01,        0.01,       0.03
2026-02-20T15:57:58.380,      -0.01,        0.02,        0.04,       0.04
2026-02-20T15:57:58.898,      -0.01,       -0.01,        0.00,       0.01
2026-02-20T15:57:59.445,      -0.00,        0.01,        0.00,       0.01
2026-02-20T15:57:59.960,      -0.01,        0.00,        0.03,       0.03
2026-02-20T15:58:00.478,      -0.01,        0.03,        0.00,       0.03
2026-02-20T15:58:00.995,      -0.03,        0.00,        0.02,       0.03
2026-02-20T15:58:01.542,      -0.01,        0.02,        0.02,       0.03
2026-02-20T15:58:02.061,      -0.01,        0.00,       -0.02,       0.02
2026-02-20T15:58:02.578,      -0.02,       -0.01,       -0.02,       0.03
2026-02-20T15:58:03.091,      -0.01,        0.00,        0.01,       0.02
2026-02-20T15:58:03.607,      -0.01,        0.02,        0.04,       0.04
2026-02-20T15:58:04.109,      -0.02,        0.04,        0.02,       0.04
2026-02-20T15:58:04.626,      -0.00,        0.01,        0.05,       0.05
2026-02-20T15:58:05.139,      -0.01,        0.00,        0.05,       0.06
2026-02-20T15:58:05.655,      -0.01,        0.00,        0.03,       0.03
2026-02-20T15:58:06.157,      -0.01,        0.02,        0.05,       0.05
2026-02-20T15:58:06.675,      -0.02,       -0.00,        0.04,       0.04
2026-02-20T15:58:07.187,      -0.02,       -0.00,        0.06,       0.06
2026-02-20T15:58:07.702,      -0.01,       -0.00,        0.03,       0.03
2026-02-20T15:58:08.218,      -0.01,        0.02,        0.02,       0.03
2026-02-20T15:58:08.738,      -0.01,        0.01,        0.06,       0.06
2026-02-20T15:58:09.303,      -0.00,        0.01,        0.02,       0.02
2026-02-20T15:58:09.868,      -0.00,        0.01,        0.06,       0.07
2026-02-20T15:58:10.370,      -0.02,       -0.00,        0.01,       0.02
2026-02-20T15:58:10.885,      -0.02,        0.02,        0.02,       0.03
2026-02-20T15:58:11.399,      -0.01,        0.01,        0.04,       0.04
2026-02-20T15:58:11.915,      -0.01,       -0.01,        0.03,       0.03
2026-02-20T15:58:12.417,      -0.01,        0.00,        0.04,       0.04
2026-02-20T15:58:12.932,      -0.01,        0.00,        0.04,       0.04
2026-02-20T15:58:13.446,      -0.02,        0.01,        0.01,       0.02
2026-02-20T15:58:13.963,      -0.02,        0.01,        0.04,       0.05
2026-02-20T15:58:14.465,      -0.01,        0.00,        0.03,       0.03
2026-02-20T15:58:14.978,      -0.02,        0.01,        0.07,       0.07
2026-02-20T15:58:15.494,      -0.01,       -0.01,        0.02,       0.02
2026-02-20T15:58:15.996,      -0.01,        0.02,        0.05,       0.05
2026-02-20T15:58:16.513,      -0.00,        0.03,        0.04,       0.05
2026-02-20T15:58:17.026,      -0.01,        0.01,        0.04,       0.05
2026-02-20T15:58:17.541,      -0.02,       -0.01,        0.03,       0.04
2026-02-20T15:58:18.058,      -0.01,        0.00,        0.02,       0.02
2026-02-20T15:58:18.561,      -0.02,        0.02,        0.07,       0.07
2026-02-20T15:58:19.074,      -0.02,        0.03,        0.06,       0.07
2026-02-20T15:58:19.590,      -0.01,       -0.01,        0.05,       0.05
2026-02-20T15:58:20.106,      -0.01,       -0.00,        0.02,       0.02
2026-02-20T15:58:20.624,      -0.02,        0.01,        0.03,       0.04
2026-02-20T15:58:21.140,      -0.02,        0.01,        0.03,       0.04
2026-02-20T15:58:21.657,      -0.02,        0.01,        0.00,       0.02
2026-02-20T15:58:22.169,      -0.01,        0.01,        0.01,       0.02
2026-02-20T15:58:22.672,      -0.01,        0.01,        0.01,       0.01
2026-02-20T15:58:23.188,      -0.02,        0.02,        0.03,       0.04
2026-02-20T15:58:23.705,      -0.00,        0.02,        0.05,       0.06
2026-02-20T15:58:24.217,      -0.01,       -0.00,        0.01,       0.02
2026-02-20T15:58:24.720,      -0.01,        0.02,        0.00,       0.03
2026-02-20T15:58:25.236,      -0.03,        0.01,        0.03,       0.04
2026-02-20T15:58:25.754,      -0.02,        0.01,        0.03,       0.04
2026-02-20T15:58:26.266,      -0.02,        0.01,        0.05,       0.06
2026-02-20T15:58:26.782,      -0.02,        0.03,        0.01,       0.03
2026-02-20T15:58:27.298,      -0.02,        0.02,        0.04,       0.05
2026-02-20T15:58:27.800,      -0.02,        0.01,        0.05,       0.06
2026-02-20T15:58:28.312,      -0.00,       -0.00,        0.03,       0.03
2026-02-20T15:58:28.829,      -0.00,        0.02,        0.05,       0.06
2026-02-20T15:58:29.345,      -0.01,        0.01,        0.01,       0.02
2026-02-20T15:58:29.864,      -0.03,        0.01,        0.08,       0.09
2026-02-20T15:58:30.377,      -0.01,        0.02,        0.04,       0.04
2026-02-20T15:58:30.895,      -0.01,        0.02,        0.04,       0.04
2026-02-20T15:58:31.410,      -0.01,        0.01,        0.04,       0.04
2026-02-20T15:58:31.926,      -0.00,        0.01,        0.02,       0.02
2026-02-20T15:58:32.446,      -0.01,        0.01,        0.05,       0.05
2026-02-20T15:58:32.993,      -0.02,        0.00,        0.03,       0.04
2026-02-20T15:58:33.508,      -0.02,        0.02,        0.05,       0.05
2026-02-20T15:58:34.026,      -0.01,        0.01,        0.03,       0.03
2026-02-20T15:58:34.543,      -0.01,        0.01,        0.02,       0.02
2026-02-20T15:58:35.055,      -0.01,       -0.01,        0.05,       0.06
2026-02-20T15:58:35.571,      -0.01,        0.02,        0.07,       0.07
2026-02-20T15:58:36.074,      -0.02,        0.01,        0.03,       0.04
2026-02-20T15:58:36.592,      -0.03,        0.00,        0.04,       0.04
2026-02-20T15:58:37.103,      -0.01,        0.02,        0.06,       0.06
2026-02-20T15:58:37.606,      -0.02,        0.00,        0.03,       0.04
2026-02-20T15:58:38.122,      -0.01,        0.00,        0.01,       0.02
2026-02-20T15:58:38.639,      -0.02,        0.01,        0.04,       0.04
2026-02-20T15:58:39.151,      -0.02,        0.01,        0.04,       0.04
2026-02-20T15:58:39.667,      -0.00,        0.01,        0.03,       0.03
2026-02-20T15:58:40.185,      -0.02,        0.01,        0.03,       0.04
2026-02-20T15:58:40.703,      -0.02,        0.01,       -0.02,       0.03
2026-02-20T15:58:41.218,      -0.01,        0.02,        0.06,       0.06
2026-02-20T15:58:41.782,      -0.02,        0.01,        0.04,       0.04
2026-02-20T15:58:42.285,      -0.03,       -0.00,        0.02,       0.03
2026-02-20T15:58:42.800,      -0.02,        0.01,        0.01,       0.03
2026-02-20T15:58:43.313,      -0.03,        0.01,       -0.00,       0.03
2026-02-20T15:58:43.830,      -0.01,        0.03,        0.07,       0.08
2026-02-20T15:58:44.345,      -0.03,        0.01,        0.07,       0.08
2026-02-20T15:58:44.865,      -0.03,        0.03,        0.04,       0.05
2026-02-20T15:58:45.382,      -0.01,        0.01,        0.02,       0.03
2026-02-20T15:58:45.944,      -0.02,        0.01,        0.04,       0.05
2026-02-20T15:58:46.446,      -0.01,       -0.00,        0.00,       0.01
2026-02-20T15:58:46.962,       0.01,        0.01,        0.06,       0.06
2026-02-20T15:58:47.479,      -0.02,        0.01,        0.04,       0.05
2026-02-20T15:58:47.992,      -0.02,        0.01,        0.00,       0.03
2026-02-20T15:58:48.494,      -0.01,        0.01,        0.03,       0.03
2026-02-20T15:58:49.010,      -0.01,        0.01,        0.02,       0.03
2026-02-20T15:58:49.527,      -0.01,        0.03,        0.01,       0.03
2026-02-20T15:58:50.039,      -0.00,        0.02,        0.01,       0.02
2026-02-20T15:58:50.542,      -0.02,        0.01,        0.02,       0.03
2026-02-20T15:58:51.057,      -0.01,        0.01,        0.05,       0.05
2026-02-20T15:58:51.575,      -0.03,       -0.02,        0.02,       0.04
2026-02-20T15:58:52.088,      -0.01,        0.01,        0.03,       0.04
2026-02-20T15:58:52.604,      -0.01,        0.01,        0.05,       0.06
2026-02-20T15:58:53.120,      -0.02,       -0.01,        0.01,       0.03
2026-02-20T15:58:53.622,      -0.00,       -0.01,        0.03,       0.03
2026-02-20T15:58:54.134,      -0.01,        0.00,        0.01,       0.02
2026-02-20T15:58:54.650,      -0.01,        0.00,        0.04,       0.04
2026-02-20T15:58:55.167,      -0.02,       -0.01,       -0.01,       0.02
2026-02-20T15:58:55.670,      -0.01,       -0.02,       -0.00,       0.02
2026-02-20T15:58:56.182,      -0.02,        0.00,        0.03,       0.03
2026-02-20T15:58:56.699,      -0.00,       -0.00,       -0.00,       0.00
2026-02-20T15:58:57.215,      -0.01,        0.01,       -0.01,       0.02
2026-02-20T15:58:57.734,      -0.02,       -0.00,        0.05,       0.05
2026-02-20T15:58:58.280,      -0.00,        0.01,        0.03,       0.03
2026-02-20T15:58:58.800,      -0.02,        0.01,        0.00,       0.02
2026-02-20T15:58:59.317,      -0.01,        0.03,       -0.01,       0.03
2026-02-20T15:58:59.828,      -0.02,        0.04,        0.06,       0.07
2026-02-20T15:59:00.344,      -0.03,        0.01,        0.02,       0.03
2026-02-20T15:59:00.862,      -0.02,        0.00,        0.00,       0.02
2026-02-20T15:59:01.376,      -0.02,       -0.01,        0.04,       0.05
2026-02-20T15:59:01.896,      -0.02,        0.01,        0.02,       0.03
2026-02-20T15:59:02.443,      -0.01,        0.01,        0.03,       0.03
2026-02-20T15:59:02.959,      -0.00,        0.01,        0.01,       0.02
2026-02-20T15:59:03.478,      -0.01,        0.02,        0.01,       0.02
2026-02-20T15:59:03.994,      -0.02,        0.02,        0.04,       0.05
2026-02-20T15:59:04.541,      -0.01,        0.01,        0.02,       0.02
2026-02-20T15:59:05.060,      -0.02,        0.00,        0.03,       0.03
2026-02-20T15:59:05.576,      -0.02,        0.02,        0.04,       0.05
2026-02-20T15:59:06.088,      -0.02,        0.02,        0.04,       0.05
2026-02-20T15:59:06.605,      -0.02,       -0.00,        0.05,       0.05
2026-02-20T15:59:07.108,      -0.01,        0.00,        0.04,       0.04
2026-02-20T15:59:07.640,      -0.01,       -0.00,       -0.02,       0.02
2026-02-20T15:59:08.157,      -0.02,        0.00,        0.03,       0.04
2026-02-20T15:59:08.703,      -0.02,        0.02,        0.02,       0.03
2026-02-20T15:59:09.222,       0.01,        0.02,        0.02,       0.03
2026-02-20T15:59:09.738,      -0.03,        0.01,        0.01,       0.03
2026-02-20T15:59:10.254,      -0.03,        0.02,        0.01,       0.03
2026-02-20T15:59:10.766,      -0.02,        0.01,        0.03,       0.03
2026-02-20T15:59:11.283,       0.00,        0.01,        0.06,       0.06
2026-02-20T15:59:11.799,       0.00,        0.01,        0.07,       0.07
2026-02-20T15:59:12.318,      -0.01,        0.01,        0.08,       0.09
2026-02-20T15:59:12.834,       0.00,       -0.00,        0.02,       0.02
2026-02-20T15:59:13.349,      -0.01,        0.03,        0.06,       0.07
2026-02-20T15:59:13.864,      -0.02,        0.00,        0.01,       0.02
2026-02-20T15:59:14.380,      -0.02,        0.00,        0.01,       0.02
2026-02-20T15:59:14.896,      -0.01,        0.00,       -0.02,       0.03
2026-02-20T15:59:15.415,      -0.02,       -0.00,        0.03,       0.04
2026-02-20T15:59:15.929,      -0.01,       -0.00,        0.04,       0.04
2026-02-20T15:59:16.445,       0.01,        0.02,        0.05,       0.05
2026-02-20T15:59:16.959,      -0.00,       -0.00,        0.06,       0.06
2026-02-20T15:59:17.462,      -0.01,       -0.00,        0.01,       0.02
2026-02-20T15:59:17.996,      -0.03,        0.01,        0.04,       0.05
2026-02-20T15:59:18.543,      -0.03,        0.01,        0.05,       0.05
2026-02-20T15:59:19.061,      -0.02,        0.01,        0.03,       0.04
2026-02-20T15:59:19.577,      -0.02,        0.01,        0.06,       0.06
2026-02-20T15:59:20.094,      -0.01,        0.03,        0.02,       0.04
2026-02-20T15:59:20.607,      -0.02,        0.03,        0.03,       0.04
2026-02-20T15:59:21.122,      -0.02,        0.02,        0.05,       0.06
2026-02-20T15:59:21.639,      -0.03,        0.03,        0.05,       0.06
2026-02-20T15:59:22.158,      -0.02,        0.01,        0.03,       0.04
2026-02-20T15:59:22.673,      -0.01,        0.00,        0.03,       0.03
2026-02-20T15:59:23.190,      -0.01,        0.03,        0.07,       0.08
2026-02-20T15:59:23.702,      -0.01,        0.02,        0.07,       0.07
2026-02-20T15:59:24.205,      -0.01,        0.00,        0.03,       0.03
2026-02-20T15:59:24.721,      -0.03,        0.01,       -0.03,       0.04
2026-02-20T15:59:25.238,      -0.02,        0.01,       -0.05,       0.05
2026-02-20T15:59:25.751,      -0.03,        0.00,        0.01,       0.04
2026-02-20T15:59:26.266,      -0.02,        0.01,        0.08,       0.08
2026-02-20T15:59:26.784,      -0.02,        0.02,        0.06,       0.06
2026-02-20T15:59:27.301,      -0.02,        0.02,        0.00,       0.03
2026-02-20T15:59:27.815,      -0.02,        0.01,        0.02,       0.03
2026-02-20T15:59:28.332,      -0.03,       -0.00,       -0.03,       0.05
2026-02-20T15:59:28.847,      -0.02,        0.01,        0.01,       0.03
2026-02-20T15:59:29.367,      -0.03,        0.01,        0.02,       0.04
2026-02-20T15:59:29.883,      -0.02,        0.01,        0.03,       0.04
2026-02-20T15:59:30.445,      -0.01,        0.01,        0.05,       0.05
2026-02-20T15:59:30.948,      -0.01,       -0.00,        0.02,       0.02
2026-02-20T15:59:31.464,      -0.02,        0.02,        0.03,       0.04
2026-02-20T15:59:31.981,      -0.02,        0.01,        0.03,       0.03
2026-02-20T15:59:32.493,      -0.02,        0.02,        0.05,       0.06
2026-02-20T15:59:33.010,      -0.01,       -0.01,        0.03,       0.03
2026-02-20T15:59:33.542,      -0.02,        0.01,        0.02,       0.03
2026-02-20T15:59:34.045,      -0.01,        0.02,        0.01,       0.02
2026-02-20T15:59:34.561,      -0.02,        0.01,        0.00,       0.03
2026-02-20T15:59:35.078,      -0.01,        0.01,        0.05,       0.05
2026-02-20T15:59:35.589,      -0.02,        0.01,        0.03,       0.04
2026-02-20T15:59:36.105,      -0.01,        0.02,        0.03,       0.04
2026-02-20T15:59:36.622,      -0.01,       -0.01,       -0.01,       0.02
2026-02-20T15:59:37.141,      -0.00,        0.02,       -0.00,       0.02
2026-02-20T15:59:37.657,      -0.04,       -0.00,        0.05,       0.06
2026-02-20T15:59:38.206,      -0.02,        0.01,        0.04,       0.05
2026-02-20T15:59:38.724,      -0.02,        0.01,        0.03,       0.04
2026-02-20T15:59:39.239,      -0.02,        0.02,        0.02,       0.03
2026-02-20T15:59:39.752,      -0.03,        0.00,        0.02,       0.03
2026-02-20T15:59:40.270,      -0.02,        0.00,        0.02,       0.03
2026-02-20T15:59:40.784,      -0.01,        0.00,       -0.02,       0.02
2026-02-20T15:59:41.284,      -0.02,        0.00,       -0.01,       0.02
2026-02-20T15:59:41.800,      -0.02,        0.00,        0.03,       0.04
2026-02-20T15:59:42.316,      -0.02,        0.01,        0.05,       0.05
2026-02-20T15:59:42.831,      -0.02,        0.01,        0.01,       0.03
2026-02-20T15:59:43.351,      -0.02,        0.00,        0.03,       0.04
2026-02-20T15:59:43.868,       0.00,       -0.01,       -0.02,       0.02
2026-02-20T15:59:44.380,      -0.01,        0.00,        0.01,       0.01
2026-02-20T15:59:44.897,      -0.02,        0.01,        0.02,       0.03
2026-02-20T15:59:45.414,      -0.00,       -0.00,        0.02,       0.02
2026-02-20T15:59:45.932,      -0.01,        0.00,        0.03,       0.03
2026-02-20T15:59:46.448,      -0.01,        0.01,        0.04,       0.05
2026-02-20T15:59:46.964,      -0.01,       -0.01,       -0.00,       0.02
2026-02-20T15:59:47.477,      -0.02,       -0.01,        0.02,       0.03
2026-02-20T15:59:47.980,      -0.01,        0.02,        0.04,       0.04
2026-02-20T15:59:48.495,      -0.00,        0.01,        0.02,       0.02
2026-02-20T15:59:49.012,      -0.00,       -0.01,       -0.02,       0.02
2026-02-20T15:59:49.524,      -0.00,        0.01,       -0.01,       0.01
2026-02-20T15:59:50.040,      -0.01,       -0.01,        0.02,       0.03
2026-02-20T15:59:50.558,      -0.02,       -0.01,        0.02,       0.03
2026-02-20T15:59:51.076,      -0.02,        0.02,        0.03,       0.04
2026-02-20T15:59:51.590,      -0.02,        0.01,        0.06,       0.07
2026-02-20T15:59:52.107,      -0.01,       -0.00,        0.00,       0.01
2026-02-20T15:59:52.621,      -0.01,        0.03,        0.04,       0.05
2026-02-20T15:59:53.138,      -0.01,        0.00,        0.07,       0.07
2026-02-20T15:59:53.657,      -0.01,        0.01,        0.03,       0.03
2026-02-20T15:59:54.173,      -0.01,        0.03,        0.06,       0.07
2026-02-20T15:59:54.687,      -0.02,        0.04,        0.06,       0.08
2026-02-20T15:59:55.203,      -0.01,        0.02,        0.06,       0.07
2026-02-20T15:59:55.717,      -0.02,       -0.00,        0.00,       0.02
2026-02-20T15:59:56.237,      -0.02,        0.01,        0.04,       0.05
2026-02-20T15:59:56.754,      -0.01,        0.01,        0.03,       0.04
2026-02-20T15:59:57.266,      -0.01,       -0.00,        0.03,       0.04
2026-02-20T15:59:57.782,      -0.01,        0.00,        0.03,       0.03
2026-02-20T15:59:58.285,      -0.01,       -0.00,        0.02,       0.02
2026-02-20T15:59:58.802,      -0.02,        0.02,        0.03,       0.04
2026-02-20T15:59:59.314,      -0.02,        0.01,        0.03,       0.03
2026-02-20T15:59:59.830,      -0.02,       -0.00,        0.01,       0.02
2026-02-20T16:00:00.348,      -0.01,       -0.00,        0.05,       0.05
2026-02-20T16:00:00.865,      -0.01,        0.00,        0.01,       0.01
2026-02-20T16:00:01.382,       0.00,        0.02,        0.01,       0.03
2026-02-20T16:00:01.928,      -0.01,        0.00,        0.02,       0.03
2026-02-20T16:00:02.444,      -0.01,        0.00,       -0.02,       0.02
2026-02-20T16:00:02.963,      -0.01,       -0.00,        0.01,       0.01
2026-02-20T16:00:03.479,      -0.02,        0.02,        0.07,       0.08
2026-02-20T16:00:03.993,      -0.02,        0.03,        0.04,       0.05
2026-02-20T16:00:04.508,      -0.01,        0.01,        0.06,       0.07
2026-02-20T16:00:05.024,      -0.02,        0.01,        0.03,       0.04
2026-02-20T16:00:05.545,      -0.02,       -0.00,        0.02,       0.03
2026-02-20T16:00:06.060,      -0.01,       -0.02,        0.01,       0.03
2026-02-20T16:00:06.573,      -0.01,       -0.00,        0.00,       0.01
2026-02-20T16:00:07.091,      -0.00,        0.00,        0.03,       0.03
2026-02-20T16:00:07.593,      -0.02,        0.00,        0.02,       0.03
2026-02-20T16:00:08.107,      -0.01,        0.03,        0.06,       0.07
2026-02-20T16:00:08.620,      -0.02,        0.01,        0.01,       0.02
2026-02-20T16:00:09.138,      -0.02,        0.03,        0.04,       0.05
2026-02-20T16:00:09.653,      -0.01,        0.03,        0.07,       0.08
2026-02-20T16:00:10.172,      -0.01,        0.02,        0.08,       0.08
2026-02-20T16:00:10.739,      -0.02,       -0.01,        0.03,       0.03
2026-02-20T16:00:11.301,      -0.02,       -0.00,        0.04,       0.05
2026-02-20T16:00:11.804,      -0.03,        0.02,        0.05,       0.06
2026-02-20T16:00:12.317,      -0.00,       -0.01,        0.05,       0.05
2026-02-20T16:00:12.833,      -0.01,       -0.01,        0.02,       0.02
2026-02-20T16:00:13.348,       0.01,       -0.01,       -0.00,       0.02
2026-02-20T16:00:13.864,      -0.02,        0.02,        0.05,       0.05
2026-02-20T16:00:14.364,      -0.01,        0.02,        0.02,       0.03
2026-02-20T16:00:14.881,      -0.02,        0.01,        0.03,       0.04
2026-02-20T16:00:15.397,      -0.02,        0.01,        0.02,       0.03
2026-02-20T16:00:15.916,      -0.01,       -0.00,        0.04,       0.04
2026-02-20T16:00:16.433,      -0.00,        0.01,        0.04,       0.04
2026-02-20T16:00:16.948,      -0.01,        0.01,        0.03,       0.03
2026-02-20T16:00:17.462,      -0.01,        0.00,        0.01,       0.01
2026-02-20T16:00:17.978,      -0.01,        0.03,        0.04,       0.05
2026-02-20T16:00:18.493,      -0.02,        0.01,       -0.00,       0.02
2026-02-20T16:00:18.996,      -0.02,       -0.00,        0.03,       0.04
2026-02-20T16:00:19.510,      -0.02,        0.02,        0.04,       0.05
2026-02-20T16:00:20.026,      -0.00,       -0.00,        0.03,       0.03
2026-02-20T16:00:20.541,       0.00,        0.02,        0.02,       0.02
2026-02-20T16:00:21.060,      -0.02,        0.01,        0.03,       0.04
2026-02-20T16:00:21.577,      -0.01,       -0.01,       -0.01,       0.02
2026-02-20T16:00:22.124,      -0.02,        0.02,        0.04,       0.05
2026-02-20T16:00:22.642,      -0.02,        0.01,        0.07,       0.07
2026-02-20T16:00:23.158,       0.00,        0.01,        0.02,       0.03
2026-02-20T16:00:23.675,      -0.01,        0.03,        0.03,       0.05
2026-02-20T16:00:24.187,      -0.01,        0.02,        0.05,       0.05
2026-02-20T16:00:24.704,      -0.02,        0.03,        0.05,       0.06
2026-02-20T16:00:25.206,      -0.01,        0.02,        0.05,       0.05
2026-02-20T16:00:25.723,      -0.00,        0.02,       -0.00,       0.02
2026-02-20T16:00:26.235,      -0.01,        0.02,        0.02,       0.03
2026-02-20T16:00:26.750,      -0.01,        0.00,        0.01,       0.01
2026-02-20T16:00:27.267,      -0.01,        0.02,        0.02,       0.03
2026-02-20T16:00:27.786,       0.00,        0.02,        0.00,       0.02
2026-02-20T16:00:28.332,      -0.00,        0.02,        0.03,       0.03
2026-02-20T16:00:28.852,      -0.01,       -0.01,       -0.00,       0.01
2026-02-20T16:00:29.369,      -0.02,        0.02,        0.06,       0.07
2026-02-20T16:00:29.881,      -0.00,        0.01,        0.04,       0.04
2026-02-20T16:00:30.397,      -0.01,        0.02,        0.04,       0.05
2026-02-20T16:00:30.742,        NaN,         NaN,         NaN,        NaN
2026-02-20T16:00:30.915,      -0.02,        0.00,        0.04,       0.03
2026-02-20T16:00:31.417,      -0.01,        0.01,        0.05,       0.01
2026-02-20T16:00:31.929,      -0.01,       -0.01,        0.04,       0.03
2026-02-20T16:00:32.444,      -0.00,        0.02,        0.02,       0.04
2026-02-20T16:00:32.961,      -0.01,        0.01,        0.03,       0.03
2026-02-20T16:00:33.479,      -0.01,        0.01,        0.01,       0.05
2026-02-20T16:00:34.046,      -0.01,       -0.01,        0.02,       0.05
2026-02-20T16:00:34.592,      -0.00,        0.01,        0.02,       0.04
2026-02-20T16:00:35.113,      -0.01,        0.01,        0.02,       0.04
2026-02-20T16:00:35.628,      -0.02,        0.01,        0.01,       0.05
2026-02-20T16:00:36.141,      -0.00,        0.02,        0.07,       0.03
2026-02-20T16:00:36.658,      -0.01,        0.01,        0.06,       0.01
2026-02-20T16:00:37.173,      -0.01,        0.00,        0.07,       0.02
2026-02-20T16:00:37.675,      -0.02,        0.00,        0.02,       0.04
2026-02-20T16:00:38.189,      -0.01,        0.00,        0.05,       0.02
2026-02-20T16:00:38.705,      -0.01,        0.01,        0.03,       0.03
2026-02-20T16:00:39.221,      -0.02,        0.01,        0.02,       0.04
2026-02-20T16:00:39.740,      -0.01,        0.00,        0.04,       0.03
2026-02-20T16:00:40.307,      -0.01,        0.00,        0.02,       0.04
2026-02-20T16:00:40.853,      -0.02,       -0.00,        0.02,       0.04
2026-02-20T16:00:41.371,      -0.01,        0.01,        0.03,       0.03
2026-02-20T16:00:41.885,      -0.00,        0.00,        0.05,       0.02
2026-02-20T16:00:42.401,      -0.02,       -0.00,        0.05,       0.02
2026-02-20T16:00:42.916,       0.01,        0.00,        0.01,       0.06
2026-02-20T16:00:43.436,       0.00,        0.00,        0.01,       0.05
2026-02-20T16:00:43.983,      -0.00,        0.01,        0.04,       0.03
2026-02-20T16:00:44.499,       0.00,       -0.01,       -0.01,       0.07
2026-02-20T16:00:45.018,       0.01,       -0.01,        0.01,       0.06
2026-02-20T16:00:45.534,      -0.01,        0.00,        0.03,       0.03
2026-02-20T16:00:46.052,      -0.02,       -0.00,        0.00,       0.06
2026-02-20T16:00:46.563,      -0.03,        0.01,        0.02,       0.04
2026-02-20T16:00:47.079,      -0.03,       -0.00,        0.00,       0.06
2026-02-20T16:00:47.581,      -0.03,        0.01,        0.03,       0.03
2026-02-20T16:00:48.098,      -0.01,       -0.00,        0.04,       0.03
2026-02-20T16:00:48.610,       0.00,        0.00,        0.02,       0.05
2026-02-20T16:00:49.127,      -0.02,        0.02,        0.09,       0.03
2026-02-20T16:00:49.643,      -0.00,        0.01,        0.03,       0.04
2026-02-20T16:00:50.162,      -0.03,       -0.01,        0.00,       0.06
2026-02-20T16:00:50.709,      -0.01,        0.01,        0.02,       0.04
2026-02-20T16:00:51.225,      -0.01,        0.01,       -0.02,       0.08
2026-02-20T16:00:51.745,      -0.01,        0.03,        0.07,       0.02
2026-02-20T16:00:52.260,      -0.01,        0.01,        0.06,       0.01
2026-02-20T16:00:52.806,       0.01,        0.02,        0.06,       0.03
2026-02-20T16:00:53.325,      -0.02,        0.01,        0.01,       0.05
2026-02-20T16:00:53.842,      -0.03,        0.00,        0.02,       0.04
2026-02-20T16:00:54.389,      -0.03,        0.03,        0.03,       0.03
2026-02-20T16:00:54.907,      -0.02,       -0.00,        0.03,       0.03
2026-02-20T16:00:55.423,      -0.01,        0.00,        0.01,       0.05
2026-02-20T16:00:55.940,      -0.02,        0.01,        0.02,       0.04
2026-02-20T16:00:56.453,      -0.02,        0.01,        0.02,       0.04
2026-02-20T16:00:56.955,      -0.01,        0.02,        0.05,       0.01
2026-02-20T16:00:57.471,      -0.02,       -0.00,        0.01,       0.05
2026-02-20T16:00:57.988,      -0.03,        0.01,        0.03,       0.03
2026-02-20T16:00:58.500,      -0.03,       -0.02,        0.04,       0.04
2026-02-20T16:00:59.015,      -0.01,        0.02,        0.06,       0.01
2026-02-20T16:00:59.518,      -0.02,        0.02,        0.06,       0.01
2026-02-20T16:01:00.035,      -0.02,        0.03,       -0.00,       0.06
2026-02-20T16:01:00.585,      -0.02,        0.02,        0.02,       0.04
2026-02-20T16:01:01.100,      -0.03,       -0.01,        0.02,       0.04
2026-02-20T16:01:01.613,      -0.03,        0.02,        0.01,       0.05
2026-02-20T16:01:02.130,      -0.02,        0.01,        0.03,       0.03
2026-02-20T16:01:02.633,      -0.03,        0.02,        0.03,       0.03
2026-02-20T16:01:03.165,      -0.03,        0.01,        0.00,       0.06
2026-02-20T16:01:03.682,      -0.03,        0.03,        0.02,       0.04
2026-02-20T16:01:04.244,      -0.02,        0.01,        0.03,       0.03
2026-02-20T16:01:04.746,      -0.03,        0.00,        0.07,       0.01
2026-02-20T16:01:05.262,      -0.02,        0.02,        0.03,       0.03
2026-02-20T16:01:05.779,      -0.02,        0.04,        0.08,       0.03
2026-02-20T16:01:06.291,      -0.01,        0.03,        0.08,       0.03
2026-02-20T16:01:06.808,      -0.01,       -0.00,       -0.01,       0.08
2026-02-20T16:01:07.310,      -0.03,       -0.00,        0.02,       0.05
2026-02-20T16:01:07.827,      -0.01,        0.02,        0.07,       0.01
2026-02-20T16:01:08.339,      -0.02,        0.01,        0.02,       0.04
2026-02-20T16:01:08.856,      -0.02,        0.03,        0.07,       0.02
2026-02-20T16:01:09.372,      -0.02,        0.01,        0.02,       0.04
2026-02-20T16:01:09.890,      -0.02,       -0.00,        0.02,       0.04
2026-02-20T16:01:10.436,      -0.02,        0.00,        0.03,       0.04
2026-02-20T16:01:10.956,      -0.01,        0.00,       -0.03,       0.10
2026-02-20T16:01:11.473,      -0.01,        0.02,        0.01,       0.05
2026-02-20T16:01:12.019,      -0.03,        0.00,        0.01,       0.05
2026-02-20T16:01:12.534,      -0.03,        0.02,       -0.01,       0.07
2026-02-20T16:01:13.054,      -0.03,        0.00,        0.02,       0.05
2026-02-20T16:01:13.571,      -0.01,        0.02,        0.06,       0.02
2026-02-20T16:01:14.083,      -0.01,        0.01,        0.05,       0.02
2026-02-20T16:01:14.600,      -0.02,        0.01,       -0.00,       0.06
2026-02-20T16:01:15.102,      -0.01,        0.03,        0.02,       0.04
2026-02-20T16:01:15.619,      -0.02,        0.02,        0.05,       0.01
2026-02-20T16:01:16.130,      -0.02,        0.02,        0.03,       0.03
2026-02-20T16:01:16.646,      -0.02,        0.02,        0.03,       0.03
2026-02-20T16:01:17.163,      -0.02,        0.04,        0.01,       0.06
2026-02-20T16:01:17.666,      -0.02,        0.01,       -0.02,       0.08
2026-02-20T16:01:18.178,      -0.03,        0.02,       -0.00,       0.06
2026-02-20T16:01:18.695,      -0.03,        0.02,        0.03,       0.03
2026-02-20T16:01:19.197,      -0.03,        0.02,        0.06,       0.01
2026-02-20T16:01:19.714,      -0.02,        0.02,        0.10,       0.04
2026-02-20T16:01:20.226,      -0.02,        0.03,        0.05,       0.02
2026-02-20T16:01:20.729,      -0.03,       -0.01,        0.02,       0.04
2026-02-20T16:01:21.245,      -0.02,        0.02,        0.01,       0.05
2026-02-20T16:01:21.762,      -0.01,        0.02,        0.01,       0.06
2026-02-20T16:01:22.274,       0.00,        0.02,        0.07,       0.03
2026-02-20T16:01:22.777,      -0.02,        0.01,        0.03,       0.03
2026-02-20T16:01:23.293,      -0.01,        0.02,        0.05,       0.02
2026-02-20T16:01:23.810,      -0.02,        0.01,        0.03,       0.03
2026-02-20T16:01:24.355,      -0.02,        0.01,       -0.01,       0.07
2026-02-20T16:01:24.874,      -0.03,        0.01,        0.01,       0.05
2026-02-20T16:01:25.388,      -0.01,        0.02,        0.02,       0.04
2026-02-20T16:01:25.939,      -0.02,        0.02,       -0.01,       0.07
2026-02-20T16:01:26.456,      -0.00,        0.03,        0.03,       0.04
2026-02-20T16:01:26.969,      -0.02,        0.01,        0.03,       0.03
2026-02-20T16:01:27.485,      -0.02,        0.02,        0.05,       0.01
2026-02-20T16:01:27.988,      -0.03,        0.02,       -0.03,       0.09
2026-02-20T16:01:28.505,      -0.01,        0.00,       -0.01,       0.07
2026-02-20T16:01:29.017,      -0.02,        0.03,       -0.00,       0.06
2026-02-20T16:01:29.533,      -0.02,       -0.00,       -0.01,       0.07
2026-02-20T16:01:30.035,      -0.02,       -0.01,       -0.04,       0.10
2026-02-20T16:01:30.551,      -0.03,       -0.00,        0.01,       0.05
2026-02-20T16:01:31.064,      -0.02,        0.00,        0.03,       0.04
2026-02-20T16:01:31.580,      -0.02,        0.03,        0.06,       0.01
2026-02-20T16:01:32.097,      -0.02,        0.01,        0.04,       0.02
2026-02-20T16:01:32.616,      -0.02,        0.01,        0.01,       0.05
2026-02-20T16:01:33.162,      -0.03,       -0.00,       -0.01,       0.07
2026-02-20T16:01:33.678,      -0.02,       -0.00,        0.02,       0.05
2026-02-20T16:01:34.196,      -0.03,        0.03,        0.05,       0.02
2026-02-20T16:01:34.698,      -0.03,        0.02,        0.03,       0.03
2026-02-20T16:01:35.210,      -0.01,        0.01,        0.04,       0.02
2026-02-20T16:01:35.713,      -0.01,        0.03,        0.04,       0.03
2026-02-20T16:01:36.229,      -0.01,        0.01,        0.03,       0.03
2026-02-20T16:01:36.743,      -0.02,        0.01,       -0.01,       0.07
2026-02-20T16:01:37.257,      -0.02,       -0.01,        0.00,       0.06
2026-02-20T16:01:37.760,      -0.02,        0.02,       -0.02,       0.08
2026-02-20T16:01:38.276,      -0.03,        0.01,       -0.02,       0.08
2026-02-20T16:01:38.790,        NaN,         NaN,         NaN,        NaN
2026-02-20T16:01:39.304,        NaN,         NaN,         NaN,        NaN
2026-02-20T16:01:39.822,        NaN,         NaN,         NaN,        NaN
2026-02-20T16:01:40.339,        NaN,         NaN,         NaN,        NaN
2026-02-20T16:01:40.855,        NaN,         NaN,         NaN,        NaN
2026-02-20T16:01:41.371,        NaN,         NaN,         NaN,        NaN
2026-02-20T16:01:41.934,        NaN,         NaN,         NaN,        NaN
2026-02-20T16:01:42.439,      -0.03,        0.03,       -0.04,       0.10
2026-02-20T16:01:42.951,      -0.03,        0.03,        0.00,       0.06
2026-02-20T16:01:43.468,      -0.02,        0.03,        0.02,       0.04
2026-02-20T16:01:43.970,      -0.02,       -0.01,        0.00,       0.06
2026-02-20T16:01:44.487,      -0.03,       -0.01,        0.01,       0.06
2026-02-20T16:01:44.999,      -0.03,        0.02,        0.00,       0.06
2026-02-20T16:01:45.502,      -0.02,        0.01,       -0.00,       0.06
2026-02-20T16:01:46.018,      -0.04,        0.02,        0.02,       0.04
2026-02-20T16:01:46.535,      -0.02,        0.02,        0.01,       0.05
2026-02-20T16:01:47.082,      -0.03,        0.02,        0.02,       0.04
2026-02-20T16:01:47.600,      -0.03,        0.03,        0.02,       0.04
2026-02-20T16:01:48.116,      -0.03,        0.02,       -0.01,       0.07
2026-02-20T16:01:48.633,      -0.02,        0.03,       -0.02,       0.08
2026-02-20T16:01:49.181,      -0.03,        0.03,        0.04,       0.02
2026-02-20T16:01:49.697,      -0.04,        0.02,       -0.02,       0.08
2026-02-20T16:01:50.211,      -0.02,        0.02,        0.05,       0.01
2026-02-20T16:01:50.713,      -0.03,        0.01,        0.03,       0.03
2026-02-20T16:01:51.230,      -0.01,       -0.01,       -0.02,       0.08
2026-02-20T16:01:51.745,      -0.01,       -0.00,       -0.01,       0.07
2026-02-20T16:01:52.292,      -0.02,        0.00,        0.00,       0.06
2026-02-20T16:01:52.811,      -0.05,       -0.00,       -0.04,       0.10
2026-02-20T16:01:53.327,      -0.02,       -0.00,       -0.03,       0.09
2026-02-20T16:01:53.841,      -0.01,        0.02,        0.01,       0.05
2026-02-20T16:01:54.356,      -0.01,        0.01,       -0.00,       0.06
2026-02-20T16:01:54.858,      -0.03,        0.02,        0.03,       0.03
2026-02-20T16:01:55.375,      -0.02,        0.01,        0.02,       0.04
2026-02-20T16:01:55.888,      -0.04,        0.01,        0.03,       0.03
2026-02-20T16:01:56.404,      -0.03,        0.01,       -0.02,       0.08
2026-02-20T16:01:56.906,      -0.03,        0.03,       -0.01,       0.07
2026-02-20T16:01:57.423,      -0.03,       -0.00,        0.03,       0.03
2026-02-20T16:01:57.936,      -0.02,        0.02,       -0.00,       0.06
2026-02-20T16:01:58.452,      -0.02,        0.01,        0.01,       0.05
2026-02-20T16:01:58.968,      -0.02,       -0.02,        0.01,       0.05
2026-02-20T16:01:59.471,      -0.03,       -0.01,        0.01,       0.06
2026-02-20T16:01:59.983,      -0.02,        0.00,        0.02,       0.05
2026-02-20T16:02:00.499,      -0.02,        0.03,        0.01,       0.05
2026-02-20T16:02:01.001,      -0.02,        0.02,       -0.02,       0.08
2026-02-20T16:02:01.519,      -0.02,        0.00,        0.02,       0.04
2026-02-20T16:02:02.031,      -0.03,        0.02,        0.02,       0.04
2026-02-20T16:02:02.548,      -0.04,        0.01,        0.01,       0.05
2026-02-20T16:02:03.063,      -0.02,       -0.00,       -0.06,       0.12
2026-02-20T16:02:03.582,      -0.01,       -0.01,       -0.01,       0.08
2026-02-20T16:02:04.128,      -0.02,       -0.01,       -0.02,       0.08
2026-02-20T16:02:04.648,      -0.03,       -0.00,       -0.01,       0.07
2026-02-20T16:02:05.165,      -0.02,        0.00,        0.02,       0.04
2026-02-20T16:02:05.680,      -0.01,       -0.01,        0.03,       0.04
2026-02-20T16:02:06.194,      -0.01,        0.01,        0.01,       0.05
2026-02-20T16:02:06.696,      -0.02,        0.00,       -0.03,       0.09
2026-02-20T16:02:07.213,      -0.02,        0.01,        0.02,       0.04
2026-02-20T16:02:07.728,      -0.01,        0.01,        0.03,       0.03
2026-02-20T16:02:08.241,      -0.02,        0.02,        0.03,       0.03
2026-02-20T16:02:08.744,      -0.01,        0.01,        0.02,       0.04
2026-02-20T16:02:09.260,      -0.02,        0.01,        0.01,       0.05
2026-02-20T16:02:09.807,      -0.00,        0.01,        0.01,       0.05
2026-02-20T16:02:10.324,      -0.01,        0.01,       -0.03,       0.09
2026-02-20T16:02:10.841,      -0.01,        0.02,        0.01,       0.05
2026-02-20T16:02:11.358,      -0.01,        0.00,       -0.01,       0.07
2026-02-20T16:02:11.904,      -0.01,       -0.00,        0.02,       0.04
2026-02-20T16:02:12.423,      -0.02,        0.00,        0.05,       0.01
2026-02-20T16:02:12.939,      -0.02,        0.00,       -0.01,       0.07
2026-02-20T16:02:13.453,      -0.02,        0.01,       -0.01,       0.07
2026-02-20T16:02:13.968,      -0.02,        0.01,        0.02,       0.04
2026-02-20T16:02:14.470,      -0.03,       -0.01,       -0.06,       0.12
2026-02-20T16:02:14.983,      -0.02,       -0.01,       -0.00,       0.07
2026-02-20T16:02:15.500,      -0.02,        0.00,        0.00,       0.06
2026-02-20T16:02:16.065,      -0.01,        0.01,       -0.03,       0.09
2026-02-20T16:02:16.568,      -0.03,        0.00,       -0.00,       0.06
2026-02-20T16:02:17.082,      -0.01,       -0.01,        0.01,       0.06
2026-02-20T16:02:17.598,      -0.03,        0.01,       -0.04,       0.10
2026-02-20T16:02:18.100,      -0.02,        0.01,        0.00,       0.06
2026-02-20T16:02:18.613,      -0.02,        0.02,        0.01,       0.05
2026-02-20T16:02:19.129,      -0.02,       -0.00,        0.00,       0.06
2026-02-20T16:02:19.646,      -0.02,       -0.00,       -0.01,       0.08
2026-02-20T16:02:20.149,      -0.01,        0.02,        0.05,       0.02
2026-02-20T16:02:20.661,       0.00,        0.01,        0.05,       0.02
2026-02-20T16:02:21.177,      -0.00,        0.00,        0.03,       0.04
2026-02-20T16:02:21.693,      -0.02,       -0.01,       -0.01,       0.07
2026-02-20T16:02:22.195,      -0.02,        0.02,        0.06,       0.00
2026-02-20T16:02:22.708,      -0.03,        0.00,        0.00,       0.06
2026-02-20T16:02:23.224,      -0.02,        0.01,        0.04,       0.02
2026-02-20T16:02:23.741,      -0.02,        0.00,        0.02,       0.04
2026-02-20T16:02:24.244,      -0.03,       -0.01,       -0.02,       0.08
2026-02-20T16:02:24.756,      -0.02,        0.02,        0.02,       0.04
2026-02-20T16:02:25.273,      -0.02,       -0.00,        0.03,       0.03
2026-02-20T16:02:25.790,      -0.02,        0.01,        0.03,       0.03
2026-02-20T16:02:26.308,      -0.01,        0.00,        0.03,       0.03
2026-02-20T16:02:26.824,      -0.03,        0.02,        0.01,       0.05
2026-02-20T16:02:27.370,      -0.02,        0.02,       -0.03,       0.09
2026-02-20T16:02:27.886,      -0.02,        0.02,       -0.03,       0.09
2026-02-20T16:02:28.405,      -0.02,        0.01,       -0.01,       0.06
2026-02-20T16:02:28.918,      -0.03,        0.01,        0.02,       0.04
2026-02-20T16:02:29.485,      -0.03,        0.01,        0.02,       0.04
2026-02-20T16:02:29.988,      -0.03,       -0.00,       -0.03,       0.09
2026-02-20T16:02:30.501,      -0.03,       -0.00,       -0.02,       0.08
2026-02-20T16:02:31.016,      -0.03,        0.01,       -0.04,       0.10
2026-02-20T16:02:31.519,      -0.02,        0.01,        0.00,       0.06
2026-02-20T16:02:32.036,      -0.03,        0.03,       -0.02,       0.08
2026-02-20T16:02:32.549,      -0.02,       -0.01,       -0.01,       0.07
2026-02-20T16:02:33.064,      -0.01,        0.02,        0.05,       0.01
2026-02-20T16:02:33.581,      -0.02,        0.02,        0.01,       0.05
2026-02-20T16:02:34.099,      -0.02,        0.01,        0.00,       0.06
2026-02-20T16:02:34.665,      -0.01,       -0.03,        0.00,       0.07
2026-02-20T16:02:35.211,      -0.01,        0.01,        0.00,       0.06
2026-02-20T16:02:35.732,      -0.02,       -0.00,       -0.03,       0.09
2026-02-20T16:02:36.246,      -0.02,        0.02,        0.00,       0.06
2026-02-20T16:02:36.760,      -0.02,        0.01,        0.01,       0.05
2026-02-20T16:02:37.311,      -0.02,        0.03,        0.05,       0.02
2026-02-20T16:02:37.829,      -0.02,        0.02,        0.05,       0.01
2026-02-20T16:02:38.341,      -0.02,        0.02,       -0.01,       0.07
2026-02-20T16:02:38.857,      -0.02,        0.01,       -0.01,       0.06
2026-02-20T16:02:39.359,      -0.02,        0.01,       -0.02,       0.08
2026-02-20T16:02:39.877,      -0.02,        0.01,        0.03,       0.03
2026-02-20T16:02:40.389,      -0.01,        0.00,        0.02,       0.05
2026-02-20T16:02:40.905,      -0.02,        0.01,        0.01,       0.05
2026-02-20T16:02:41.407,      -0.02,        0.00,        0.00,       0.06
2026-02-20T16:02:41.924,      -0.03,        0.02,        0.03,       0.03
2026-02-20T16:02:42.437,      -0.01,       -0.00,       -0.02,       0.08
2026-02-20T16:02:42.953,      -0.00,        0.00,       -0.01,       0.07
2026-02-20T16:02:43.470,      -0.02,       -0.00,        0.03,       0.03
2026-02-20T16:02:43.973,      -0.02,        0.02,        0.03,       0.03
2026-02-20T16:02:44.485,      -0.02,       -0.01,       -0.01,       0.07
2026-02-20T16:02:45.001,      -0.01,       -0.00,        0.02,       0.04
2026-02-20T16:02:45.517,      -0.02,        0.03,       -0.03,       0.09
2026-02-20T16:02:46.019,      -0.01,        0.01,        0.01,       0.05
2026-02-20T16:02:46.532,      -0.01,       -0.00,       -0.03,       0.09
2026-02-20T16:02:47.048,      -0.02,        0.03,        0.04,       0.02
2026-02-20T16:02:47.565,      -0.02,        0.05,        0.05,       0.03
2026-02-20T16:02:48.084,      -0.02,        0.00,        0.01,       0.05
2026-02-20T16:02:48.647,      -0.02,        0.01,        0.00,       0.06
2026-02-20T16:02:49.215,      -0.01,        0.02,        0.03,       0.03
2026-02-20T16:02:49.717,      -0.01,        0.00,        0.01,       0.05
2026-02-20T16:02:50.228,      -0.03,       -0.00,        0.03,       0.04
2026-02-20T16:02:50.744,      -0.01,        0.00,       -0.04,       0.10
2026-02-20T16:02:51.261,      -0.01,        0.01,        0.02,       0.04
2026-02-20T16:02:51.764,      -0.02,        0.01,        0.03,       0.03
2026-02-20T16:02:52.276,      -0.02,        0.01,       -0.02,       0.08
2026-02-20T16:02:52.792,      -0.02,        0.03,        0.04,       0.02
2026-02-20T16:02:53.310,      -0.03,        0.04,        0.06,       0.03
2026-02-20T16:02:53.827,      -0.02,        0.02,        0.02,       0.04
2026-02-20T16:02:54.374,      -0.02,        0.02,        0.03,       0.03
2026-02-20T16:02:54.890,      -0.02,        0.01,        0.02,       0.04
2026-02-20T16:02:55.407,      -0.01,        0.02,        0.03,       0.03
2026-02-20T16:02:55.925,      -0.01,        0.02,        0.00,       0.06
2026-02-20T16:02:56.438,      -0.02,        0.00,       -0.02,       0.08
2026-02-20T16:02:56.990,      -0.02,        0.01,        0.00,       0.06
2026-02-20T16:02:57.507,      -0.03,        0.01,        0.00,       0.06
2026-02-20T16:02:58.023,      -0.02,        0.04,        0.02,       0.05
2026-02-20T16:02:58.536,      -0.02,       -0.01,       -0.01,       0.07
2026-02-20T16:02:59.053,      -0.02,        0.01,        0.04,       0.02
2026-02-20T16:02:59.569,      -0.03,        0.01,        0.03,       0.03
2026-02-20T16:03:00.087,      -0.01,        0.00,        0.02,       0.04
2026-02-20T16:03:00.604,      -0.02,        0.01,        0.01,       0.05
2026-02-20T16:03:01.117,      -0.02,        0.02,       -0.00,       0.06
2026-02-20T16:03:01.619,      -0.03,        0.01,       -0.01,       0.07
2026-02-20T16:03:02.134,      -0.03,        0.01,        0.01,       0.05
2026-02-20T16:03:02.652,      -0.04,        0.02,        0.01,       0.05
2026-02-20T16:03:03.164,      -0.03,        0.01,        0.04,       0.02
2026-02-20T16:03:03.666,      -0.02,        0.01,        0.05,       0.01
2026-02-20T16:03:04.183,      -0.02,        0.01,        0.01,       0.05
2026-02-20T16:03:04.700,      -0.02,        0.02,        0.03,       0.03
2026-02-20T16:03:05.212,      -0.02,        0.02,       -0.00,       0.06
2026-02-20T16:03:05.715,      -0.02,        0.03,        0.01,       0.05
2026-02-20T16:03:06.231,      -0.02,        0.01,       -0.00,       0.06
2026-02-20T16:03:06.747,      -0.02,        0.02,       -0.02,       0.08
2026-02-20T16:03:07.260,      -0.02,        0.02,        0.00,       0.06
2026-02-20T16:03:07.763,      -0.03,        0.00,       -0.02,       0.08
2026-02-20T16:03:08.278,      -0.03,        0.00,        0.00,       0.06
2026-02-20T16:03:08.795,      -0.03,        0.02,        0.02,       0.04
2026-02-20T16:03:09.308,      -0.00,        0.01,        0.02,       0.04
2026-02-20T16:03:09.824,      -0.02,        0.02,        0.01,       0.04
2026-02-20T16:03:10.325,      -0.01,        0.01,        0.01,       0.05
2026-02-20T16:03:10.842,      -0.02,        0.01,        0.02,       0.04
2026-02-20T16:03:11.355,      -0.01,        0.01,       -0.00,       0.06
2026-02-20T16:03:11.871,      -0.02,       -0.02,       -0.03,       0.10
2026-02-20T16:03:12.388,      -0.01,       -0.00,       -0.02,       0.08
2026-02-20T16:03:12.907,      -0.01,        0.01,       -0.01,       0.07
2026-02-20T16:03:13.470,      -0.03,        0.01,        0.01,       0.05
2026-02-20T16:03:13.973,      -0.02,        0.02,        0.00,       0.06
2026-02-20T16:03:14.489,      -0.03,        0.02,       -0.03,       0.08
2026-02-20T16:03:15.004,      -0.03,        0.01,        0.05,       0.01
2026-02-20T16:03:15.518,      -0.03,        0.03,        0.07,       0.02
2026-02-20T16:03:16.020,      -0.02,        0.01,       -0.01,       0.07
2026-02-20T16:03:16.537,      -0.03,        0.01,       -0.01,       0.07
2026-02-20T16:03:17.052,      -0.03,        0.01,        0.02,       0.04
2026-02-20T16:03:17.565,      -0.01,        0.02,        0.03,       0.03
2026-02-20T16:03:18.067,      -0.01,        0.02,       -0.00,       0.06
2026-02-20T16:03:18.585,      -0.01,        0.02,        0.01,       0.05
2026-02-20T16:03:19.097,      -0.02,        0.03,        0.01,       0.05
2026-02-20T16:03:19.614,      -0.01,        0.01,        0.01,       0.06
2026-02-20T16:03:20.115,      -0.01,       -0.00,        0.01,       0.06
2026-02-20T16:03:20.632,      -0.02,        0.01,        0.02,       0.04
2026-02-20T16:03:21.145,      -0.02,        0.01,        0.01,       0.05
2026-02-20T16:03:21.661,      -0.02,        0.02,        0.05,       0.01
2026-02-20T16:03:22.178,      -0.01,        0.01,        0.02,       0.05
2026-02-20T16:03:22.697,      -0.02,       -0.00,        0.03,       0.04
2026-02-20T16:03:23.243,      -0.02,        0.00,       -0.01,       0.07
2026-02-20T16:03:23.758,      -0.01,        0.02,       -0.01,       0.07
2026-02-20T16:03:24.275,      -0.04,        0.00,       -0.02,       0.08
2026-02-20T16:03:24.793,      -0.02,        0.03,        0.03,       0.03
2026-02-20T16:03:25.309,      -0.01,        0.02,       -0.03,       0.09
2026-02-20T16:03:25.859,      -0.03,        0.03,        0.04,       0.02
2026-02-20T16:03:26.377,      -0.03,        0.01,       -0.01,       0.07
2026-02-20T16:03:26.892,      -0.03,        0.03,        0.02,       0.04
2026-02-20T16:03:27.405,      -0.03,        0.03,        0.07,       0.02
2026-02-20T16:03:27.907,      -0.03,        0.02,       -0.02,       0.08
2026-02-20T16:03:28.424,      -0.02,        0.03,        0.04,       0.02
2026-02-20T16:03:28.939,      -0.03,        0.01,        0.02,       0.04
2026-02-20T16:03:29.452,      -0.02,        0.02,       -0.01,       0.07
2026-02-20T16:03:29.969,      -0.01,        0.03,        0.02,       0.04
2026-02-20T16:03:30.484,      -0.01,        0.02,        0.05,       0.01
2026-02-20T16:03:31.004,      -0.00,        0.01,        0.03,       0.04
2026-02-20T16:03:31.550,      -0.01,       -0.01,       -0.02,       0.08
2026-02-20T16:03:32.067,      -0.01,        0.02,       -0.02,       0.08
2026-02-20T16:03:32.586,      -0.01,       -0.00,       -0.01,       0.07
2026-02-20T16:03:33.102,      -0.02,       -0.00,        0.02,       0.05
2026-02-20T16:03:33.618,      -0.03,        0.01,        0.05,       0.01
2026-02-20T16:03:34.167,      -0.03,        0.02,        0.03,       0.03
2026-02-20T16:03:34.699,      -0.02,        0.01,        0.07,       0.01
2026-02-20T16:03:35.245,      -0.03,       -0.00,       -0.03,       0.09
2026-02-20T16:03:35.763,      -0.02,        0.01,        0.03,       0.03
2026-02-20T16:03:36.281,      -0.02,        0.02,        0.02,       0.04
2026-02-20T16:03:36.797,      -0.01,        0.01,        0.02,       0.04
2026-02-20T16:03:37.344,      -0.02,        0.00,       -0.02,       0.08
2026-02-20T16:03:37.861,      -0.01,        0.02,        0.03,       0.03
2026-02-20T16:03:38.379,      -0.01,        0.01,        0.02,       0.04
2026-02-20T16:03:38.894,      -0.02,        0.00,        0.00,       0.06
2026-02-20T16:03:39.409,      -0.01,        0.01,        0.01,       0.05
2026-02-20T16:03:39.924,      -0.02,       -0.01,        0.03,       0.04
2026-02-20T16:03:40.440,      -0.02,        0.00,        0.00,       0.06
2026-02-20T16:03:40.960,      -0.02,       -0.00,        0.00,       0.06
2026-02-20T16:03:41.507,      -0.02,        0.01,        0.01,       0.05
2026-02-20T16:03:42.022,      -0.02,        0.02,        0.02,       0.04
2026-02-20T16:03:42.541,      -0.01,        0.01,        0.05,       0.02
2026-02-20T16:03:43.058,      -0.01,        0.01,        0.04,       0.02
2026-02-20T16:03:43.571,      -0.01,        0.02,       -0.01,       0.07
2026-02-20T16:03:44.087,      -0.01,        0.02,       -0.04,       0.10
2026-02-20T16:03:44.602,      -0.02,       -0.00,        0.00,       0.06
2026-02-20T16:03:45.121,      -0.01,        0.01,        0.04,       0.02
2026-02-20T16:03:45.668,      -0.03,        0.02,        0.03,       0.03
2026-02-20T16:03:46.184,      -0.02,       -0.02,        0.01,       0.06
2026-02-20T16:03:46.701,      -0.01,        0.02,        0.04,       0.02
2026-02-20T16:03:47.219,      -0.00,       -0.00,       -0.01,       0.08
2026-02-20T16:03:47.735,      -0.01,        0.02,       -0.02,       0.08
2026-02-20T16:03:48.285,      -0.01,        0.00,       -0.00,       0.07
2026-02-20T16:03:48.802,      -0.01,        0.01,        0.00,       0.06
2026-02-20T16:03:49.317,      -0.01,        0.01,        0.01,       0.06
2026-02-20T16:03:49.880,      -0.01,       -0.01,       -0.01,       0.07
2026-02-20T16:03:50.383,      -0.01,        0.00,        0.02,       0.04
2026-02-20T16:03:50.900,      -0.01,        0.03,       -0.02,       0.08
2026-02-20T16:03:51.412,      -0.02,        0.01,        0.01,       0.04
2026-02-20T16:03:51.928,      -0.02,        0.02,        0.00,       0.06
2026-02-20T16:03:52.445,      -0.02,        0.01,        0.01,       0.05
2026-02-20T16:03:52.963,      -0.01,        0.01,       -0.01,       0.07
2026-02-20T16:03:53.510,      -0.01,        0.02,        0.01,       0.05
2026-02-20T16:03:54.025,      -0.01,        0.03,        0.02,       0.04
2026-02-20T16:03:54.542,      -0.02,        0.01,        0.03,       0.03
2026-02-20T16:03:55.060,      -0.01,        0.01,       -0.00,       0.06
2026-02-20T16:03:55.623,      -0.02,        0.01,       -0.02,       0.08
2026-02-20T16:03:56.126,      -0.03,        0.02,        0.04,       0.02
2026-02-20T16:03:56.644,      -0.02,        0.02,       -0.01,       0.07
2026-02-20T16:03:57.156,      -0.02,        0.03,        0.04,       0.02
2026-02-20T16:03:57.722,      -0.02,        0.02,        0.02,       0.04
2026-02-20T16:03:58.224,      -0.03,        0.01,        0.01,       0.05
2026-02-20T16:03:58.741,      -0.02,        0.02,       -0.04,       0.10
2026-02-20T16:03:59.253,      -0.03,        0.00,        0.01,       0.05
2026-02-20T16:03:59.769,      -0.03,       -0.00,        0.03,       0.03
2026-02-20T16:04:00.286,      -0.01,        0.02,       -0.01,       0.07
2026-02-20T16:04:00.788,      -0.02,        0.01,        0.03,       0.03
2026-02-20T16:04:01.301,      -0.02,       -0.01,        0.01,       0.05
2026-02-20T16:04:01.817,      -0.03,        0.01,       -0.01,       0.07
2026-02-20T16:04:02.334,      -0.02,        0.02,       -0.00,       0.06
2026-02-20T16:04:02.852,      -0.02,        0.01,        0.02,       0.04
2026-02-20T16:04:03.399,      -0.01,       -0.01,        0.02,       0.05
2026-02-20T16:04:03.918,      -0.02,        0.01,        0.01,       0.05
2026-02-20T16:04:04.464,      -0.02,        0.00,       -0.02,       0.08
2026-02-20T16:04:04.981,      -0.00,        0.02,        0.01,       0.05
2026-02-20T16:04:05.499,      -0.02,        0.01,        0.05,       0.01
2026-02-20T16:04:06.065,      -0.03,        0.01,        0.03,       0.03
2026-02-20T16:04:06.583,      -0.03,       -0.00,       -0.01,       0.07
2026-02-20T16:04:07.132,      -0.03,        0.00,       -0.01,       0.07
2026-02-20T16:04:07.647,      -0.02,       -0.01,       -0.06,       0.13
2026-02-20T16:04:08.161,      -0.02,       -0.00,       -0.02,       0.08
2026-02-20T16:04:08.677,      -0.01,        0.02,        0.04,       0.02
2026-02-20T16:04:09.179,      -0.01,        0.01,        0.01,       0.05
2026-02-20T16:04:09.694,      -0.03,        0.01,       -0.01,       0.07
2026-02-20T16:04:10.208,      -0.01,        0.01,       -0.01,       0.07
2026-02-20T16:04:10.725,      -0.03,        0.01,       -0.01,       0.07
2026-02-20T16:04:11.240,      -0.02,        0.01,       -0.01,       0.07
2026-02-20T16:04:11.742,      -0.03,       -0.00,       -0.02,       0.08
2026-02-20T16:04:12.256,      -0.00,        0.02,        0.01,       0.05
2026-02-20T16:04:12.773,      -0.00,        0.01,        0.01,       0.05
2026-02-20T16:04:13.288,      -0.02,        0.01,       -0.02,       0.08
2026-02-20T16:04:13.807,      -0.01,       -0.00,       -0.01,       0.07
2026-02-20T16:04:14.324,      -0.02,        0.00,        0.01,       0.05
2026-02-20T16:04:14.871,      -0.02,        0.00,        0.03,       0.03
2026-02-20T16:04:15.388,      -0.03,        0.01,        0.00,       0.06
2026-02-20T16:04:15.904,      -0.03,        0.02,        0.02,       0.04
2026-02-20T16:04:16.451,      -0.02,        0.03,        0.02,       0.04
2026-02-20T16:04:16.968,      -0.01,        0.01,        0.00,       0.06
2026-02-20T16:04:17.486,      -0.02,        0.01,        0.01,       0.05
2026-02-20T16:04:18.000,      -0.03,        0.04,       -0.02,       0.08
2026-02-20T16:04:18.552,      -0.01,        0.03,        0.02,       0.04
2026-02-20T16:04:19.070,      -0.02,        0.04,        0.02,       0.05
2026-02-20T16:04:19.581,      -0.01,        0.02,       -0.03,       0.09
2026-02-20T16:04:20.081,      -0.02,        0.01,       -0.03,       0.09
2026-02-20T16:04:20.599,      -0.02,       -0.00,        0.02,       0.05
2026-02-20T16:04:21.116,      -0.02,       -0.01,       -0.00,       0.07
2026-02-20T16:04:21.629,      -0.03,        0.03,        0.02,       0.04
2026-02-20T16:04:22.128,      -0.02,        0.03,        0.02,       0.05
2026-02-20T16:04:22.647,      -0.02,       -0.00,        0.03,       0.04
2026-02-20T16:04:23.164,      -0.02,       -0.00,        0.01,       0.05
2026-02-20T16:04:23.711,      -0.01,        0.01,        0.02,       0.04
2026-02-20T16:04:24.229,      -0.02,        0.00,        0.01,       0.05
2026-02-20T16:04:24.776,      -0.02,        0.00,       -0.00,       0.06
2026-02-20T16:04:25.292,      -0.02,        0.02,        0.00,       0.06
2026-02-20T16:04:25.811,      -0.03,        0.03,        0.01,       0.06
2026-02-20T16:04:26.326,      -0.03,        0.01,        0.03,       0.03
2026-02-20T16:04:26.873,      -0.02,       -0.00,        0.00,       0.06
2026-02-20T16:04:27.347,        NaN,         NaN,         NaN,        NaN
2026-02-20T16:04:27.392,      -0.02,        0.01,        0.01,       0.04
2026-02-20T16:04:27.910,      -0.02,       -0.01,       -0.02,       0.09
2026-02-20T16:04:28.456,      -0.03,        0.02,        0.01,       0.05
2026-02-20T16:04:28.974,      -0.02,        0.02,        0.04,       0.02
2026-02-20T16:04:29.491,      -0.01,        0.01,        0.02,       0.04
2026-02-20T16:04:30.036,      -0.02,        0.01,       -0.01,       0.07
2026-02-20T16:04:30.553,      -0.03,        0.01,        0.03,       0.03
2026-02-20T16:04:31.053,      -0.03,        0.00,       -0.00,       0.06
2026-02-20T16:04:31.568,      -0.02,        0.00,        0.01,       0.05
2026-02-20T16:04:32.084,      -0.01,       -0.01,       -0.03,       0.09
2026-02-20T16:04:32.586,      -0.02,        0.03,        0.04,       0.03
2026-02-20T16:04:33.101,      -0.03,       -0.01,       -0.01,       0.07
2026-02-20T16:04:33.666,      -0.02,       -0.01,       -0.01,       0.07
2026-02-20T16:04:34.168,      -0.02,        0.01,       -0.01,       0.07
2026-02-20T16:04:34.682,      -0.03,        0.00,        0.00,       0.06
2026-02-20T16:04:35.199,      -0.03,        0.02,        0.02,       0.04
2026-02-20T16:04:35.701,      -0.03,       -0.00,        0.00,       0.06
2026-02-20T16:04:36.217,      -0.03,        0.01,        0.03,       0.03
2026-02-20T16:04:36.729,      -0.03,        0.03,        0.06,       0.02
2026-02-20T16:04:37.231,      -0.02,        0.02,        0.04,       0.02
2026-02-20T16:04:37.749,      -0.02,        0.01,        0.01,       0.04
2026-02-20T16:04:38.295,      -0.03,        0.02,        0.02,       0.04
2026-02-20T16:04:38.812,      -0.02,        0.02,        0.05,       0.01
2026-02-20T16:04:39.330,      -0.03,        0.03,        0.04,       0.03
2026-02-20T16:04:39.875,      -0.02,        0.02,        0.00,       0.06
2026-02-20T16:04:40.393,      -0.02,        0.02,       -0.00,       0.06
2026-02-20T16:04:40.895,      -0.02,        0.01,        0.01,       0.05
2026-02-20T16:04:41.407,      -0.02,        0.00,        0.00,       0.06
2026-02-20T16:04:41.924,      -0.03,        0.01,        0.06,       0.01
2026-02-20T16:04:42.426,      -0.03,        0.02,       -0.02,       0.08
2026-02-20T16:04:42.942,      -0.03,        0.02,        0.03,       0.03
2026-02-20T16:04:43.492,      -0.02,        0.01,        0.02,       0.04
2026-02-20T16:04:44.007,      -0.02,       -0.02,        0.04,       0.04
2026-02-20T16:04:44.521,      -0.02,        0.02,       -0.00,       0.06
2026-02-20T16:04:45.073,      -0.02,        0.00,       -0.00,       0.06
2026-02-20T16:04:45.590,      -0.01,        0.01,        0.05,       0.02
2026-02-20T16:04:46.103,      -0.02,        0.01,       -0.01,       0.07
2026-02-20T16:04:46.654,      -0.01,        0.01,        0.02,       0.04
2026-02-20T16:04:47.170,      -0.02,        0.02,       -0.01,       0.07
2026-02-20T16:04:47.716,      -0.01,        0.04,        0.08,       0.03
2026-02-20T16:04:48.233,      -0.03,        0.02,        0.03,       0.04
2026-02-20T16:04:48.752,      -0.02,        0.01,        0.00,       0.06
2026-02-20T16:04:49.299,      -0.03,        0.02,       -0.00,       0.06
2026-02-20T16:04:49.818,      -0.03,        0.01,       -0.00,       0.06
2026-02-20T16:04:50.364,      -0.03,       -0.01,       -0.01,       0.07
2026-02-20T16:04:50.880,      -0.02,        0.02,        0.02,       0.04
2026-02-20T16:04:51.399,      -0.01,        0.02,        0.02,       0.04
2026-02-20T16:04:51.946,      -0.02,        0.01,        0.01,       0.05
2026-02-20T16:04:52.462,      -0.03,        0.00,       -0.02,       0.08
2026-02-20T16:04:52.979,      -0.01,        0.01,       -0.03,       0.09
2026-02-20T16:04:53.546,      -0.02,        0.01,        0.03,       0.03
2026-02-20T16:04:54.097,      -0.02,        0.01,       -0.02,       0.08
2026-02-20T16:04:54.612,      -0.02,        0.00,        0.01,       0.05
2026-02-20T16:04:55.159,      -0.03,        0.03,        0.01,       0.05
2026-02-20T16:04:55.676,      -0.02,        0.01,        0.02,       0.04
2026-02-20T16:04:56.177,      -0.02,       -0.01,        0.02,       0.04
2026-02-20T16:04:56.691,      -0.02,        0.01,        0.04,       0.02
2026-02-20T16:04:57.193,      -0.04,        0.03,        0.04,       0.02
2026-02-20T16:04:57.709,      -0.03,        0.01,        0.06,       0.01
2026-02-20T16:04:58.273,      -0.01,       -0.02,       -0.03,       0.09
2026-02-20T16:04:58.776,      -0.03,       -0.01,        0.01,       0.05
2026-02-20T16:04:59.291,      -0.03,        0.01,        0.00,       0.06
2026-02-20T16:04:59.837,      -0.02,        0.00,        0.02,       0.04
2026-02-20T16:05:00.356,      -0.02,       -0.00,       -0.01,       0.07
2026-02-20T16:05:00.504,        NaN,         NaN,         NaN,        NaN
2026-02-20T16:05:00.903,      -0.01,        0.01,       -0.01,       0.07
2026-02-20T16:05:01.420,      -0.03,        0.02,        0.01,       0.05
2026-02-20T16:05:01.922,      -0.03,       -0.00,       -0.01,       0.07
2026-02-20T16:05:02.435,      -0.03,        0.00,       -0.01,       0.07
2026-02-20T16:05:02.937,      -0.03,        0.00,        0.00,       0.06
2026-02-20T16:05:03.453,      -0.03,        0.02,        0.03,       0.03
2026-02-20T16:05:03.970,      -0.03,        0.01,        0.01,       0.05
2026-02-20T16:05:04.532,      -0.03,        0.01,       -0.02,       0.07
2026-02-20T16:05:05.034,      -0.01,        0.01,       -0.02,       0.08
2026-02-20T16:05:05.550,      -0.03,        0.04,       -0.04,       0.10
2026-02-20T16:05:06.100,      -0.03,       -0.00,       -0.02,       0.08
2026-02-20T16:05:06.617,      -0.02,        0.01,       -0.03,       0.09
2026-02-20T16:05:07.164,      -0.03,        0.01,        0.03,       0.03
2026-02-20T16:05:07.682,      -0.03,       -0.01,        0.01,       0.06
2026-02-20T16:05:08.228,      -0.03,       -0.00,        0.03,       0.03
2026-02-20T16:05:08.744,      -0.02,        0.01,        0.03,       0.03
2026-02-20T16:05:09.245,      -0.03,        0.00,       -0.05,       0.11
2026-02-20T16:05:09.763,      -0.02,        0.01,        0.02,       0.04
2026-02-20T16:05:10.275,      -0.03,        0.02,        0.05,       0.01
2026-02-20T16:05:10.778,      -0.02,        0.02,        0.02,       0.04
2026-02-20T16:05:11.295,      -0.02,       -0.01,       -0.05,       0.12
2026-02-20T16:05:11.841,      -0.01,        0.01,        0.01,       0.05
2026-02-20T16:05:12.343,      -0.02,        0.01,       -0.02,       0.08
2026-02-20T16:05:12.858,      -0.02,       -0.01,       -0.01,       0.07
2026-02-20T16:05:13.410,      -0.02,        0.02,        0.01,       0.05
2026-02-20T16:05:13.957,      -0.03,        0.02,        0.03,       0.03
2026-02-20T16:05:14.471,      -0.02,       -0.00,       -0.00,       0.06
2026-02-20T16:05:14.970,      -0.01,       -0.00,       -0.03,       0.09
2026-02-20T16:05:15.487,      -0.02,        0.01,       -0.02,       0.08
2026-02-20T16:05:15.989,      -0.02,        0.01,        0.00,       0.06
2026-02-20T16:05:16.505,      -0.02,        0.00,        0.02,       0.04
2026-02-20T16:05:17.053,      -0.02,        0.01,        0.00,       0.06
2026-02-20T16:05:17.571,      -0.03,        0.01,        0.01,       0.05
2026-02-20T16:05:18.087,      -0.02,        0.01,       -0.02,       0.07
2026-02-20T16:05:18.604,      -0.03,        0.03,        0.02,       0.04
2026-02-20T16:05:19.150,      -0.04,        0.02,        0.02,       0.05
2026-02-20T16:05:19.669,      -0.04,       -0.01,        0.03,       0.04
2026-02-20T16:05:20.181,      -0.03,        0.01,       -0.02,       0.08
2026-02-20T16:05:20.698,      -0.02,        0.04,        0.02,       0.05
2026-02-20T16:05:21.201,      -0.02,        0.02,        0.04,       0.02
2026-02-20T16:05:21.715,      -0.02,        0.01,        0.00,       0.06
2026-02-20T16:05:22.229,      -0.03,        0.01,        0.02,       0.04
2026-02-20T16:05:22.782,      -0.01,       -0.00,        0.02,       0.05
2026-02-20T16:05:23.299,      -0.02,        0.01,        0.01,       0.05
2026-02-20T16:05:23.811,      -0.02,       -0.00,        0.06,       0.02
2026-02-20T16:05:24.327,      -0.02,        0.02,        0.05,       0.01
2026-02-20T16:05:24.845,      -0.03,        0.02,        0.02,       0.04
2026-02-20T16:05:25.347,      -0.02,        0.01,        0.02,       0.04
2026-02-20T16:05:25.859,      -0.02,        0.03,        0.03,       0.03
2026-02-20T16:05:26.374,      -0.02,        0.03,        0.05,       0.02
2026-02-20T16:05:26.891,      -0.02,        0.02,        0.02,       0.04
2026-02-20T16:05:27.394,      -0.02,        0.03,        0.05,       0.02
2026-02-20T16:05:27.906,      -0.02,        0.02,        0.04,       0.02
2026-02-20T16:05:28.423,      -0.02,        0.02,        0.02,       0.04
2026-02-20T16:05:28.939,      -0.02,        0.00,       -0.00,       0.06
2026-02-20T16:05:29.458,      -0.03,        0.03,        0.05,       0.02
2026-02-20T16:05:30.004,      -0.02,        0.01,        0.05,       0.01
2026-02-20T16:05:30.521,      -0.02,        0.02,        0.07,       0.01
2026-02-20T16:05:31.038,      -0.02,        0.01,        0.03,       0.03
2026-02-20T16:05:31.555,      -0.02,        0.01,        0.00,       0.06
2026-02-20T16:05:32.070,      -0.02,        0.00,       -0.01,       0.07
2026-02-20T16:05:32.585,      -0.02,        0.03,        0.03,       0.03
2026-02-20T16:05:33.138,      -0.02,        0.02,        0.03,       0.03
2026-02-20T16:05:33.651,      -0.01,        0.02,        0.02,       0.04
2026-02-20T16:05:34.166,      -0.02,        0.02,        0.04,       0.02
2026-02-20T16:05:34.684,      -0.03,        0.01,        0.00,       0.06
2026-02-20T16:05:35.202,      -0.02,        0.03,        0.01,       0.05
2026-02-20T16:05:35.718,      -0.02,        0.02,        0.05,       0.01
2026-02-20T16:05:36.264,      -0.02,       -0.00,        0.01,       0.06
2026-02-20T16:05:36.782,      -0.03,        0.02,        0.06,       0.01
2026-02-20T16:05:37.299,      -0.01,        0.01,        0.03,       0.03
2026-02-20T16:05:37.815,      -0.02,        0.01,        0.01,       0.05
2026-02-20T16:05:38.332,      -0.02,        0.01,       -0.00,       0.06
2026-02-20T16:05:38.844,      -0.01,        0.01,       -0.02,       0.08
2026-02-20T16:05:39.347,      -0.03,       -0.01,        0.05,       0.03
2026-02-20T16:05:39.877,      -0.02,       -0.01,        0.02,       0.05
2026-02-20T16:05:40.377,      -0.02,        0.01,        0.04,       0.02
2026-02-20T16:05:40.892,      -0.01,        0.01,        0.00,       0.06
2026-02-20T16:05:41.408,      -0.01,        0.02,        0.07,       0.02
2026-02-20T16:05:41.929,      -0.02,        0.01,        0.01,       0.05
2026-02-20T16:05:42.443,      -0.02,        0.01,       -0.00,       0.06
2026-02-20T16:05:42.957,      -0.02,        0.01,        0.00,       0.06
2026-02-20T16:05:43.474,      -0.03,        0.02,        0.02,       0.04
2026-02-20T16:05:43.989,      -0.02,        0.02,        0.02,       0.04
2026-02-20T16:05:44.507,      -0.02,       -0.00,        0.02,       0.04
2026-02-20T16:05:45.054,      -0.01,        0.02,        0.03,       0.03
2026-02-20T16:05:45.571,      -0.02,        0.00,        0.06,       0.01
2026-02-20T16:05:46.090,      -0.02,        0.02,        0.01,       0.05
2026-02-20T16:05:46.606,      -0.01,        0.02,        0.04,       0.03
2026-02-20T16:05:47.123,      -0.02,        0.02,        0.00,       0.06
2026-02-20T16:05:47.636,      -0.01,        0.01,        0.03,       0.04
2026-02-20T16:05:48.151,      -0.02,       -0.01,       -0.00,       0.06
2026-02-20T16:05:48.654,      -0.01,        0.02,        0.00,       0.06
2026-02-20T16:05:49.171,      -0.02,        0.02,        0.01,       0.05
2026-02-20T16:05:49.683,      -0.03,        0.04,        0.05,       0.03
2026-02-20T16:05:50.200,      -0.03,        0.01,        0.04,       0.02
2026-02-20T16:05:50.715,      -0.02,       -0.01,        0.01,       0.05
2026-02-20T16:05:51.233,      -0.02,        0.02,        0.02,       0.04
2026-02-20T16:05:51.749,      -0.02,        0.02,        0.01,       0.05
2026-02-20T16:05:52.264,      -0.01,        0.01,        0.05,       0.02
2026-02-20T16:05:52.780,      -0.01,        0.01,        0.09,       0.03
2026-02-20T16:05:53.295,      -0.00,        0.02,        0.08,       0.03
2026-02-20T16:05:53.812,      -0.00,        0.01,        0.05,       0.02
2026-02-20T16:05:54.312,      -0.01,        0.02,        0.03,       0.03
2026-02-20T16:05:54.827,      -0.02,        0.01,        0.04,       0.01
2026-02-20T16:05:55.343,      -0.02,        0.02,        0.04,       0.02
2026-02-20T16:05:55.863,      -0.02,        0.02,        0.01,       0.05
2026-02-20T16:05:56.379,      -0.02,        0.03,        0.02,       0.05
2026-02-20T16:05:56.892,      -0.01,        0.01,        0.00,       0.06
2026-02-20T16:05:57.443,      -0.02,        0.02,        0.01,       0.04
2026-02-20T16:05:57.960,      -0.02,        0.04,        0.05,       0.03
2026-02-20T16:05:58.473,      -0.02,        0.03,        0.07,       0.02
2026-02-20T16:05:58.989,      -0.02,        0.02,        0.04,       0.03
2026-02-20T16:05:59.506,      -0.01,        0.01,        0.00,       0.05
2026-02-20T16:06:00.024,      -0.03,        0.02,        0.02,       0.04
2026-02-20T16:06:00.541,      -0.01,       -0.00,        0.05,       0.02
2026-02-20T16:06:01.087,      -0.01,        0.01,        0.00,       0.06
2026-02-20T16:06:01.604,      -0.02,        0.01,        0.00,       0.06
2026-02-20T16:06:02.123,      -0.03,       -0.00,        0.03,       0.04
2026-02-20T16:06:02.638,      -0.02,        0.02,        0.03,       0.03
2026-02-20T16:06:03.153,      -0.02,        0.01,        0.01,       0.05
2026-02-20T16:06:03.667,      -0.02,        0.02,        0.02,       0.04
2026-02-20T16:06:04.183,      -0.00,        0.02,        0.04,       0.03
2026-02-20T16:06:04.683,      -0.02,       -0.00,       -0.00,       0.06
2026-02-20T16:06:05.200,      -0.01,        0.02,        0.00,       0.06
2026-02-20T16:06:05.715,      -0.02,        0.03,        0.02,       0.04
2026-02-20T16:06:06.231,      -0.03,        0.00,        0.03,       0.03
2026-02-20T16:06:06.751,      -0.02,        0.03,        0.02,       0.04
2026-02-20T16:06:07.266,      -0.02,        0.02,        0.07,       0.02
2026-02-20T16:06:07.830,      -0.01,       -0.00,        0.01,       0.05
2026-02-20T16:06:08.331,      -0.01,       -0.01,        0.03,       0.04
2026-02-20T16:06:08.848,      -0.02,        0.01,        0.04,       0.02
2026-02-20T16:06:09.361,      -0.04,        0.02,        0.07,       0.02
2026-02-20T16:06:09.877,      -0.05,        0.02,        0.04,       0.03
2026-02-20T16:06:10.394,      -0.04,        0.01,       -0.03,       0.10
2026-02-20T16:06:10.912,      -0.01,        0.01,       -0.02,       0.08
2026-02-20T16:06:11.429,      -0.01,        0.00,        0.04,       0.02
2026-02-20T16:06:11.946,      -0.01,        0.01,        0.05,       0.01
2026-02-20T16:06:12.458,      -0.01,        0.01,       -0.01,       0.07
2026-02-20T16:06:12.974,      -0.01,        0.03,        0.06,       0.01
2026-02-20T16:06:13.491,      -0.03,        0.03,        0.04,       0.02
2026-02-20T16:06:13.994,      -0.02,        0.02,        0.04,       0.02
2026-02-20T16:06:14.506,      -0.01,        0.03,        0.00,       0.06
2026-02-20T16:06:15.022,      -0.00,        0.01,        0.03,       0.03
2026-02-20T16:06:15.538,      -0.00,        0.01,        0.01,       0.05
2026-02-20T16:06:16.056,      -0.04,        0.01,        0.00,       0.06
2026-02-20T16:06:16.573,      -0.02,        0.02,        0.01,       0.05
2026-02-20T16:06:17.087,      -0.01,        0.02,        0.04,       0.02
2026-02-20T16:06:17.602,      -0.01,        0.02,        0.04,       0.03
2026-02-20T16:06:18.118,      -0.02,        0.02,        0.04,       0.02
2026-02-20T16:06:18.638,      -0.02,        0.04,        0.02,       0.05
2026-02-20T16:06:19.154,      -0.02,        0.04,        0.07,       0.02
2026-02-20T16:06:19.667,      -0.01,        0.01,        0.03,       0.03
2026-02-20T16:06:20.184,      -0.03,        0.04,        0.05,       0.02
2026-02-20T16:06:20.699,      -0.05,        0.03,        0.08,       0.04
2026-02-20T16:06:21.217,      -0.01,        0.03,        0.09,       0.04
2026-02-20T16:06:21.735,      -0.02,        0.03,        0.05,       0.02
2026-02-20T16:06:22.281,      -0.02,        0.01,        0.00,       0.06
2026-02-20T16:06:22.799,      -0.00,        0.01,       -0.01,       0.07
2026-02-20T16:06:23.315,      -0.01,       -0.00,       -0.00,       0.07
2026-02-20T16:06:23.832,      -0.01,        0.00,       -0.02,       0.08
2026-02-20T16:06:24.346,      -0.02,        0.01,       -0.01,       0.07
2026-02-20T16:06:24.861,      -0.03,        0.02,        0.02,       0.04
2026-02-20T16:06:25.378,      -0.03,        0.02,        0.00,       0.06
2026-02-20T16:06:25.896,      -0.03,        0.03,        0.04,       0.03
2026-02-20T16:06:26.412,      -0.02,        0.03,        0.02,       0.04
2026-02-20T16:06:26.927,      -0.02,        0.02,       -0.00,       0.06
2026-02-20T16:06:27.442,      -0.01,        0.00,       -0.00,       0.06
2026-02-20T16:06:27.957,      -0.01,        0.01,        0.02,       0.04
2026-02-20T16:06:28.477,      -0.02,        0.01,        0.03,       0.03
2026-02-20T16:06:28.992,      -0.02,        0.01,        0.00,       0.05
2026-02-20T16:06:29.506,      -0.02,        0.01,        0.05,       0.01
2026-02-20T16:06:30.023,      -0.02,        0.02,        0.05,       0.01
2026-02-20T16:06:30.538,      -0.01,        0.01,        0.05,       0.02
2026-02-20T16:06:31.057,      -0.03,        0.01,        0.07,       0.01
2026-02-20T16:06:31.574,      -0.03,        0.03,        0.04,       0.03
2026-02-20T16:06:32.137,      -0.00,        0.02,        0.05,       0.02
2026-02-20T16:06:32.653,      -0.01,        0.03,        0.06,       0.02
2026-02-20T16:06:33.169,      -0.00,        0.01,        0.02,       0.04
2026-02-20T16:06:33.687,      -0.00,        0.01,        0.05,       0.02
2026-02-20T16:06:34.251,      -0.01,        0.01,        0.03,       0.03
2026-02-20T16:06:34.768,      -0.01,       -0.01,        0.02,       0.05
2026-02-20T16:06:35.283,      -0.01,       -0.01,       -0.01,       0.07
2026-02-20T16:06:35.786,      -0.02,        0.00,        0.05,       0.02
2026-02-20T16:06:36.299,      -0.02,       -0.01,        0.01,       0.06
2026-02-20T16:06:36.816,      -0.02,       -0.00,        0.02,       0.05
2026-02-20T16:06:37.331,      -0.01,        0.03,        0.03,       0.04
2026-02-20T16:06:37.850,      -0.00,        0.02,        0.04,       0.03
2026-02-20T16:06:38.367,      -0.02,        0.03,        0.05,       0.02
2026-02-20T16:06:38.881,      -0.02,        0.01,        0.06,       0.01
2026-02-20T16:06:39.396,      -0.02,        0.01,        0.01,       0.05
2026-02-20T16:06:39.911,      -0.03,        0.01,        0.04,       0.02
2026-02-20T16:06:40.427,      -0.03,       -0.00,        0.01,       0.05
2026-02-20T16:06:40.947,      -0.01,        0.02,        0.04,       0.02
2026-02-20T16:06:41.463,      -0.02,       -0.00,        0.02,       0.04
2026-02-20T16:06:41.976,      -0.01,        0.02,        0.04,       0.02
2026-02-20T16:06:42.492,      -0.02,        0.02,        0.04,       0.02
2026-02-20T16:06:43.009,      -0.03,        0.04,        0.04,       0.03
2026-02-20T16:06:43.527,      -0.03,        0.02,        0.02,       0.04
2026-02-20T16:06:44.074,      -0.02,        0.01,        0.03,       0.03
2026-02-20T16:06:44.589,      -0.02,        0.02,        0.05,       0.02
2026-02-20T16:06:45.106,      -0.02,        0.01,        0.02,       0.04
2026-02-20T16:06:45.624,      -0.02,        0.02,        0.04,       0.01
2026-02-20T16:06:46.138,      -0.01,        0.01,        0.07,       0.01
2026-02-20T16:06:46.655,      -0.01,        0.03,        0.08,       0.03
2026-02-20T16:06:47.169,      -0.01,        0.01,        0.03,       0.03
2026-02-20T16:06:47.685,      -0.02,        0.01,        0.01,       0.05
2026-02-20T16:06:48.206,      -0.02,        0.01,        0.03,       0.03
2026-02-20T16:06:48.769,      -0.00,        0.01,        0.03,       0.03
2026-02-20T16:06:49.285,       0.00,        0.01,        0.07,       0.03
2026-02-20T16:06:49.801,      -0.01,        0.03,        0.03,       0.04
2026-02-20T16:06:50.303,      -0.00,        0.02,        0.02,       0.05
2026-02-20T16:06:50.816,      -0.03,        0.00,        0.00,       0.06
2026-02-20T16:06:51.332,       0.00,        0.02,        0.08,       0.03
2026-02-20T16:06:51.849,      -0.02,        0.02,        0.03,       0.02
2026-02-20T16:06:52.367,      -0.01,        0.03,        0.03,       0.04
2026-02-20T16:06:52.884,      -0.01,        0.01,        0.01,       0.05
2026-02-20T16:06:53.400,      -0.01,        0.01,        0.01,       0.05
2026-02-20T16:06:53.963,      -0.02,        0.00,       -0.00,       0.06
2026-02-20T16:06:54.465,      -0.01,       -0.00,        0.03,       0.04
2026-02-20T16:06:54.979,      -0.01,        0.03,        0.03,       0.04
2026-02-20T16:06:55.496,      -0.00,        0.01,        0.01,       0.06
2026-02-20T16:06:56.010,      -0.01,        0.00,        0.00,       0.06
2026-02-20T16:06:56.529,      -0.01,        0.02,       -0.00,       0.06
2026-02-20T16:06:57.046,      -0.02,        0.01,        0.04,       0.02
2026-02-20T16:06:57.561,      -0.01,        0.02,        0.02,       0.04
2026-02-20T16:06:58.075,      -0.01,        0.00,        0.03,       0.03
2026-02-20T16:06:58.592,      -0.03,        0.03,        0.07,       0.02
2026-02-20T16:06:59.094,      -0.03,        0.00,       -0.01,       0.07
2026-02-20T16:06:59.609,      -0.02,        0.03,        0.04,       0.02
2026-02-20T16:07:00.123,      -0.01,        0.02,        0.03,       0.03
2026-02-20T16:07:00.639,      -0.02,        0.00,        0.01,       0.05
2026-02-20T16:07:01.155,      -0.02,        0.03,        0.01,       0.05
2026-02-20T16:07:01.674,      -0.02,        0.01,        0.02,       0.04
2026-02-20T16:07:02.191,      -0.01,        0.01,        0.01,       0.05
2026-02-20T16:07:02.737,      -0.02,        0.02,       -0.00,       0.06
2026-02-20T16:07:03.255,      -0.03,        0.00,        0.04,       0.02
2026-02-20T16:07:03.771,      -0.01,        0.00,        0.04,       0.02
2026-02-20T16:07:04.336,      -0.00,        0.03,        0.03,       0.03
2026-02-20T16:07:04.838,      -0.02,        0.02,        0.03,       0.03
2026-02-20T16:07:05.353,      -0.02,        0.01,        0.05,       0.01
2026-02-20T16:07:05.867,      -0.02,        0.01,        0.02,       0.04
2026-02-20T16:07:06.384,      -0.02,        0.01,        0.04,       0.02
2026-02-20T16:07:06.898,      -0.00,        0.00,        0.03,       0.03
2026-02-20T16:07:07.417,      -0.01,        0.03,        0.06,       0.02
2026-02-20T16:07:07.964,      -0.02,        0.02,        0.07,       0.01
2026-02-20T16:07:08.481,      -0.02,       -0.00,        0.05,       0.02
2026-02-20T16:07:08.999,      -0.04,        0.01,        0.02,       0.04
2026-02-20T16:07:09.516,      -0.01,        0.01,        0.00,       0.06
2026-02-20T16:07:10.032,      -0.01,       -0.01,        0.02,       0.05
2026-02-20T16:07:10.545,      -0.02,        0.02,       -0.02,       0.08
2026-02-20T16:07:11.061,      -0.02,        0.02,        0.01,       0.05
2026-02-20T16:07:11.578,      -0.02,        0.02,        0.04,       0.02
2026-02-20T16:07:12.080,      -0.02,        0.03,        0.02,       0.04
2026-02-20T16:07:12.593,      -0.01,        0.01,        0.05,       0.02
2026-02-20T16:07:13.109,      -0.01,       -0.01,        0.03,       0.04
2026-02-20T16:07:13.625,      -0.01,        0.02,        0.02,       0.04
2026-02-20T16:07:14.143,      -0.01,        0.03,        0.07,       0.02
2026-02-20T16:07:14.707,      -0.03,        0.00,        0.03,       0.03
2026-02-20T16:07:15.224,      -0.01,        0.01,        0.08,       0.02
2026-02-20T16:07:15.739,      -0.02,        0.00,       -0.01,       0.07
2026-02-20T16:07:16.241,      -0.03,        0.00,        0.03,       0.04
2026-02-20T16:07:16.755,      -0.02,        0.01,        0.08,       0.02
2026-02-20T16:07:17.272,      -0.01,        0.02,        0.05,       0.02
2026-02-20T16:07:17.787,      -0.03,        0.01,        0.03,       0.03
2026-02-20T16:07:18.306,      -0.02,        0.02,        0.02,       0.04
2026-02-20T16:07:18.852,      -0.02,       -0.00,        0.02,       0.05
2026-02-20T16:07:19.369,      -0.00,        0.02,        0.02,       0.04
2026-02-20T16:07:19.887,      -0.01,        0.01,        0.02,       0.04
2026-02-20T16:07:20.404,      -0.03,        0.01,        0.03,       0.03
2026-02-20T16:07:20.920,      -0.01,       -0.00,        0.01,       0.05
2026-02-20T16:07:21.466,      -0.01,        0.01,        0.02,       0.04
2026-02-20T16:07:21.986,      -0.02,        0.02,        0.03,       0.03
2026-02-20T16:07:22.499,      -0.01,        0.02,        0.02,       0.04
2026-02-20T16:07:23.016,      -0.02,        0.02,        0.07,       0.02
2026-02-20T16:07:23.580,      -0.02,        0.00,        0.05,       0.02
2026-02-20T16:07:24.082,      -0.03,        0.01,        0.04,       0.02
2026-02-20T16:07:24.596,      -0.02,        0.01,        0.04,       0.02
2026-02-20T16:07:25.113,      -0.03,        0.02,        0.06,       0.01
2026-02-20T16:07:25.628,      -0.02,        0.02,        0.01,       0.05
2026-02-20T16:07:26.128,      -0.01,        0.00,        0.01,       0.05
2026-02-20T16:07:26.644,      -0.00,        0.01,        0.01,       0.06
2026-02-20T16:07:27.160,      -0.01,        0.02,        0.04,       0.02
2026-02-20T16:07:27.679,      -0.03,        0.02,        0.04,       0.02
2026-02-20T16:07:28.195,      -0.03,        0.03,        0.03,       0.03
2026-02-20T16:07:28.762,      -0.00,        0.04,        0.04,       0.03
2026-02-20T16:07:29.311,      -0.01,        0.03,        0.04,       0.03
2026-02-20T16:07:29.827,      -0.03,        0.00,        0.01,       0.05
2026-02-20T16:07:30.340,      -0.01,       -0.00,        0.03,       0.03
2026-02-20T16:07:30.856,      -0.01,        0.02,        0.05,       0.01
2026-02-20T16:07:31.372,      -0.01,        0.02,        0.04,       0.02
2026-02-20T16:07:31.891,      -0.03,        0.01,       -0.01,       0.07
2026-02-20T16:07:32.408,      -0.00,        0.02,        0.02,       0.04
2026-02-20T16:07:32.920,      -0.00,        0.03,        0.04,       0.03
2026-02-20T16:07:33.437,      -0.01,        0.00,       -0.00,       0.07
2026-02-20T16:07:33.954,      -0.01,        0.00,        0.03,       0.04
2026-02-20T16:07:34.456,      -0.01,        0.03,        0.07,       0.02
2026-02-20T16:07:34.969,      -0.01,        0.01,        0.05,       0.02
2026-02-20T16:07:35.484,      -0.01,        0.03,        0.04,       0.02
2026-02-20T16:07:36.001,      -0.01,        0.00,        0.02,       0.04
2026-02-20T16:07:36.519,      -0.01,        0.01,        0.02,       0.04
2026-02-20T16:07:37.035,      -0.00,        0.00,       -0.01,       0.07
2026-02-20T16:07:37.553,      -0.00,        0.02,        0.06,       0.02
2026-02-20T16:07:38.099,      -0.01,        0.01,        0.03,       0.03
2026-02-20T16:07:38.617,      -0.03,        0.01,        0.03,       0.03
2026-02-20T16:07:39.133,      -0.02,        0.02,        0.02,       0.04
2026-02-20T16:07:39.648,      -0.01,        0.04,        0.03,       0.04
2026-02-20T16:07:40.163,      -0.03,        0.02,        0.06,       0.01
2026-02-20T16:07:40.679,      -0.02,        0.02,        0.04,       0.02
2026-02-20T16:07:41.198,      -0.01,       -0.00,        0.01,       0.05
2026-02-20T16:07:41.761,      -0.02,        0.00,        0.07,       0.01
2026-02-20T16:07:42.260,      -0.01,        0.01,       -0.01,       0.07
2026-02-20T16:07:42.779,      -0.02,        0.00,       -0.02,       0.08
2026-02-20T16:07:43.296,      -0.01,        0.00,        0.06,       0.02
2026-02-20T16:07:43.809,      -0.01,        0.01,        0.04,       0.02
2026-02-20T16:07:44.325,      -0.03,       -0.00,        0.01,       0.05
2026-02-20T16:07:44.842,      -0.01,        0.01,       -0.00,       0.06
2026-02-20T16:07:45.345,      -0.01,        0.01,        0.04,       0.02
2026-02-20T16:07:45.857,      -0.02,       -0.00,        0.00,       0.06
2026-02-20T16:07:46.373,      -0.02,        0.03,        0.08,       0.02
2026-02-20T16:07:46.543,        NaN,         NaN,         NaN,        NaN
2026-02-20T16:07:46.543,        NaN,         NaN,         NaN,        NaN
2026-02-20T16:07:46.890,      -0.01,        0.02,        0.06,       0.05
2026-02-20T16:07:47.407,      -0.02,        0.02,        0.05,       0.04
2026-02-20T16:07:47.923,      -0.02,        0.01,        0.01,       0.00
2026-02-20T16:07:48.441,      -0.01,       -0.01,        0.01,       0.02
2026-02-20T16:07:48.952,      -0.02,       -0.00,        0.04,       0.03
2026-02-20T16:07:49.469,      -0.03,        0.02,        0.03,       0.02
2026-02-20T16:07:49.986,      -0.01,        0.03,        0.09,       0.08
2026-02-20T16:07:50.504,      -0.01,        0.02,        0.02,       0.02
2026-02-20T16:07:51.020,      -0.01,        0.01,        0.04,       0.03
2026-02-20T16:07:51.567,      -0.02,        0.02,        0.05,       0.04
2026-02-20T16:07:52.087,      -0.01,        0.01,        0.01,       0.01
2026-02-20T16:07:52.602,      -0.01,        0.02,        0.08,       0.07
2026-02-20T16:07:53.115,      -0.02,        0.03,        0.05,       0.04
2026-02-20T16:07:53.631,      -0.01,        0.01,        0.02,       0.01
2026-02-20T16:07:54.134,      -0.02,        0.03,        0.03,       0.03
2026-02-20T16:07:54.649,      -0.02,        0.02,        0.00,       0.01
2026-02-20T16:07:55.163,      -0.02,        0.01,        0.01,       0.01
2026-02-20T16:07:55.665,      -0.02,        0.01,        0.04,       0.03
2026-02-20T16:07:56.182,      -0.02,        0.01,        0.02,       0.01
2026-02-20T16:07:56.697,      -0.02,        0.01,        0.02,       0.01
2026-02-20T16:07:57.211,      -0.03,        0.02,        0.03,       0.02
2026-02-20T16:07:57.727,      -0.03,        0.02,        0.04,       0.03
2026-02-20T16:07:58.243,      -0.02,        0.00,        0.03,       0.02
2026-02-20T16:07:58.811,      -0.02,        0.02,        0.00,       0.02
2026-02-20T16:07:59.358,      -0.01,        0.02,        0.04,       0.03
2026-02-20T16:07:59.875,      -0.01,       -0.01,        0.04,       0.03
2026-02-20T16:08:00.393,      -0.01,       -0.01,        0.03,       0.03
2026-02-20T16:08:00.940,      -0.02,        0.01,        0.02,       0.01
2026-02-20T16:08:01.460,      -0.01,        0.01,       -0.00,       0.02
2026-02-20T16:08:01.977,      -0.01,        0.03,        0.04,       0.04
2026-02-20T16:08:02.523,      -0.01,        0.00,        0.03,       0.02
2026-02-20T16:08:02.699,        NaN,         NaN,         NaN,        NaN
2026-02-20T16:08:02.754,        NaN,         NaN,         NaN,        NaN
