Time,X,Y,Z,Displacement [mm]
2026-01-09T14:51:41.937,       0.00,        0.00,        0.00,        NaN
2026-01-09T14:51:41.938,       0.00,        0.00,        0.00,        NaN
2026-01-09T14:51:42.125,       0.00,        0.00,        0.00,        NaN
2026-01-09T14:51:51.696,        NaN,         NaN,         NaN,        NaN
2026-01-09T14:51:51.696,       0.00,        0.00,        0.00,       0.00
2026-01-09T14:51:52.209,       0.01,       -0.00,       -0.01,       0.01
2026-01-09T14:51:52.761,       0.01,       -0.02,       -0.03,       0.04
2026-01-09T14:51:53.278,       0.00,       -0.00,       -0.06,       0.06
2026-01-09T14:51:53.791,       0.02,       -0.01,        0.01,       0.02
2026-01-09T14:51:54.307,       0.01,        0.01,        0.02,       0.02
2026-01-09T14:51:54.824,       0.01,        0.01,        0.03,       0.03
2026-01-09T14:51:55.342,       0.02,        0.00,        0.01,       0.02
2026-01-09T14:51:55.858,       0.00,        0.01,       -0.01,       0.01
2026-01-09T14:51:56.376,       0.02,        0.01,        0.01,       0.03
2026-01-09T14:51:56.921,      -0.01,        0.01,       -0.00,       0.01
2026-01-09T14:51:57.440,       0.01,        0.00,        0.01,       0.01
2026-01-09T14:51:57.955,       0.02,        0.03,        0.03,       0.05
2026-01-09T14:51:58.470,      -0.00,        0.02,        0.07,       0.08
2026-01-09T14:51:58.985,       0.01,        0.03,        0.04,       0.05
2026-01-09T14:51:59.501,       0.00,        0.02,        0.02,       0.03
2026-01-09T14:52:00.021,      -0.01,        0.02,       -0.03,       0.03
2026-01-09T14:52:00.537,       0.00,        0.01,        0.00,       0.01
2026-01-09T14:52:01.083,       0.01,        0.03,        0.08,       0.08
2026-01-09T14:52:01.602,       0.02,       -0.01,       -0.02,       0.03
2026-01-09T14:52:02.118,       0.01,        0.02,       -0.01,       0.02
2026-01-09T14:52:02.631,      -0.00,        0.02,        0.01,       0.03
2026-01-09T14:52:03.147,      -0.00,        0.02,       -0.01,       0.02
2026-01-09T14:52:03.664,       0.01,        0.03,        0.01,       0.03
2026-01-09T14:52:04.182,       0.02,       -0.00,       -0.00,       0.02
2026-01-09T14:52:04.698,       0.01,        0.01,       -0.02,       0.02
2026-01-09T14:52:05.263,       0.02,        0.00,       -0.00,       0.02
2026-01-09T14:52:05.762,      -0.01,        0.00,       -0.02,       0.02
2026-01-09T14:52:06.280,       0.01,        0.03,       -0.00,       0.03
2026-01-09T14:52:06.797,       0.01,        0.03,        0.05,       0.06
2026-01-09T14:52:07.311,       0.00,        0.02,        0.02,       0.02
2026-01-09T14:52:07.825,       0.01,        0.01,        0.02,       0.03
2026-01-09T14:52:08.341,      -0.00,       -0.02,       -0.01,       0.02
2026-01-09T14:52:08.861,       0.00,        0.02,        0.01,       0.02
2026-01-09T14:52:09.424,       0.01,        0.01,        0.03,       0.04
2026-01-09T14:52:09.940,      -0.00,        0.00,       -0.00,       0.01
2026-01-09T14:52:10.457,       0.01,        0.02,        0.03,       0.04
2026-01-09T14:52:10.959,       0.02,        0.01,       -0.03,       0.04
2026-01-09T14:52:11.472,       0.01,        0.03,        0.03,       0.05
2026-01-09T14:52:11.988,       0.01,       -0.01,       -0.01,       0.02
2026-01-09T14:52:12.505,       0.01,        0.01,        0.00,       0.02
2026-01-09T14:52:13.023,       0.00,        0.00,       -0.01,       0.01
2026-01-09T14:52:13.539,       0.00,        0.01,       -0.03,       0.03
2026-01-09T14:52:14.056,       0.00,        0.01,        0.00,       0.01
2026-01-09T14:52:14.568,      -0.00,        0.02,       -0.01,       0.02
2026-01-09T14:52:15.070,       0.02,        0.02,        0.03,       0.04
2026-01-09T14:52:15.586,       0.00,        0.00,        0.01,       0.01
2026-01-09T14:52:16.104,       0.00,        0.01,        0.03,       0.03
2026-01-09T14:52:16.616,       0.01,        0.01,       -0.03,       0.03
2026-01-09T14:52:17.132,       0.01,       -0.00,       -0.02,       0.02
2026-01-09T14:52:17.649,       0.01,        0.01,       -0.01,       0.02
2026-01-09T14:52:18.167,      -0.01,        0.02,       -0.01,       0.02
2026-01-09T14:52:18.683,       0.01,        0.00,       -0.00,       0.01
2026-01-09T14:52:19.198,       0.00,        0.01,        0.03,       0.03
2026-01-09T14:52:19.713,       0.01,        0.02,       -0.03,       0.03
2026-01-09T14:52:20.229,       0.01,       -0.00,       -0.01,       0.01
2026-01-09T14:52:20.748,       0.00,        0.01,        0.02,       0.02
2026-01-09T14:52:21.311,       0.00,        0.01,        0.01,       0.01
2026-01-09T14:52:21.810,       0.00,       -0.01,        0.04,       0.04
2026-01-09T14:52:22.329,       0.02,        0.01,        0.06,       0.06
2026-01-09T14:52:22.846,      -0.02,       -0.00,       -0.01,       0.02
2026-01-09T14:52:23.359,       0.00,        0.01,        0.02,       0.02
2026-01-09T14:52:23.875,       0.01,       -0.00,        0.00,       0.01
2026-01-09T14:52:24.392,      -0.01,        0.01,        0.02,       0.03
2026-01-09T14:52:24.910,      -0.00,       -0.01,        0.12,       0.12
2026-01-09T14:52:25.426,       0.01,        0.01,        0.21,       0.21
2026-01-09T14:52:25.972,       0.01,        0.00,        0.33,       0.33
2026-01-09T14:52:26.488,       0.00,       -0.00,        0.43,       0.43
2026-01-09T14:52:27.007,       0.00,        0.02,        0.52,       0.52
2026-01-09T14:52:27.554,       0.01,        0.02,        0.66,       0.66
2026-01-09T14:52:28.073,       0.02,        0.01,        0.79,       0.79
2026-01-09T14:52:28.590,       0.02,        0.02,        0.88,       0.88
2026-01-09T14:52:29.105,       0.00,       -0.01,        0.95,       0.95
2026-01-09T14:52:29.619,      -0.00,       -0.01,        1.12,       1.12
2026-01-09T14:52:30.136,      -0.00,       -0.01,        1.21,       1.21
2026-01-09T14:52:30.638,       0.00,       -0.01,        1.33,       1.33
2026-01-09T14:52:31.153,       0.01,       -0.02,        1.41,       1.41
2026-01-09T14:52:31.666,       0.01,       -0.01,        1.54,       1.54
2026-01-09T14:52:32.183,      -0.00,        0.01,        1.67,       1.67
2026-01-09T14:52:32.698,       0.00,       -0.01,        1.74,       1.74
2026-01-09T14:52:33.200,       0.01,       -0.00,        1.82,       1.82
2026-01-09T14:52:33.714,       0.01,        0.00,        1.88,       1.88
2026-01-09T14:52:34.231,       0.02,       -0.01,        1.90,       1.90
2026-01-09T14:52:34.746,       0.02,       -0.01,        1.94,       1.94
2026-01-09T14:52:35.266,       0.01,        0.01,        2.00,       2.00
2026-01-09T14:52:35.782,       0.02,        0.02,        2.01,       2.01
2026-01-09T14:52:36.329,       0.04,        0.01,        1.95,       1.95
2026-01-09T14:52:36.847,       0.02,        0.00,        1.96,       1.96
2026-01-09T14:52:37.364,       0.02,        0.02,        1.95,       1.95
2026-01-09T14:52:37.879,       0.02,       -0.01,        1.94,       1.94
2026-01-09T14:52:38.392,       0.02,        0.00,        1.97,       1.97
2026-01-09T14:52:38.894,       0.02,        0.02,        1.99,       1.99
2026-01-09T14:52:39.410,       0.00,        0.02,        1.98,       1.98
2026-01-09T14:52:39.924,       0.03,       -0.01,        1.98,       1.99
2026-01-09T14:52:40.440,       0.02,       -0.02,        1.97,       1.97
2026-01-09T14:52:40.956,       0.00,        0.02,        1.99,       1.99
2026-01-09T14:52:41.459,       0.01,       -0.02,        1.98,       1.98
2026-01-09T14:52:41.973,       0.01,       -0.00,        1.99,       1.99
2026-01-09T14:52:42.488,       0.02,        0.01,        1.98,       1.98
2026-01-09T14:52:43.004,       0.02,        0.01,        2.02,       2.02
2026-01-09T14:52:43.524,       0.00,        0.00,        1.97,       1.97
2026-01-09T14:52:44.039,       0.03,        0.00,        1.94,       1.94
2026-01-09T14:52:44.585,       0.04,       -0.01,        1.96,       1.96
2026-01-09T14:52:45.104,       0.01,        0.00,        1.96,       1.96
2026-01-09T14:52:45.621,       0.02,       -0.00,        1.94,       1.94
2026-01-09T14:52:46.134,       0.02,        0.00,        1.94,       1.94
2026-01-09T14:52:46.650,       0.02,        0.00,        2.00,       2.00
2026-01-09T14:52:47.152,       0.02,       -0.00,        2.02,       2.02
2026-01-09T14:52:47.669,       0.02,       -0.02,        1.99,       1.99
2026-01-09T14:52:48.182,       0.02,        0.02,        1.97,       1.97
2026-01-09T14:52:48.734,       0.01,       -0.00,        1.96,       1.96
2026-01-09T14:52:49.250,       0.03,       -0.00,        1.96,       1.96
2026-01-09T14:52:49.767,       0.01,       -0.01,        1.97,       1.97
2026-01-09T14:52:50.329,       0.02,        0.01,        2.02,       2.02
2026-01-09T14:52:50.831,       0.01,        0.01,        2.01,       2.01
2026-01-09T14:52:51.345,       0.02,        0.02,        1.97,       1.97
2026-01-09T14:52:51.862,       0.04,        0.01,        1.92,       1.92
2026-01-09T14:52:52.377,       0.02,       -0.03,        1.84,       1.85
2026-01-09T14:52:52.896,       0.00,       -0.02,        1.77,       1.77
2026-01-09T14:52:53.413,       0.00,       -0.00,        1.66,       1.66
2026-01-09T14:52:53.928,       0.01,       -0.02,        1.52,       1.52
2026-01-09T14:52:54.479,      -0.00,       -0.02,        1.30,       1.30
2026-01-09T14:52:54.994,       0.01,       -0.00,        1.19,       1.19
2026-01-09T14:52:55.510,       0.00,       -0.02,        1.16,       1.16
2026-01-09T14:52:56.023,       0.02,       -0.01,        0.94,       0.94
2026-01-09T14:52:56.539,       0.00,       -0.03,        0.77,       0.77
2026-01-09T14:52:57.042,       0.01,       -0.03,        0.65,       0.65
2026-01-09T14:52:57.558,       0.02,       -0.03,        0.58,       0.59
2026-01-09T14:52:58.071,       0.01,       -0.00,        0.45,       0.45
2026-01-09T14:52:58.587,      -0.01,       -0.01,        0.41,       0.41
2026-01-09T14:52:59.089,       0.02,       -0.01,        0.25,       0.25
2026-01-09T14:52:59.606,       0.02,        0.00,        0.20,       0.20
2026-01-09T14:53:00.119,       0.02,       -0.00,        0.13,       0.14
2026-01-09T14:53:00.621,       0.03,       -0.01,        0.07,       0.08
2026-01-09T14:53:01.137,       0.01,       -0.04,        0.05,       0.07
2026-01-09T14:53:01.654,       0.00,       -0.03,        0.05,       0.06
2026-01-09T14:53:02.167,       0.02,       -0.01,        0.04,       0.05
2026-01-09T14:53:02.683,       0.02,       -0.01,        0.09,       0.09
2026-01-09T14:53:03.199,       0.03,       -0.00,        0.01,       0.03
2026-01-09T14:53:03.701,       0.01,       -0.03,       -0.08,       0.09
2026-01-09T14:53:04.214,       0.00,       -0.01,       -0.01,       0.02
2026-01-09T14:53:04.730,      -0.00,        0.01,        0.00,       0.01
2026-01-09T14:53:05.233,       0.01,       -0.01,       -0.01,       0.01
2026-01-09T14:53:05.747,       0.01,       -0.01,        0.00,       0.01
2026-01-09T14:53:06.262,       0.01,        0.01,        0.02,       0.03
2026-01-09T14:53:06.778,       0.02,        0.01,        0.01,       0.03
2026-01-09T14:53:07.280,       0.02,       -0.01,        0.02,       0.03
2026-01-09T14:53:07.795,       0.00,       -0.00,        0.05,       0.05
2026-01-09T14:53:08.310,       0.01,        0.01,       -0.01,       0.01
2026-01-09T14:53:08.826,       0.01,       -0.01,        0.00,       0.02
2026-01-09T14:53:09.346,       0.00,       -0.02,        0.01,       0.02
2026-01-09T14:53:09.861,       0.01,        0.00,       -0.12,       0.12
2026-01-09T14:53:10.424,       0.02,        0.01,       -0.17,       0.17
2026-01-09T14:53:10.926,       0.01,       -0.01,       -0.31,       0.31
2026-01-09T14:53:11.444,       0.02,       -0.02,       -0.44,       0.44
2026-01-09T14:53:11.956,       0.01,        0.00,       -0.51,       0.51
2026-01-09T14:53:12.472,       0.00,       -0.02,       -0.63,       0.63
2026-01-09T14:53:12.988,      -0.00,       -0.04,       -0.75,       0.75
2026-01-09T14:53:13.491,      -0.01,       -0.00,       -0.77,       0.77
2026-01-09T14:53:14.004,       0.01,       -0.00,       -0.94,       0.94
2026-01-09T14:53:14.520,       0.02,       -0.02,       -1.05,       1.05
2026-01-09T14:53:15.036,       0.02,       -0.00,       -1.12,       1.12
2026-01-09T14:53:15.540,       0.01,       -0.00,       -1.28,       1.28
2026-01-09T14:53:16.052,      -0.01,       -0.04,       -1.36,       1.36
2026-01-09T14:53:16.568,      -0.00,       -0.03,       -1.43,       1.43
2026-01-09T14:53:17.085,      -0.00,       -0.04,       -1.56,       1.56
2026-01-09T14:53:17.602,       0.01,       -0.02,       -1.72,       1.72
2026-01-09T14:53:18.168,      -0.00,       -0.01,       -1.75,       1.75
2026-01-09T14:53:18.718,       0.02,       -0.04,       -1.96,       1.96
2026-01-09T14:53:19.235,       0.03,       -0.02,       -2.00,       2.00
2026-01-09T14:53:19.750,      -0.00,       -0.01,       -2.00,       2.00
2026-01-09T14:53:20.264,      -0.00,       -0.03,       -1.99,       1.99
2026-01-09T14:53:20.780,      -0.01,       -0.02,       -1.97,       1.97
2026-01-09T14:53:21.296,       0.01,       -0.03,       -2.02,       2.02
2026-01-09T14:53:21.796,      -0.01,       -0.01,       -1.94,       1.94
2026-01-09T14:53:22.310,      -0.01,       -0.01,       -1.94,       1.94
2026-01-09T14:53:22.827,       0.00,       -0.02,       -1.94,       1.94
2026-01-09T14:53:23.343,      -0.01,       -0.02,       -1.95,       1.95
2026-01-09T14:53:23.862,      -0.00,        0.01,       -1.93,       1.93
2026-01-09T14:53:24.379,      -0.02,       -0.03,       -1.97,       1.97
2026-01-09T14:53:24.925,      -0.01,       -0.03,       -1.95,       1.95
2026-01-09T14:53:25.444,       0.01,       -0.04,       -1.99,       1.99
2026-01-09T14:53:25.960,      -0.00,       -0.03,       -1.97,       1.97
2026-01-09T14:53:26.475,      -0.01,       -0.01,       -1.95,       1.95
2026-01-09T14:53:26.990,       0.00,       -0.01,       -1.92,       1.92
2026-01-09T14:53:27.506,      -0.00,       -0.04,       -1.94,       1.94
2026-01-09T14:53:28.022,       0.00,       -0.05,       -1.98,       1.98
2026-01-09T14:53:28.522,       0.00,       -0.01,       -1.95,       1.95
2026-01-09T14:53:29.037,      -0.01,       -0.02,       -1.97,       1.97
2026-01-09T14:53:29.553,      -0.02,       -0.03,       -2.00,       2.00
2026-01-09T14:53:30.074,       0.00,       -0.00,       -1.93,       1.93
2026-01-09T14:53:30.588,      -0.01,       -0.05,       -1.77,       1.77
2026-01-09T14:53:31.102,      -0.01,       -0.05,       -1.67,       1.68
2026-01-09T14:53:31.618,      -0.02,       -0.03,       -1.53,       1.53
2026-01-09T14:53:32.135,      -0.01,       -0.03,       -1.34,       1.34
2026-01-09T14:53:32.654,       0.00,       -0.04,       -1.14,       1.14
2026-01-09T14:53:33.170,      -0.00,       -0.03,       -1.00,       1.00
2026-01-09T14:53:33.685,       0.02,       -0.02,       -0.85,       0.85
2026-01-09T14:53:34.199,      -0.00,       -0.00,       -0.69,       0.69
2026-01-09T14:53:34.701,      -0.01,       -0.01,       -0.57,       0.57
2026-01-09T14:53:35.217,      -0.01,       -0.00,       -0.43,       0.43
2026-01-09T14:53:35.730,       0.01,       -0.00,       -0.38,       0.38
2026-01-09T14:53:36.246,       0.01,        0.01,       -0.25,       0.26
2026-01-09T14:53:36.763,       0.01,       -0.00,       -0.18,       0.18
2026-01-09T14:53:37.281,       0.02,       -0.03,       -0.09,       0.10
2026-01-09T14:53:37.797,       0.00,       -0.01,       -0.01,       0.01
2026-01-09T14:53:38.314,      -0.00,       -0.01,        0.01,       0.02
2026-01-09T14:53:38.861,       0.01,       -0.01,       -0.02,       0.02
2026-01-09T14:53:39.379,       0.00,        0.01,        0.03,       0.03
2026-01-09T14:53:39.895,       0.02,        0.00,        0.02,       0.03
2026-01-09T14:53:40.410,       0.02,        0.00,       -0.02,       0.03
2026-01-09T14:53:40.923,       0.00,        0.00,        0.00,       0.01
2026-01-09T14:53:41.440,      -0.00,       -0.00,        0.02,       0.02
2026-01-09T14:53:41.942,      -0.01,        0.00,        0.04,       0.04
2026-01-09T14:53:42.457,       0.02,        0.01,        0.00,       0.02
2026-01-09T14:53:42.972,       0.01,       -0.01,       -0.01,       0.01
2026-01-09T14:53:43.488,       0.01,       -0.00,        0.00,       0.01
2026-01-09T14:53:44.008,       0.00,        0.00,        0.02,       0.02
2026-01-09T14:53:44.523,       0.01,        0.01,       -0.01,       0.02
2026-01-09T14:53:45.037,       0.01,       -0.01,        0.00,       0.02
2026-01-09T14:53:45.554,       0.02,        0.01,        0.00,       0.02
2026-01-09T14:53:46.069,       0.00,        0.01,       -0.02,       0.02
2026-01-09T14:53:46.588,       0.00,       -0.02,        0.03,       0.04
2026-01-09T14:53:47.105,       0.01,       -0.04,        0.01,       0.04
2026-01-09T14:53:47.618,       0.02,       -0.11,        0.05,       0.12
2026-01-09T14:53:48.133,       0.01,       -0.21,       -0.02,       0.22
2026-01-09T14:53:48.649,       0.01,       -0.37,       -0.00,       0.37
2026-01-09T14:53:49.165,       0.01,       -0.47,       -0.00,       0.47
2026-01-09T14:53:49.664,       0.01,       -0.52,        0.05,       0.52
2026-01-09T14:53:50.181,       0.00,       -0.62,        0.04,       0.62
2026-01-09T14:53:50.698,       0.01,       -0.73,        0.00,       0.73
2026-01-09T14:53:51.216,      -0.00,       -0.84,       -0.00,       0.84
2026-01-09T14:53:51.732,       0.01,       -0.96,        0.05,       0.96
2026-01-09T14:53:52.249,       0.01,       -1.04,        0.01,       1.04
2026-01-09T14:53:52.762,       0.03,       -1.15,        0.11,       1.16
2026-01-09T14:53:53.278,       0.01,       -1.23,        0.08,       1.23
2026-01-09T14:53:53.795,       0.00,       -1.32,        0.08,       1.32
2026-01-09T14:53:54.313,       0.00,       -1.43,        0.09,       1.43
2026-01-09T14:53:54.828,       0.01,       -1.51,        0.10,       1.51
2026-01-09T14:53:55.345,       0.01,       -1.56,        0.05,       1.56
2026-01-09T14:53:55.858,       0.01,       -1.68,        0.03,       1.68
2026-01-09T14:53:56.374,      -0.01,       -1.74,        0.01,       1.74
2026-01-09T14:53:56.891,       0.01,       -1.85,        0.02,       1.85
2026-01-09T14:53:57.409,       0.01,       -1.89,       -0.00,       1.89
2026-01-09T14:53:57.925,       0.02,       -1.96,       -0.02,       1.96
2026-01-09T14:53:58.440,       0.01,       -2.01,       -0.06,       2.01
2026-01-09T14:53:59.005,       0.02,       -2.06,       -0.05,       2.06
2026-01-09T14:53:59.524,       0.00,       -2.04,       -0.05,       2.04
2026-01-09T14:54:00.090,       0.02,       -2.05,       -0.05,       2.05
2026-01-09T14:54:00.637,       0.02,       -2.07,       -0.03,       2.07
2026-01-09T14:54:01.155,       0.00,       -2.05,       -0.01,       2.05
2026-01-09T14:54:01.669,       0.00,       -2.05,        0.00,       2.05
2026-01-09T14:54:02.186,       0.01,       -2.08,       -0.02,       2.08
2026-01-09T14:54:02.701,       0.01,       -2.06,       -0.03,       2.06
2026-01-09T14:54:03.220,       0.02,       -2.07,        0.02,       2.07
2026-01-09T14:54:03.737,       0.00,       -2.05,        0.01,       2.05
2026-01-09T14:54:04.252,       0.01,       -2.07,        0.00,       2.07
2026-01-09T14:54:04.764,      -0.00,       -2.06,       -0.07,       2.07
2026-01-09T14:54:05.282,      -0.01,       -2.07,       -0.04,       2.07
2026-01-09T14:54:05.797,      -0.00,       -2.06,       -0.03,       2.07
2026-01-09T14:54:06.299,       0.00,       -2.06,        0.02,       2.06
2026-01-09T14:54:06.813,       0.02,       -2.07,       -0.06,       2.07
2026-01-09T14:54:07.330,       0.05,       -2.02,       -0.07,       2.02
2026-01-09T14:54:07.845,       0.02,       -2.03,       -0.06,       2.03
2026-01-09T14:54:08.364,       0.01,       -2.04,       -0.05,       2.04
2026-01-09T14:54:08.881,       0.01,       -2.06,       -0.06,       2.06
2026-01-09T14:54:09.394,       0.02,       -2.06,       -0.05,       2.07
2026-01-09T14:54:09.910,       0.01,       -2.07,       -0.05,       2.07
2026-01-09T14:54:10.427,       0.03,       -2.07,       -0.04,       2.07
2026-01-09T14:54:10.945,       0.03,       -2.04,       -0.00,       2.04
2026-01-09T14:54:11.460,       0.01,       -2.06,       -0.04,       2.06
2026-01-09T14:54:11.977,      -0.01,       -2.05,       -0.03,       2.05
2026-01-09T14:54:12.489,       0.01,       -2.06,       -0.06,       2.06
2026-01-09T14:54:13.006,       0.00,       -2.06,       -0.04,       2.06
2026-01-09T14:54:13.508,      -0.00,       -2.06,       -0.05,       2.06
2026-01-09T14:54:14.025,      -0.00,       -2.06,       -0.03,       2.06
2026-01-09T14:54:14.538,       0.03,       -2.03,       -0.03,       2.03
2026-01-09T14:54:15.054,       0.02,       -1.93,        0.03,       1.93
2026-01-09T14:54:15.570,       0.02,       -1.78,        0.03,       1.78
2026-01-09T14:54:16.089,       0.03,       -1.64,        0.03,       1.64
2026-01-09T14:54:16.605,       0.02,       -1.49,        0.04,       1.49
2026-01-09T14:54:17.120,       0.03,       -1.36,        0.06,       1.37
2026-01-09T14:54:17.619,       0.03,       -1.21,        0.03,       1.21
2026-01-09T14:54:18.137,       0.04,       -1.03,        0.03,       1.03
2026-01-09T14:54:18.653,       0.03,       -0.93,        0.07,       0.93
2026-01-09T14:54:19.167,       0.02,       -0.80,       -0.00,       0.80
2026-01-09T14:54:19.682,       0.05,       -0.62,        0.02,       0.63
2026-01-09T14:54:20.184,       0.03,       -0.51,       -0.00,       0.51
2026-01-09T14:54:20.698,       0.02,       -0.39,       -0.08,       0.40
2026-01-09T14:54:21.215,       0.05,       -0.29,       -0.04,       0.30
2026-01-09T14:54:21.730,       0.04,       -0.21,        0.01,       0.21
2026-01-09T14:54:22.249,       0.02,       -0.10,       -0.04,       0.11
2026-01-09T14:54:22.766,       0.01,       -0.07,        0.02,       0.07
2026-01-09T14:54:23.281,       0.04,       -0.01,       -0.02,       0.04
2026-01-09T14:54:23.795,       0.03,        0.02,       -0.04,       0.06
2026-01-09T14:54:24.312,       0.04,        0.03,       -0.04,       0.06
2026-01-09T14:54:24.827,       0.01,        0.02,        0.00,       0.03
2026-01-09T14:54:25.346,       0.01,       -0.00,       -0.01,       0.01
2026-01-09T14:54:25.862,       0.01,        0.02,       -0.02,       0.03
2026-01-09T14:54:26.374,       0.02,        0.02,       -0.01,       0.03
2026-01-09T14:54:26.941,       0.01,        0.01,       -0.04,       0.04
2026-01-09T14:54:27.443,       0.02,        0.02,       -0.01,       0.03
2026-01-09T14:54:27.960,       0.01,       -0.02,       -0.02,       0.03
2026-01-09T14:54:28.473,       0.01,       -0.01,       -0.02,       0.03
2026-01-09T14:54:28.989,       0.01,        0.02,        0.01,       0.03
2026-01-09T14:54:29.506,       0.01,        0.01,       -0.05,       0.05
2026-01-09T14:54:30.024,       0.01,        0.02,       -0.02,       0.03
2026-01-09T14:54:30.540,       0.01,        0.02,       -0.02,       0.03
2026-01-09T14:54:31.055,       0.02,        0.02,        0.00,       0.02
2026-01-09T14:54:31.569,       0.02,        0.02,        0.01,       0.03
2026-01-09T14:54:32.085,       0.02,       -0.00,       -0.06,       0.06
2026-01-09T14:54:32.605,       0.02,        0.02,       -0.03,       0.04
2026-01-09T14:54:33.120,       0.02,        0.02,       -0.02,       0.03
2026-01-09T14:54:33.633,       0.01,        0.00,       -0.01,       0.01
2026-01-09T14:54:34.151,       0.00,        0.01,       -0.05,       0.05
2026-01-09T14:54:34.653,       0.04,        0.09,        0.02,       0.10
2026-01-09T14:54:35.168,       0.01,        0.27,       -0.05,       0.28
2026-01-09T14:54:35.682,       0.02,        0.40,       -0.03,       0.40
2026-01-09T14:54:36.199,       0.03,        0.50,       -0.02,       0.50
2026-01-09T14:54:36.714,       0.04,        0.59,       -0.02,       0.59
2026-01-09T14:54:37.233,       0.02,        0.73,       -0.03,       0.73
2026-01-09T14:54:37.779,       0.02,        0.88,       -0.09,       0.88
2026-01-09T14:54:38.296,       0.00,        1.03,       -0.06,       1.03
2026-01-09T14:54:38.828,       0.05,        1.15,       -0.04,       1.15
2026-01-09T14:54:39.331,       0.03,        1.26,        0.01,       1.26
2026-01-09T14:54:39.847,       0.00,        1.35,        0.00,       1.35
2026-01-09T14:54:40.360,       0.03,        1.47,       -0.05,       1.47
2026-01-09T14:54:40.876,       0.03,        1.55,       -0.08,       1.55
2026-01-09T14:54:41.393,       0.03,        1.65,       -0.06,       1.65
2026-01-09T14:54:41.911,       0.01,        1.75,       -0.07,       1.75
2026-01-09T14:54:42.427,       0.04,        1.85,       -0.01,       1.85
2026-01-09T14:54:42.977,       0.02,        1.89,       -0.03,       1.90
2026-01-09T14:54:43.493,       0.03,        1.94,       -0.02,       1.95
2026-01-09T14:54:44.008,       0.06,        1.98,       -0.01,       1.98
2026-01-09T14:54:44.522,       0.04,        1.99,       -0.04,       1.99
2026-01-09T14:54:45.024,       0.05,        2.00,       -0.04,       2.00
2026-01-09T14:54:45.541,       0.01,        1.98,       -0.04,       1.98
2026-01-09T14:54:46.056,       0.02,        1.99,       -0.07,       1.99
2026-01-09T14:54:46.570,       0.00,        1.97,       -0.05,       1.97
2026-01-09T14:54:47.087,       0.01,        1.97,       -0.05,       1.97
2026-01-09T14:54:47.602,       0.01,        1.94,       -0.10,       1.94
2026-01-09T14:54:48.121,       0.01,        1.96,       -0.09,       1.96
2026-01-09T14:54:48.638,       0.02,        1.98,       -0.06,       1.98
2026-01-09T14:54:49.199,       0.01,        1.98,       -0.04,       1.98
2026-01-09T14:54:49.702,       0.01,        1.98,       -0.04,       1.98
2026-01-09T14:54:50.218,       0.03,        1.95,       -0.07,       1.95
2026-01-09T14:54:50.735,       0.03,        1.96,       -0.05,       1.96
2026-01-09T14:54:51.248,       0.01,        1.98,       -0.11,       1.99
2026-01-09T14:54:51.764,       0.00,        1.96,       -0.13,       1.96
2026-01-09T14:54:52.281,       0.01,        1.96,       -0.08,       1.96
2026-01-09T14:54:52.799,       0.01,        1.97,       -0.06,       1.97
2026-01-09T14:54:53.313,       0.01,        1.98,       -0.04,       1.98
2026-01-09T14:54:53.865,       0.01,        1.99,       -0.04,       1.99
2026-01-09T14:54:54.395,       0.01,        1.96,       -0.10,       1.96
2026-01-09T14:54:54.897,       0.01,        1.93,       -0.05,       1.93
2026-01-09T14:54:55.410,      -0.01,        1.78,       -0.07,       1.79
2026-01-09T14:54:55.927,       0.04,        1.62,       -0.13,       1.63
2026-01-09T14:54:56.442,       0.02,        1.51,       -0.07,       1.51
2026-01-09T14:54:56.961,       0.01,        1.41,       -0.09,       1.42
2026-01-09T14:54:57.528,       0.02,        1.25,       -0.01,       1.25
2026-01-09T14:54:58.041,       0.00,        1.07,       -0.01,       1.07
2026-01-09T14:54:58.543,       0.02,        0.96,       -0.04,       0.96
2026-01-09T14:54:59.059,       0.01,        0.87,        0.05,       0.87
2026-01-09T14:54:59.576,       0.01,        0.70,       -0.02,       0.70
2026-01-09T14:55:00.088,       0.01,        0.64,        0.02,       0.64
2026-01-09T14:55:00.604,       0.02,        0.54,        0.03,       0.54
2026-01-09T14:55:01.121,       0.01,        0.49,       -0.03,       0.49
2026-01-09T14:55:01.639,       0.02,        0.41,        0.02,       0.41
2026-01-09T14:55:02.152,       0.01,        0.27,        0.05,       0.27
2026-01-09T14:55:02.670,       0.01,        0.19,        0.06,       0.20
2026-01-09T14:55:03.185,       0.03,        0.13,        0.04,       0.14
2026-01-09T14:55:03.687,       0.03,        0.09,        0.03,       0.10
2026-01-09T14:55:04.201,       0.02,        0.03,       -0.01,       0.03
2026-01-09T14:55:04.718,       0.01,        0.01,       -0.01,       0.02
2026-01-09T14:55:05.233,       0.02,        0.03,       -0.00,       0.04
2026-01-09T14:55:05.752,       0.06,        0.04,       -0.06,       0.09
2026-01-09T14:55:06.269,       0.05,        0.05,       -0.08,       0.11
2026-01-09T14:55:06.816,       0.01,        0.02,       -0.02,       0.03
2026-01-09T14:55:07.333,       0.00,        0.01,        0.03,       0.03
2026-01-09T14:55:07.850,       0.01,        0.02,        0.02,       0.03
2026-01-09T14:55:08.366,       0.02,       -0.00,       -0.02,       0.03
2026-01-09T14:55:08.879,       0.01,        0.01,        0.01,       0.02
2026-01-09T14:55:09.395,       0.00,       -0.01,       -0.03,       0.03
2026-01-09T14:55:09.912,       0.01,        0.01,       -0.03,       0.03
2026-01-09T14:55:10.431,       0.01,        0.00,       -0.04,       0.04
2026-01-09T14:55:10.946,       0.02,       -0.01,       -0.03,       0.04
2026-01-09T14:55:11.463,       0.02,       -0.01,       -0.04,       0.05
2026-01-09T14:55:11.975,       0.02,        0.01,        0.03,       0.04
2026-01-09T14:55:12.492,       0.01,       -0.00,       -0.03,       0.03
2026-01-09T14:55:13.009,      -0.00,       -0.02,       -0.06,       0.07
2026-01-09T14:55:13.511,      -0.00,        0.01,        0.00,       0.01
2026-01-09T14:55:14.023,       0.01,        0.01,       -0.01,       0.02
2026-01-09T14:55:14.539,       0.01,        0.00,        0.01,       0.02
2026-01-09T14:55:15.056,       0.02,        0.00,        0.00,       0.02
2026-01-09T14:55:15.574,       0.01,       -0.02,       -0.00,       0.02
2026-01-09T14:55:16.088,      -0.00,        0.01,       -0.03,       0.03
2026-01-09T14:55:16.654,       0.02,       -0.00,       -0.02,       0.02
2026-01-09T14:55:17.157,       0.01,       -0.00,       -0.01,       0.01
2026-01-09T14:55:17.670,      -0.10,        0.01,       -0.02,       0.10
2026-01-09T14:55:18.185,      -0.21,       -0.01,       -0.05,       0.22
2026-01-09T14:55:18.702,      -0.27,        0.02,       -0.01,       0.27
2026-01-09T14:55:19.221,      -0.38,        0.02,       -0.04,       0.38
2026-01-09T14:55:19.736,      -0.47,       -0.00,       -0.07,       0.47
2026-01-09T14:55:20.253,      -0.53,       -0.00,       -0.10,       0.54
2026-01-09T14:55:20.800,      -0.68,       -0.00,       -0.03,       0.68
2026-01-09T14:55:21.319,      -0.79,        0.03,        0.01,       0.79
2026-01-09T14:55:21.834,      -0.90,        0.03,        0.02,       0.90
2026-01-09T14:55:22.349,      -1.01,        0.01,       -0.02,       1.01
2026-01-09T14:55:22.864,      -1.13,        0.00,       -0.02,       1.13
2026-01-09T14:55:23.366,      -1.21,        0.01,       -0.02,       1.21
2026-01-09T14:55:23.882,      -1.34,        0.00,       -0.08,       1.34
2026-01-09T14:55:24.397,      -1.46,        0.00,       -0.06,       1.46
2026-01-09T14:55:24.911,      -1.57,       -0.01,       -0.02,       1.57
2026-01-09T14:55:25.428,      -1.68,        0.01,       -0.01,       1.68
2026-01-09T14:55:25.930,      -1.77,        0.01,       -0.02,       1.77
2026-01-09T14:55:26.443,      -1.89,        0.01,       -0.01,       1.89
2026-01-09T14:55:26.958,      -1.99,        0.00,        0.01,       1.99
2026-01-09T14:55:27.475,      -2.01,        0.02,        0.02,       2.01
2026-01-09T14:55:27.995,      -2.01,        0.01,       -0.00,       2.01
2026-01-09T14:55:28.510,      -1.99,        0.01,       -0.02,       1.99
2026-01-09T14:55:29.024,      -1.97,        0.01,       -0.00,       1.97
2026-01-09T14:55:29.576,      -1.99,        0.02,       -0.02,       1.99
2026-01-09T14:55:30.093,      -1.99,        0.00,       -0.02,       1.99
2026-01-09T14:55:30.606,      -1.99,        0.02,        0.01,       1.99
2026-01-09T14:55:31.122,      -1.98,       -0.00,        0.02,       1.98
2026-01-09T14:55:31.624,      -2.00,       -0.02,       -0.03,       2.00
2026-01-09T14:55:32.141,      -2.01,        0.02,        0.06,       2.01
2026-01-09T14:55:32.653,      -2.00,        0.00,        0.03,       2.00
2026-01-09T14:55:33.169,      -1.98,        0.02,        0.02,       1.98
2026-01-09T14:55:33.686,      -1.99,        0.01,        0.02,       1.99
2026-01-09T14:55:34.204,      -1.99,       -0.03,        0.03,       1.99
2026-01-09T14:55:34.750,      -1.99,        0.01,        0.03,       1.99
2026-01-09T14:55:35.266,      -1.99,        0.01,        0.01,       1.99
2026-01-09T14:55:35.784,      -1.99,        0.01,       -0.01,       1.99
2026-01-09T14:55:36.302,      -1.98,        0.00,        0.01,       1.98
2026-01-09T14:55:36.816,      -2.00,       -0.02,       -0.03,       2.00
2026-01-09T14:55:37.332,      -1.98,       -0.00,        0.04,       1.98
2026-01-09T14:55:37.835,      -2.00,        0.02,        0.05,       2.00
2026-01-09T14:55:38.350,      -1.99,        0.01,        0.02,       1.99
2026-01-09T14:55:38.863,      -1.99,        0.01,        0.08,       1.99
2026-01-09T14:55:39.380,      -1.92,        0.01,        0.05,       1.92
2026-01-09T14:55:39.895,      -1.84,        0.01,        0.00,       1.84
2026-01-09T14:55:40.398,      -1.73,        0.01,        0.01,       1.73
2026-01-09T14:55:40.911,      -1.60,        0.02,        0.00,       1.60
2026-01-09T14:55:41.428,      -1.53,       -0.00,       -0.08,       1.53
2026-01-09T14:55:41.942,      -1.42,       -0.01,       -0.06,       1.43
2026-01-09T14:55:42.462,      -1.29,        0.01,       -0.05,       1.29
2026-01-09T14:55:42.979,      -1.16,       -0.01,       -0.02,       1.16
2026-01-09T14:55:43.491,      -1.06,       -0.03,       -0.06,       1.06
2026-01-09T14:55:44.044,      -0.96,       -0.01,       -0.05,       0.96
2026-01-09T14:55:44.559,      -0.81,       -0.02,       -0.04,       0.82
2026-01-09T14:55:45.076,      -0.67,       -0.02,       -0.04,       0.67
2026-01-09T14:55:45.588,      -0.56,       -0.02,       -0.00,       0.56
2026-01-09T14:55:46.105,      -0.47,       -0.00,        0.02,       0.47
2026-01-09T14:55:46.607,      -0.36,        0.00,       -0.02,       0.36
2026-01-09T14:55:47.125,      -0.25,       -0.01,       -0.06,       0.25
2026-01-09T14:55:47.637,      -0.18,        0.02,       -0.02,       0.19
2026-01-09T14:55:48.139,      -0.13,       -0.01,       -0.02,       0.13
2026-01-09T14:55:48.655,      -0.06,       -0.00,       -0.04,       0.07
2026-01-09T14:55:49.172,      -0.03,       -0.02,       -0.04,       0.05
2026-01-09T14:55:49.684,      -0.04,       -0.01,       -0.09,       0.10
2026-01-09T14:55:50.187,      -0.03,       -0.01,       -0.05,       0.06
2026-01-09T14:55:50.703,      -0.03,       -0.01,        0.01,       0.03
2026-01-09T14:55:51.220,      -0.03,        0.03,       -0.00,       0.04
2026-01-09T14:55:51.733,      -0.04,       -0.00,       -0.02,       0.05
2026-01-09T14:55:52.249,      -0.05,        0.00,        0.01,       0.05
2026-01-09T14:55:52.750,      -0.03,        0.00,       -0.02,       0.03
2026-01-09T14:55:53.267,      -0.04,       -0.00,       -0.04,       0.06
2026-01-09T14:55:53.780,      -0.04,        0.02,        0.02,       0.05
2026-01-09T14:55:54.295,      -0.04,        0.00,       -0.02,       0.04
2026-01-09T14:55:54.812,      -0.02,       -0.00,       -0.01,       0.02
2026-01-09T14:55:55.331,      -0.03,        0.00,       -0.01,       0.04
2026-01-09T14:55:55.845,      -0.05,       -0.01,        0.01,       0.05
2026-01-09T14:55:56.397,      -0.03,        0.01,       -0.01,       0.03
2026-01-09T14:55:56.914,      -0.03,        0.01,        0.01,       0.03
2026-01-09T14:55:57.427,      -0.03,        0.02,        0.03,       0.04
2026-01-09T14:55:57.943,      -0.02,        0.00,       -0.01,       0.02
2026-01-09T14:55:58.445,      -0.04,       -0.03,       -0.07,       0.09
2026-01-09T14:55:58.961,      -0.04,        0.01,       -0.03,       0.05
2026-01-09T14:55:59.474,      -0.04,        0.00,       -0.03,       0.05
2026-01-09T14:55:59.990,      -0.04,       -0.00,        0.01,       0.04
2026-01-09T14:56:00.507,       0.03,        0.02,       -0.00,       0.03
2026-01-09T14:56:01.025,       0.13,        0.01,        0.07,       0.15
2026-01-09T14:56:01.541,       0.27,        0.01,        0.11,       0.29
2026-01-09T14:56:02.106,       0.38,       -0.00,        0.07,       0.39
2026-01-09T14:56:02.658,       0.50,        0.02,        0.08,       0.50
2026-01-09T14:56:03.174,       0.65,        0.04,        0.11,       0.66
2026-01-09T14:56:03.686,       0.80,        0.02,        0.07,       0.81
2026-01-09T14:56:04.202,       0.92,        0.02,        0.05,       0.93
2026-01-09T14:56:04.705,       1.03,        0.01,        0.01,       1.03
2026-01-09T14:56:05.220,       1.15,       -0.02,        0.01,       1.15
2026-01-09T14:56:05.734,       1.26,        0.02,        0.04,       1.26
2026-01-09T14:56:06.251,       1.38,        0.01,       -0.05,       1.38
2026-01-09T14:56:06.765,       1.47,       -0.03,       -0.05,       1.47
2026-01-09T14:56:07.285,       1.58,       -0.00,       -0.07,       1.58
2026-01-09T14:56:07.802,       1.68,       -0.02,       -0.06,       1.68
2026-01-09T14:56:08.314,       1.78,        0.00,        0.01,       1.78
2026-01-09T14:56:08.867,       1.89,        0.00,        0.01,       1.89
2026-01-09T14:56:09.412,       1.94,        0.02,        0.00,       1.94
2026-01-09T14:56:09.928,       1.99,       -0.01,       -0.04,       1.99
2026-01-09T14:56:10.431,       2.00,       -0.01,       -0.03,       2.00
2026-01-09T14:56:10.946,       2.01,       -0.01,       -0.02,       2.01
2026-01-09T14:56:11.460,       2.01,       -0.02,       -0.08,       2.01
2026-01-09T14:56:11.977,       2.00,        0.00,       -0.04,       2.00
2026-01-09T14:56:12.479,       2.01,        0.02,       -0.03,       2.01
2026-01-09T14:56:12.993,       2.02,       -0.00,       -0.01,       2.02
2026-01-09T14:56:13.508,       1.98,       -0.00,       -0.04,       1.98
2026-01-09T14:56:14.024,       2.00,        0.02,       -0.00,       2.00
2026-01-09T14:56:14.545,       2.00,       -0.02,       -0.02,       2.00
2026-01-09T14:56:15.091,       2.03,        0.01,       -0.01,       2.03
2026-01-09T14:56:15.605,       2.01,        0.01,       -0.00,       2.01
2026-01-09T14:56:16.125,       2.02,        0.00,       -0.03,       2.02
2026-01-09T14:56:16.642,       2.01,        0.00,       -0.04,       2.01
2026-01-09T14:56:17.154,       2.02,       -0.01,       -0.01,       2.02
2026-01-09T14:56:17.671,       1.99,        0.00,        0.02,       1.99
2026-01-09T14:56:18.187,       2.01,       -0.01,       -0.04,       2.01
2026-01-09T14:56:18.706,       2.02,       -0.00,       -0.04,       2.02
2026-01-09T14:56:19.252,       2.00,        0.01,        0.01,       2.00
2026-01-09T14:56:19.768,       2.01,        0.01,       -0.05,       2.01
2026-01-09T14:56:20.285,       2.01,       -0.02,       -0.00,       2.01
2026-01-09T14:56:20.804,       2.00,       -0.00,       -0.04,       2.00
2026-01-09T14:56:21.349,       2.00,       -0.01,       -0.05,       2.01
2026-01-09T14:56:21.869,       2.02,        0.00,       -0.01,       2.02
2026-01-09T14:56:22.386,       2.01,        0.00,       -0.03,       2.01
2026-01-09T14:56:22.901,       2.00,       -0.01,       -0.06,       2.00
2026-01-09T14:56:23.415,       2.00,       -0.02,       -0.08,       2.00
2026-01-09T14:56:23.932,       2.01,       -0.00,       -0.03,       2.01
2026-01-09T14:56:24.434,       1.88,       -0.01,       -0.04,       1.88
2026-01-09T14:56:24.949,       1.79,       -0.01,       -0.05,       1.79
2026-01-09T14:56:25.463,       1.66,        0.01,       -0.06,       1.66
2026-01-09T14:56:25.979,       1.56,       -0.00,       -0.05,       1.56
2026-01-09T14:56:26.494,       1.44,        0.00,       -0.07,       1.44
2026-01-09T14:56:27.014,       1.30,        0.00,       -0.04,       1.30
2026-01-09T14:56:27.530,       1.16,        0.04,       -0.00,       1.16
2026-01-09T14:56:28.092,       1.02,        0.03,        0.06,       1.02
2026-01-09T14:56:28.595,       0.88,        0.02,        0.07,       0.89
2026-01-09T14:56:29.111,       0.73,        0.03,        0.09,       0.74
2026-01-09T14:56:29.628,       0.62,        0.04,        0.06,       0.62
2026-01-09T14:56:30.140,       0.51,        0.02,        0.07,       0.51
2026-01-09T14:56:30.643,       0.38,        0.02,        0.06,       0.39
2026-01-09T14:56:31.159,       0.26,        0.02,        0.06,       0.27
2026-01-09T14:56:31.673,       0.19,        0.02,        0.05,       0.20
2026-01-09T14:56:32.188,       0.11,        0.01,       -0.03,       0.11
2026-01-09T14:56:32.705,       0.06,        0.00,       -0.02,       0.07
2026-01-09T14:56:33.224,       0.02,        0.01,        0.00,       0.02
2026-01-09T14:56:33.739,       0.01,       -0.00,       -0.02,       0.02
2026-01-09T14:56:34.252,       0.00,        0.01,       -0.01,       0.01
2026-01-09T14:56:34.769,       0.01,        0.00,       -0.00,       0.01
2026-01-09T14:56:35.273,       0.00,        0.01,       -0.01,       0.01
2026-01-09T14:56:35.787,       0.01,       -0.00,        0.04,       0.04
2026-01-09T14:56:36.300,       0.00,        0.02,        0.05,       0.05
2026-01-09T14:56:36.817,       0.01,       -0.00,        0.00,       0.01
2026-01-09T14:56:37.320,       0.01,       -0.02,        0.01,       0.02
2026-01-09T14:56:37.835,       0.02,        0.01,       -0.03,       0.04
2026-01-09T14:56:38.349,       0.00,        0.03,       -0.00,       0.03
2026-01-09T14:56:38.865,       0.01,       -0.00,        0.03,       0.03
2026-01-09T14:56:39.381,       0.02,       -0.01,       -0.02,       0.03
2026-01-09T14:56:39.900,       0.01,       -0.00,       -0.02,       0.02
2026-01-09T14:56:40.466,      -0.00,        0.04,        0.01,       0.04
2026-01-09T14:56:41.013,       0.01,        0.01,        0.00,       0.01
2026-01-09T14:56:41.531,       0.00,        0.02,       -0.03,       0.03
2026-01-09T14:56:42.047,       0.00,        0.00,        0.00,       0.01
2026-01-09T14:56:42.597,       0.00,        0.00,        0.04,       0.04
2026-01-09T14:56:43.114,       0.01,        0.02,        0.01,       0.02
2026-01-09T14:56:43.629,      -0.00,        0.02,        0.04,       0.05
2026-01-09T14:56:44.142,      -0.00,        0.01,        0.03,       0.03
2026-01-09T14:56:44.659,       0.00,       -0.00,        0.01,       0.01
2026-01-09T14:56:45.174,       0.01,        0.02,        0.02,       0.03
2026-01-09T14:56:45.693,       0.02,       -0.01,        0.02,       0.03
2026-01-09T14:56:46.210,       0.01,        0.00,       -0.01,       0.02
2026-01-09T14:56:46.722,      -0.01,        0.02,        0.01,       0.02
2026-01-09T14:56:47.288,       0.01,        0.02,        0.04,       0.04
2026-01-09T14:56:47.791,       0.01,       -0.00,        0.01,       0.01
2026-01-09T14:56:48.308,      -0.00,        0.02,       -0.01,       0.02
2026-01-09T14:56:48.821,      -0.01,        0.02,        0.01,       0.02
2026-01-09T14:56:49.337,       0.01,        0.00,        0.01,       0.01
2026-01-09T14:56:49.852,       0.01,       -0.00,       -0.00,       0.01
2026-01-09T14:56:50.371,       0.01,        0.02,        0.01,       0.02
2026-01-09T14:56:50.887,       0.01,       -0.01,        0.03,       0.03
2026-01-09T14:56:51.401,       0.01,        0.02,        0.04,       0.05
2026-01-09T14:56:51.916,       0.01,        0.00,        0.04,       0.04
2026-01-09T14:56:52.433,       0.02,        0.00,        0.02,       0.02
2026-01-09T14:56:52.953,       0.01,        0.02,       -0.03,       0.03
2026-01-09T14:56:53.468,      -0.00,        0.04,        0.03,       0.04
2026-01-09T14:56:53.981,       0.00,        0.01,        0.03,       0.03
2026-01-09T14:56:54.498,       0.01,        0.03,        0.03,       0.04
2026-01-09T14:56:55.013,      -0.01,       -0.01,       -0.00,       0.02
2026-01-09T14:56:55.533,       0.01,        0.01,        0.03,       0.04
2026-01-09T14:56:56.050,       0.01,       -0.01,        0.02,       0.02
2026-01-09T14:56:56.561,       0.01,        0.01,        0.02,       0.02
2026-01-09T14:56:57.115,       0.01,        0.01,        0.03,       0.03
2026-01-09T14:56:57.630,      -0.01,        0.02,       -0.00,       0.02
2026-01-09T14:56:58.147,       0.00,        0.02,       -0.01,       0.02
2026-01-09T14:56:58.660,       0.01,        0.01,        0.01,       0.02
2026-01-09T14:56:59.176,       0.01,       -0.01,        0.00,       0.01
2026-01-09T14:56:59.692,       0.00,        0.02,        0.05,       0.05
2026-01-09T14:57:00.211,       0.02,        0.01,        0.03,       0.04
2026-01-09T14:57:00.726,       0.00,       -0.00,        0.01,       0.01
2026-01-09T14:57:01.276,       0.00,       -0.01,        0.02,       0.02
2026-01-09T14:57:01.793,      -0.00,       -0.01,       -0.02,       0.02
2026-01-09T14:57:02.325,       0.01,        0.03,        0.02,       0.04
2026-01-09T14:57:02.842,       0.00,        0.03,       -0.02,       0.03
2026-01-09T14:57:03.354,       0.02,        0.01,        0.01,       0.02
2026-01-09T14:57:03.871,       0.01,        0.02,        0.04,       0.04
2026-01-09T14:57:04.388,       0.01,       -0.00,        0.00,       0.01
2026-01-09T14:57:04.906,       0.02,       -0.00,       -0.00,       0.02
2026-01-09T14:57:05.472,      -0.00,        0.03,        0.02,       0.04
2026-01-09T14:57:05.989,       0.01,       -0.01,       -0.01,       0.02
2026-01-09T14:57:06.550,       0.00,       -0.00,       -0.02,       0.02
2026-01-09T14:57:07.070,       0.01,        0.00,        0.00,       0.01
2026-01-09T14:57:07.587,       0.01,        0.01,        0.03,       0.03
2026-01-09T14:57:08.134,       0.00,        0.01,       -0.01,       0.01
2026-01-09T14:57:08.652,       0.02,       -0.01,        0.02,       0.02
2026-01-09T14:57:09.168,       0.01,        0.01,        0.02,       0.02
2026-01-09T14:57:09.685,       0.00,        0.02,        0.04,       0.04
2026-01-09T14:57:10.197,       0.02,        0.01,        0.01,       0.02
2026-01-09T14:57:10.713,       0.02,        0.01,        0.04,       0.04
2026-01-09T14:57:11.229,       0.02,       -0.00,        0.01,       0.02
2026-01-09T14:57:11.733,       0.01,        0.01,       -0.01,       0.01
2026-01-09T14:57:12.244,       0.02,        0.01,       -0.02,       0.04
2026-01-09T14:57:12.761,       0.00,       -0.00,        0.01,       0.01
2026-01-09T14:57:13.278,       0.02,       -0.00,        0.03,       0.04
2026-01-09T14:57:13.796,       0.03,       -0.01,        0.01,       0.03
2026-01-09T14:57:14.312,       0.01,        0.00,        0.04,       0.04
2026-01-09T14:57:14.826,       0.01,        0.02,        0.02,       0.03
2026-01-09T14:57:15.342,       0.01,        0.02,        0.02,       0.03
2026-01-09T14:57:15.858,       0.01,       -0.01,        0.03,       0.04
2026-01-09T14:57:16.378,      -0.00,        0.01,        0.07,       0.07
2026-01-09T14:57:16.893,       0.02,       -0.00,        0.01,       0.02
2026-01-09T14:57:17.407,       0.00,        0.03,        0.06,       0.07
2026-01-09T14:57:17.922,      -0.00,        0.02,        0.05,       0.05
2026-01-09T14:57:18.437,       0.01,       -0.00,       -0.01,       0.01
2026-01-09T14:57:18.957,       0.02,       -0.02,       -0.02,       0.03
2026-01-09T14:57:19.503,       0.01,       -0.01,       -0.02,       0.03
2026-01-09T14:57:20.020,       0.00,       -0.01,        0.00,       0.01
2026-01-09T14:57:20.539,       0.00,        0.02,       -0.01,       0.02
2026-01-09T14:57:21.055,       0.00,        0.02,        0.06,       0.06
2026-01-09T14:57:21.572,      -0.00,       -0.00,       -0.02,       0.02
2026-01-09T14:57:22.084,       0.00,       -0.00,       -0.01,       0.01
2026-01-09T14:57:22.601,       0.00,        0.01,       -0.01,       0.01
2026-01-09T14:57:23.117,       0.00,       -0.00,       -0.01,       0.01
2026-01-09T14:57:23.635,       0.01,       -0.00,       -0.02,       0.02
2026-01-09T14:57:24.182,       0.01,       -0.01,       -0.00,       0.01
2026-01-09T14:57:24.715,       0.00,       -0.00,        0.01,       0.01
2026-01-09T14:57:25.231,       0.01,        0.03,       -0.01,       0.03
2026-01-09T14:57:25.750,       0.02,       -0.01,       -0.02,       0.03
2026-01-09T14:57:26.267,       0.01,        0.01,       -0.03,       0.03
2026-01-09T14:57:26.813,       0.01,        0.00,       -0.01,       0.02
2026-01-09T14:57:27.332,       0.02,       -0.03,       -0.05,       0.06
2026-01-09T14:57:27.847,       0.02,        0.02,       -0.03,       0.04
2026-01-09T14:57:28.364,      -0.00,        0.02,        0.01,       0.02
2026-01-09T14:57:28.876,      -0.01,       -0.01,       -0.00,       0.01
2026-01-09T14:57:29.392,       0.02,       -0.00,       -0.02,       0.03
2026-01-09T14:57:29.909,       0.00,       -0.01,        0.02,       0.02
2026-01-09T14:57:30.412,      -0.00,       -0.01,       -0.02,       0.02
2026-01-09T14:57:30.924,       0.01,       -0.00,        0.01,       0.01
2026-01-09T14:57:31.441,       0.01,        0.01,        0.06,       0.06
2026-01-09T14:57:31.957,       0.01,        0.00,        0.00,       0.01
2026-01-09T14:57:32.476,       0.00,        0.02,        0.04,       0.04
2026-01-09T14:57:32.992,       0.01,        0.00,       -0.01,       0.02
2026-01-09T14:57:33.555,       0.01,        0.02,        0.02,       0.03
2026-01-09T14:57:34.070,       0.01,        0.00,        0.02,       0.02
2026-01-09T14:57:34.590,       0.01,       -0.02,        0.01,       0.03
2026-01-09T14:57:35.136,       0.00,        0.01,        0.02,       0.02
2026-01-09T14:57:35.653,       0.01,       -0.00,       -0.00,       0.01
2026-01-09T14:57:36.172,       0.01,       -0.02,       -0.03,       0.04
2026-01-09T14:57:36.687,       0.03,       -0.00,       -0.01,       0.03
2026-01-09T14:57:37.205,       0.00,       -0.00,       -0.04,       0.04
2026-01-09T14:57:37.718,       0.01,        0.00,        0.00,       0.01
2026-01-09T14:57:38.233,       0.01,        0.01,        0.01,       0.02
2026-01-09T14:57:38.750,       0.00,        0.01,       -0.01,       0.01
2026-01-09T14:57:39.268,       0.00,        0.01,        0.03,       0.04
2026-01-09T14:57:39.784,      -0.01,        0.01,        0.00,       0.01
2026-01-09T14:57:40.300,       0.00,       -0.01,        0.02,       0.02
2026-01-09T14:57:40.813,       0.02,        0.00,        0.03,       0.04
2026-01-09T14:57:41.330,       0.02,        0.02,        0.01,       0.03
2026-01-09T14:57:41.846,       0.02,        0.00,       -0.02,       0.03
2026-01-09T14:57:42.346,       0.01,       -0.01,       -0.00,       0.01
2026-01-09T14:57:42.862,       0.01,       -0.02,       -0.05,       0.06
2026-01-09T14:57:43.377,       0.03,        0.00,        0.01,       0.03
2026-01-09T14:57:43.894,       0.02,        0.01,       -0.00,       0.02
2026-01-09T14:57:44.413,       0.01,        0.00,       -0.01,       0.01
2026-01-09T14:57:44.926,       0.02,       -0.01,       -0.04,       0.04
2026-01-09T14:57:45.492,       0.02,       -0.01,       -0.03,       0.04
2026-01-09T14:57:45.995,       0.01,       -0.00,        0.01,       0.01
2026-01-09T14:57:46.507,       0.00,       -0.00,        0.04,       0.04
2026-01-09T14:57:47.024,       0.01,        0.02,        0.06,       0.07
2026-01-09T14:57:47.541,      -0.01,        0.01,        0.05,       0.05
2026-01-09T14:57:48.059,       0.00,       -0.01,        0.00,       0.01
2026-01-09T14:57:48.575,       0.01,        0.00,       -0.03,       0.03
2026-01-09T14:57:49.092,       0.01,        0.00,       -0.05,       0.05
2026-01-09T14:57:49.654,       0.00,       -0.01,       -0.02,       0.02
2026-01-09T14:57:50.157,       0.00,        0.02,       -0.01,       0.02
2026-01-09T14:57:50.673,       0.00,        0.01,        0.00,       0.01
2026-01-09T14:57:51.187,      -0.00,        0.01,        0.01,       0.01
2026-01-09T14:57:51.701,       0.00,        0.01,        0.00,       0.01
2026-01-09T14:57:52.218,       0.00,        0.00,       -0.01,       0.01
2026-01-09T14:57:52.738,      -0.00,        0.01,       -0.01,       0.02
2026-01-09T14:57:53.253,       0.02,       -0.01,       -0.02,       0.03
2026-01-09T14:57:53.767,      -0.00,       -0.00,        0.02,       0.02
2026-01-09T14:57:54.266,       0.01,       -0.01,        0.03,       0.03
2026-01-09T14:57:54.786,       0.02,       -0.01,        0.01,       0.02
2026-01-09T14:57:55.300,       0.01,        0.01,        0.04,       0.05
2026-01-09T14:57:55.814,       0.01,        0.01,       -0.03,       0.04
2026-01-09T14:57:56.331,       0.01,       -0.01,       -0.01,       0.02
2026-01-09T14:57:56.834,       0.01,       -0.02,       -0.03,       0.04
2026-01-09T14:57:57.348,      -0.00,        0.01,        0.02,       0.02
2026-01-09T14:57:57.862,       0.00,       -0.01,       -0.02,       0.02
2026-01-09T14:57:58.378,       0.01,       -0.02,        0.02,       0.03
2026-01-09T14:57:58.893,       0.00,        0.00,       -0.03,       0.03
2026-01-09T14:57:59.413,       0.01,        0.00,       -0.04,       0.04
2026-01-09T14:57:59.960,       0.01,        0.01,        0.01,       0.02
2026-01-09T14:58:00.476,       0.02,        0.01,        0.01,       0.03
2026-01-09T14:58:00.995,       0.01,       -0.00,       -0.01,       0.01
2026-01-09T14:58:01.511,       0.01,       -0.01,       -0.01,       0.02
2026-01-09T14:58:02.028,       0.01,        0.01,       -0.04,       0.04
2026-01-09T14:58:02.540,       0.02,        0.01,       -0.00,       0.02
2026-01-09T14:58:03.056,       0.01,        0.00,       -0.02,       0.02
2026-01-09T14:58:03.573,       0.02,        0.01,       -0.03,       0.04
2026-01-09T14:58:04.076,       0.00,        0.02,       -0.03,       0.03
2026-01-09T14:58:04.588,       0.01,        0.02,        0.03,       0.03
2026-01-09T14:58:05.104,       0.02,       -0.00,        0.00,       0.02
2026-01-09T14:58:05.620,       0.01,       -0.01,       -0.02,       0.03
2026-01-09T14:58:06.139,       0.00,        0.02,        0.01,       0.02
2026-01-09T14:58:06.655,       0.01,       -0.00,       -0.06,       0.06
2026-01-09T14:58:07.169,       0.00,       -0.00,       -0.04,       0.04
2026-01-09T14:58:07.684,       0.01,        0.01,        0.02,       0.03
2026-01-09T14:58:08.200,       0.02,        0.00,        0.01,       0.02
2026-01-09T14:58:08.721,       0.01,       -0.01,        0.00,       0.02
2026-01-09T14:58:09.236,       0.01,        0.00,        0.05,       0.05
2026-01-09T14:58:09.750,       0.01,        0.01,        0.01,       0.01
2026-01-09T14:58:10.267,      -0.01,        0.01,        0.01,       0.02
2026-01-09T14:58:10.782,       0.01,       -0.02,       -0.02,       0.03
2026-01-09T14:58:11.283,      -0.00,       -0.01,       -0.06,       0.06
2026-01-09T14:58:11.796,       0.01,       -0.01,       -0.05,       0.05
2026-01-09T14:58:12.313,       0.02,       -0.01,       -0.03,       0.03
2026-01-09T14:58:12.829,       0.01,       -0.01,        0.02,       0.03
2026-01-09T14:58:13.348,       0.01,        0.00,        0.03,       0.03
2026-01-09T14:58:13.865,       0.01,        0.02,       -0.01,       0.03
2026-01-09T14:58:14.427,       0.02,       -0.00,        0.02,       0.02
2026-01-09T14:58:14.944,       0.00,       -0.00,       -0.01,       0.01
2026-01-09T14:58:15.461,       0.01,       -0.02,       -0.02,       0.03
2026-01-09T14:58:15.979,       0.01,       -0.01,        0.01,       0.02
2026-01-09T14:58:16.495,       0.00,        0.02,        0.01,       0.02
2026-01-09T14:58:17.008,       0.00,       -0.01,       -0.02,       0.02
2026-01-09T14:58:17.561,       0.00,       -0.01,       -0.02,       0.03
2026-01-09T14:58:18.076,       0.01,       -0.01,       -0.01,       0.01
2026-01-09T14:58:18.589,       0.00,       -0.01,       -0.03,       0.03
2026-01-09T14:58:19.107,       0.01,        0.01,        0.04,       0.04
2026-01-09T14:58:19.622,       0.01,        0.03,        0.00,       0.03
2026-01-09T14:58:20.141,       0.02,       -0.00,        0.02,       0.02
2026-01-09T14:58:20.658,       0.02,       -0.00,        0.03,       0.04
2026-01-09T14:58:21.170,      -0.00,       -0.00,       -0.00,       0.00
2026-01-09T14:58:21.687,       0.00,       -0.00,        0.01,       0.01
2026-01-09T14:58:22.203,       0.00,        0.00,       -0.02,       0.02
2026-01-09T14:58:22.721,       0.00,        0.00,        0.02,       0.02
2026-01-09T14:58:23.267,       0.01,       -0.01,       -0.02,       0.03
2026-01-09T14:58:23.784,       0.00,       -0.01,        0.02,       0.02
2026-01-09T14:58:24.300,       0.01,        0.00,        0.01,       0.01
2026-01-09T14:58:24.819,       0.01,       -0.01,       -0.00,       0.01
2026-01-09T14:58:25.335,       0.02,       -0.01,        0.02,       0.03
2026-01-09T14:58:25.849,       0.00,        0.00,       -0.03,       0.03
2026-01-09T14:58:26.364,       0.00,        0.01,       -0.01,       0.01
2026-01-09T14:58:26.867,       0.01,        0.00,       -0.00,       0.01
2026-01-09T14:58:27.383,      -0.01,       -0.01,        0.00,       0.01
2026-01-09T14:58:27.897,       0.00,       -0.00,       -0.03,       0.03
2026-01-09T14:58:28.412,       0.01,        0.02,        0.01,       0.03
2026-01-09T14:58:28.927,       0.01,        0.01,       -0.04,       0.04
2026-01-09T14:58:29.448,       0.01,        0.00,        0.02,       0.02
2026-01-09T14:58:29.963,       0.00,       -0.00,       -0.01,       0.01
2026-01-09T14:58:30.476,       0.00,        0.03,        0.01,       0.03
2026-01-09T14:58:30.994,       0.00,        0.00,       -0.04,       0.04
2026-01-09T14:58:31.496,       0.01,        0.01,       -0.01,       0.02
2026-01-09T14:58:32.011,      -0.00,        0.01,       -0.01,       0.02
2026-01-09T14:58:32.524,       0.00,       -0.01,       -0.03,       0.03
2026-01-09T14:58:33.027,       0.01,        0.01,       -0.04,       0.04
2026-01-09T14:58:33.544,       0.02,        0.02,       -0.06,       0.07
2026-01-09T14:58:34.059,       0.02,        0.00,       -0.02,       0.03
2026-01-09T14:58:34.572,       0.02,       -0.01,       -0.02,       0.03
2026-01-09T14:58:35.089,       0.01,       -0.01,       -0.03,       0.03
2026-01-09T14:58:35.604,       0.02,        0.02,        0.04,       0.05
2026-01-09T14:58:36.107,       0.01,        0.01,        0.01,       0.02
2026-01-09T14:58:36.619,       0.00,        0.01,       -0.01,       0.01
2026-01-09T14:58:37.136,       0.01,       -0.01,       -0.02,       0.03
2026-01-09T14:58:37.651,       0.01,       -0.01,       -0.02,       0.02
2026-01-09T14:58:38.171,       0.02,       -0.01,       -0.05,       0.06
2026-01-09T14:58:38.688,       0.01,        0.00,        0.02,       0.02
2026-01-09T14:58:39.250,       0.01,       -0.00,       -0.01,       0.02
2026-01-09T14:58:39.753,       0.01,       -0.02,       -0.02,       0.03
2026-01-09T14:58:40.269,       0.01,       -0.01,       -0.00,       0.02
2026-01-09T14:58:40.786,       0.01,       -0.00,        0.01,       0.02
2026-01-09T14:58:41.298,       0.01,       -0.02,       -0.05,       0.05
2026-01-09T14:58:41.814,       0.01,       -0.01,       -0.04,       0.05
2026-01-09T14:58:42.316,       0.01,        0.01,        0.05,       0.06
2026-01-09T14:58:42.830,       0.01,        0.00,        0.01,       0.01
2026-01-09T14:58:43.345,       0.00,       -0.02,       -0.02,       0.03
2026-01-09T14:58:43.861,      -0.00,       -0.00,       -0.02,       0.02
2026-01-09T14:58:44.364,       0.03,       -0.03,       -0.08,       0.09
2026-01-09T14:58:44.878,       0.02,       -0.00,       -0.03,       0.03
2026-01-09T14:58:45.393,       0.02,       -0.01,       -0.06,       0.06
2026-01-09T14:58:45.909,       0.01,       -0.01,       -0.00,       0.01
2026-01-09T14:58:46.411,       0.01,       -0.00,       -0.02,       0.02
2026-01-09T14:58:46.926,       0.01,        0.00,       -0.04,       0.04
2026-01-09T14:58:47.441,       0.02,       -0.00,       -0.01,       0.02
2026-01-09T14:58:47.957,       0.00,        0.00,       -0.03,       0.03
2026-01-09T14:58:48.478,       0.02,        0.02,       -0.01,       0.03
2026-01-09T14:58:49.023,       0.01,       -0.02,       -0.03,       0.04
2026-01-09T14:58:49.539,       0.01,        0.01,       -0.01,       0.02
2026-01-09T14:58:50.058,       0.01,        0.01,        0.01,       0.02
2026-01-09T14:58:50.575,       0.02,       -0.00,       -0.00,       0.02
2026-01-09T14:58:51.087,       0.00,       -0.00,       -0.01,       0.01
2026-01-09T14:58:51.640,       0.01,       -0.00,       -0.00,       0.01
2026-01-09T14:58:52.156,       0.01,        0.02,        0.03,       0.04
2026-01-09T14:58:52.673,       0.01,        0.01,       -0.00,       0.01
2026-01-09T14:58:53.185,      -0.00,        0.01,       -0.00,       0.01
2026-01-09T14:58:53.688,       0.00,       -0.00,        0.03,       0.03
2026-01-09T14:58:54.204,       0.02,       -0.03,       -0.01,       0.04
2026-01-09T14:58:54.721,       0.00,       -0.03,       -0.00,       0.03
2026-01-09T14:58:55.232,       0.01,       -0.00,       -0.01,       0.01
2026-01-09T14:58:55.735,       0.02,       -0.00,        0.02,       0.03
2026-01-09T14:58:56.251,       0.02,        0.01,        0.01,       0.03
2026-01-09T14:58:56.765,       0.01,       -0.01,       -0.02,       0.03
2026-01-09T14:58:57.318,      -0.00,       -0.01,       -0.01,       0.02
2026-01-09T14:58:57.833,       0.01,        0.01,       -0.00,       0.01
2026-01-09T14:58:58.347,       0.01,       -0.01,        0.03,       0.03
2026-01-09T14:58:58.864,       0.01,        0.00,        0.00,       0.01
2026-01-09T14:58:59.379,       0.02,        0.01,        0.05,       0.05
2026-01-09T14:58:59.881,       0.01,       -0.00,       -0.01,       0.02
2026-01-09T14:59:00.394,       0.02,        0.01,        0.01,       0.03
2026-01-09T14:59:00.911,       0.01,       -0.01,       -0.04,       0.04
2026-01-09T14:59:01.426,       0.01,       -0.01,       -0.06,       0.06
2026-01-09T14:59:01.928,       0.01,        0.01,       -0.01,       0.02
2026-01-09T14:59:02.441,       0.02,       -0.02,       -0.02,       0.03
2026-01-09T14:59:02.958,       0.00,       -0.03,       -0.06,       0.07
2026-01-09T14:59:03.473,       0.01,        0.01,       -0.03,       0.04
2026-01-09T14:59:03.993,       0.00,        0.01,       -0.02,       0.02
2026-01-09T14:59:04.539,       0.01,       -0.00,       -0.01,       0.02
2026-01-09T14:59:05.056,      -0.00,       -0.00,        0.01,       0.01
2026-01-09T14:59:05.575,      -0.00,        0.01,        0.01,       0.02
2026-01-09T14:59:06.091,       0.01,        0.01,        0.02,       0.03
2026-01-09T14:59:06.608,       0.01,        0.01,        0.01,       0.02
2026-01-09T14:59:07.120,      -0.00,        0.00,       -0.04,       0.04
2026-01-09T14:59:07.623,       0.01,        0.01,        0.02,       0.03
2026-01-09T14:59:08.138,      -0.00,       -0.01,       -0.01,       0.02
2026-01-09T14:59:08.655,      -0.00,        0.00,       -0.01,       0.01
2026-01-09T14:59:09.255,       0.01,       -0.01,       -0.04,       0.04
2026-01-09T14:59:09.787,       0.02,        0.01,        0.02,       0.03
2026-01-09T14:59:10.304,       0.01,        0.00,        0.00,       0.01
2026-01-09T14:59:10.816,      -0.00,        0.03,        0.05,       0.06
2026-01-09T14:59:11.333,       0.00,        0.00,       -0.04,       0.04
2026-01-09T14:59:11.849,      -0.01,        0.03,        0.00,       0.03
2026-01-09T14:59:12.367,       0.02,       -0.02,        0.01,       0.03
2026-01-09T14:59:12.913,       0.02,        0.00,       -0.01,       0.02
2026-01-09T14:59:13.429,       0.02,       -0.01,       -0.00,       0.03
2026-01-09T14:59:13.950,       0.02,        0.02,       -0.05,       0.05
2026-01-09T14:59:14.465,       0.01,        0.01,        0.03,       0.03
2026-01-09T14:59:15.028,       0.01,        0.01,        0.01,       0.01
2026-01-09T14:59:15.531,       0.00,       -0.00,       -0.01,       0.01
2026-01-09T14:59:16.048,      -0.00,        0.01,        0.04,       0.04
2026-01-09T14:59:16.560,       0.00,        0.01,        0.03,       0.03
2026-01-09T14:59:17.075,       0.00,       -0.01,       -0.02,       0.02
2026-01-09T14:59:17.593,       0.00,       -0.00,       -0.02,       0.02
2026-01-09T14:59:18.095,       0.00,        0.02,       -0.02,       0.03
2026-01-09T14:59:18.607,       0.01,        0.01,        0.01,       0.02
2026-01-09T14:59:19.124,      -0.01,        0.01,       -0.01,       0.02
2026-01-09T14:59:19.640,       0.01,        0.03,       -0.04,       0.05
2026-01-09T14:59:20.159,      -0.00,        0.03,       -0.06,       0.06
2026-01-09T14:59:20.705,       0.00,       -0.00,       -0.02,       0.02
2026-01-09T14:59:21.222,      -0.00,       -0.00,       -0.07,       0.07
2026-01-09T14:59:21.738,      -0.02,        0.00,       -0.04,       0.05
2026-01-09T14:59:22.257,      -0.01,        0.03,        0.03,       0.04
2026-01-09T14:59:22.773,       0.01,        0.01,       -0.02,       0.03
2026-01-09T14:59:23.286,       0.01,        0.02,       -0.03,       0.04
2026-01-09T14:59:23.851,       0.01,       -0.01,        0.00,       0.01
2026-01-09T14:59:24.354,       0.00,        0.01,        0.03,       0.03
2026-01-09T14:59:24.867,       0.00,       -0.01,       -0.02,       0.03
2026-01-09T14:59:25.385,       0.02,       -0.01,       -0.01,       0.02
2026-01-09T14:59:25.899,       0.02,        0.01,        0.02,       0.03
2026-01-09T14:59:26.419,      -0.00,       -0.00,        0.01,       0.01
2026-01-09T14:59:26.986,       0.03,        0.00,       -0.01,       0.03
2026-01-09T14:59:27.547,       0.02,        0.01,       -0.01,       0.02
2026-01-09T14:59:28.050,       0.02,        0.01,       -0.00,       0.02
2026-01-09T14:59:28.563,       0.01,       -0.02,       -0.03,       0.04
2026-01-09T14:59:29.080,       0.01,       -0.02,       -0.05,       0.05
2026-01-09T14:59:29.595,       0.01,        0.01,       -0.02,       0.02
2026-01-09T14:59:30.115,       0.01,        0.01,        0.01,       0.01
2026-01-09T14:59:30.632,       0.02,        0.02,        0.03,       0.04
2026-01-09T14:59:31.195,       0.02,        0.02,        0.02,       0.04
2026-01-09T14:59:31.697,       0.02,        0.01,        0.01,       0.03
2026-01-09T14:59:32.213,      -0.00,       -0.01,       -0.00,       0.01
2026-01-09T14:59:32.728,       0.01,       -0.01,       -0.03,       0.03
2026-01-09T14:59:33.242,       0.01,        0.01,        0.02,       0.03
2026-01-09T14:59:33.744,       0.01,        0.01,        0.01,       0.02
2026-01-09T14:59:34.260,       0.01,        0.01,        0.02,       0.02
2026-01-09T14:59:34.777,      -0.00,        0.00,       -0.05,       0.05
2026-01-09T14:59:35.289,       0.01,        0.01,        0.04,       0.04
2026-01-09T14:59:35.806,       0.01,       -0.01,        0.01,       0.02
2026-01-09T14:59:36.322,       0.01,        0.00,       -0.02,       0.02
2026-01-09T14:59:36.841,       0.00,        0.00,       -0.01,       0.01
2026-01-09T14:59:37.357,       0.02,       -0.01,        0.01,       0.02
2026-01-09T14:59:37.874,       0.00,        0.02,       -0.01,       0.02
2026-01-09T14:59:38.387,      -0.00,       -0.01,        0.03,       0.03
2026-01-09T14:59:38.903,       0.01,       -0.01,        0.03,       0.04
2026-01-09T14:59:39.418,       0.00,        0.00,        0.02,       0.02
2026-01-09T14:59:39.918,       0.01,       -0.01,        0.00,       0.01
2026-01-09T14:59:40.434,       0.01,       -0.01,       -0.01,       0.01
2026-01-09T14:59:40.949,       0.01,       -0.01,       -0.02,       0.02
2026-01-09T14:59:41.467,      -0.00,       -0.01,       -0.01,       0.01
2026-01-09T14:59:41.985,      -0.00,       -0.01,       -0.01,       0.01
2026-01-09T14:59:42.498,       0.01,        0.01,       -0.05,       0.05
2026-01-09T14:59:43.015,      -0.00,       -0.02,       -0.02,       0.03
2026-01-09T14:59:43.531,       0.01,        0.02,       -0.01,       0.02
2026-01-09T14:59:44.050,      -0.00,        0.00,       -0.00,       0.00
2026-01-09T14:59:44.567,       0.00,       -0.00,        0.01,       0.01
2026-01-09T14:59:45.082,       0.01,       -0.01,       -0.01,       0.02
2026-01-09T14:59:45.595,       0.00,        0.00,       -0.03,       0.03
2026-01-09T14:59:46.112,      -0.00,       -0.00,        0.02,       0.02
2026-01-09T14:59:46.626,       0.01,        0.01,        0.01,       0.02
2026-01-09T14:59:47.129,       0.01,        0.01,        0.02,       0.02
2026-01-09T14:59:47.642,       0.01,        0.02,       -0.03,       0.04
2026-01-09T14:59:48.159,       0.02,        0.02,        0.02,       0.03
2026-01-09T14:59:48.675,      -0.00,       -0.01,       -0.05,       0.05
2026-01-09T14:59:49.194,      -0.01,        0.02,       -0.02,       0.03
2026-01-09T14:59:49.711,       0.01,       -0.00,        0.00,       0.01
2026-01-09T14:59:50.223,       0.01,       -0.01,       -0.04,       0.04
2026-01-09T14:59:50.739,      -0.01,       -0.01,       -0.03,       0.03
2026-01-09T14:59:51.257,       0.00,        0.01,        0.02,       0.02
2026-01-09T14:59:51.774,       0.02,        0.00,        0.00,       0.02
2026-01-09T14:59:52.291,       0.01,        0.00,        0.01,       0.02
2026-01-09T14:59:52.808,      -0.00,       -0.00,       -0.05,       0.05
2026-01-09T14:59:53.369,       0.01,        0.01,        0.01,       0.02
2026-01-09T14:59:53.885,      -0.00,       -0.00,        0.01,       0.01
2026-01-09T14:59:54.406,       0.00,        0.02,       -0.00,       0.02
2026-01-09T14:59:54.921,       0.01,       -0.00,       -0.01,       0.01
2026-01-09T14:59:55.467,       0.00,       -0.00,        0.04,       0.04
2026-01-09T14:59:55.987,       0.00,       -0.01,       -0.04,       0.04
2026-01-09T14:59:56.503,      -0.00,        0.00,       -0.02,       0.02
2026-01-09T14:59:57.016,       0.00,       -0.02,       -0.03,       0.03
2026-01-09T14:59:57.532,       0.01,        0.01,        0.01,       0.02
2026-01-09T14:59:58.049,       0.00,        0.03,        0.01,       0.03
2026-01-09T14:59:58.566,      -0.01,       -0.02,       -0.06,       0.07
2026-01-09T14:59:59.083,       0.01,       -0.01,       -0.04,       0.04
2026-01-09T14:59:59.600,       0.01,        0.02,       -0.03,       0.04
2026-01-09T15:00:00.162,       0.01,       -0.01,        0.02,       0.02
2026-01-09T15:00:00.678,       0.01,       -0.01,        0.03,       0.03
2026-01-09T15:00:01.198,       0.00,        0.01,       -0.02,       0.02
2026-01-09T15:00:01.745,       0.00,        0.00,        0.01,       0.01
2026-01-09T15:00:02.276,      -0.01,       -0.00,        0.00,       0.01
2026-01-09T15:00:02.778,      -0.00,       -0.00,       -0.03,       0.03
2026-01-09T15:00:03.296,      -0.00,        0.00,       -0.04,       0.04
2026-01-09T15:00:03.808,      -0.00,       -0.01,       -0.04,       0.04
2026-01-09T15:00:04.324,       0.01,       -0.02,       -0.03,       0.04
2026-01-09T15:00:04.842,      -0.01,       -0.01,       -0.04,       0.04
2026-01-09T15:00:05.359,      -0.01,        0.02,        0.02,       0.03
2026-01-09T15:00:05.876,       0.01,       -0.02,       -0.02,       0.03
2026-01-09T15:00:06.392,       0.00,        0.02,        0.01,       0.02
2026-01-09T15:00:06.905,      -0.00,        0.01,        0.01,       0.01
2026-01-09T15:00:07.421,       0.00,       -0.00,       -0.01,       0.01
2026-01-09T15:00:07.938,      -0.00,        0.00,        0.00,       0.00
2026-01-09T15:00:08.456,       0.01,       -0.01,       -0.05,       0.05
2026-01-09T15:00:08.972,      -0.01,        0.00,       -0.03,       0.03
2026-01-09T15:00:09.486,       0.01,        0.01,        0.00,       0.01
2026-01-09T15:00:10.001,       0.00,       -0.01,       -0.05,       0.05
2026-01-09T15:00:10.517,       0.01,        0.01,       -0.03,       0.03
2026-01-09T15:00:11.037,       0.01,       -0.00,       -0.01,       0.01
2026-01-09T15:00:11.600,      -0.01,       -0.02,       -0.06,       0.06
2026-01-09T15:00:12.099,       0.00,       -0.01,       -0.00,       0.01
2026-01-09T15:00:12.618,       0.00,        0.01,       -0.05,       0.05
2026-01-09T15:00:13.136,       0.01,        0.01,       -0.04,       0.04
2026-01-09T15:00:13.648,       0.00,        0.01,        0.01,       0.02
2026-01-09T15:00:14.165,       0.01,       -0.02,       -0.02,       0.03
2026-01-09T15:00:14.680,       0.01,       -0.01,        0.00,       0.02
2026-01-09T15:00:15.198,       0.01,        0.01,       -0.01,       0.02
2026-01-09T15:00:15.715,       0.00,        0.00,        0.03,       0.03
2026-01-09T15:00:16.232,       0.01,        0.00,       -0.01,       0.01
2026-01-09T15:00:16.794,       0.01,       -0.01,       -0.03,       0.03
2026-01-09T15:00:17.297,       0.01,       -0.00,       -0.03,       0.03
2026-01-09T15:00:17.812,       0.02,       -0.02,       -0.01,       0.03
2026-01-09T15:00:18.327,      -0.01,        0.02,        0.00,       0.02
2026-01-09T15:00:18.842,       0.01,        0.01,       -0.01,       0.01
2026-01-09T15:00:19.358,       0.01,        0.01,        0.01,       0.02
2026-01-09T15:00:19.878,       0.01,        0.00,        0.01,       0.02
2026-01-09T15:00:20.393,       0.00,        0.01,       -0.02,       0.02
2026-01-09T15:00:20.906,       0.01,        0.01,       -0.03,       0.03
2026-01-09T15:00:21.458,       0.00,       -0.00,        0.05,       0.05
2026-01-09T15:00:21.976,      -0.00,        0.01,        0.03,       0.03
2026-01-09T15:00:22.488,       0.01,        0.00,        0.01,       0.02
2026-01-09T15:00:23.004,       0.01,       -0.00,       -0.03,       0.03
2026-01-09T15:00:23.521,       0.01,       -0.02,       -0.03,       0.03
2026-01-09T15:00:24.039,       0.02,       -0.00,        0.02,       0.03
2026-01-09T15:00:24.587,       0.02,       -0.01,        0.02,       0.03
2026-01-09T15:00:25.101,       0.02,        0.01,       -0.02,       0.03
2026-01-09T15:00:25.618,       0.01,       -0.00,       -0.03,       0.03
2026-01-09T15:00:26.137,       0.01,        0.03,       -0.00,       0.03
2026-01-09T15:00:26.700,       0.01,        0.01,       -0.02,       0.02
2026-01-09T15:00:27.202,       0.01,        0.01,        0.03,       0.03
2026-01-09T15:00:27.719,      -0.02,       -0.01,       -0.05,       0.06
2026-01-09T15:00:28.235,      -0.00,        0.02,        0.02,       0.03
2026-01-09T15:00:28.748,       0.01,        0.00,       -0.00,       0.01
2026-01-09T15:00:29.265,       0.00,        0.01,        0.00,       0.01
2026-01-09T15:00:29.780,       0.02,        0.01,       -0.01,       0.02
2026-01-09T15:00:30.298,       0.01,       -0.01,       -0.01,       0.01
2026-01-09T15:00:30.815,      -0.00,       -0.01,       -0.04,       0.04
2026-01-09T15:00:31.328,       0.01,       -0.01,       -0.03,       0.03
2026-01-09T15:00:31.844,       0.02,       -0.02,       -0.03,       0.04
2026-01-09T15:00:32.347,       0.01,        0.01,       -0.01,       0.02
2026-01-09T15:00:32.863,       0.02,        0.01,       -0.01,       0.02
2026-01-09T15:00:33.376,      -0.00,        0.02,        0.04,       0.05
2026-01-09T15:00:33.892,       0.01,       -0.00,        0.03,       0.03
2026-01-09T15:00:34.409,       0.03,       -0.00,       -0.03,       0.04
2026-01-09T15:00:34.928,       0.02,        0.01,        0.02,       0.03
2026-01-09T15:00:35.444,       0.02,       -0.01,       -0.07,       0.07
2026-01-09T15:00:35.960,      -0.00,        0.00,       -0.03,       0.03
2026-01-09T15:00:36.473,       0.01,       -0.01,       -0.01,       0.02
2026-01-09T15:00:36.989,       0.01,       -0.00,       -0.05,       0.05
2026-01-09T15:00:37.506,       0.00,       -0.02,       -0.05,       0.06
2026-01-09T15:00:38.023,       0.00,        0.02,        0.00,       0.02
2026-01-09T15:00:38.570,       0.00,        0.01,       -0.03,       0.03
2026-01-09T15:00:39.086,       0.01,        0.00,        0.00,       0.01
2026-01-09T15:00:39.606,       0.01,       -0.02,       -0.02,       0.04
2026-01-09T15:00:40.121,       0.02,       -0.00,       -0.00,       0.02
2026-01-09T15:00:40.635,       0.02,       -0.01,        0.01,       0.02
2026-01-09T15:00:41.152,       0.01,       -0.00,       -0.01,       0.01
2026-01-09T15:00:41.667,       0.01,       -0.01,       -0.02,       0.02
2026-01-09T15:00:42.170,       0.01,        0.01,        0.05,       0.05
2026-01-09T15:00:42.683,       0.01,        0.01,       -0.02,       0.02
2026-01-09T15:00:43.200,      -0.01,       -0.01,       -0.02,       0.02
2026-01-09T15:00:43.715,       0.01,       -0.02,       -0.02,       0.03
2026-01-09T15:00:44.233,       0.02,        0.01,        0.01,       0.03
2026-01-09T15:00:44.751,       0.01,       -0.03,       -0.05,       0.06
2026-01-09T15:00:45.263,      -0.00,        0.00,        0.04,       0.04
2026-01-09T15:00:45.779,       0.00,        0.00,        0.01,       0.01
2026-01-09T15:00:46.296,       0.00,        0.00,        0.02,       0.02
2026-01-09T15:00:46.814,       0.02,        0.01,       -0.02,       0.02
2026-01-09T15:00:47.361,       0.01,       -0.00,       -0.06,       0.06
2026-01-09T15:00:47.877,       0.00,       -0.01,        0.01,       0.01
2026-01-09T15:00:48.394,      -0.00,        0.01,        0.02,       0.03
2026-01-09T15:00:48.912,       0.02,       -0.03,       -0.02,       0.05
2026-01-09T15:00:49.428,       0.02,       -0.01,       -0.01,       0.02
2026-01-09T15:00:49.977,       0.01,        0.00,       -0.03,       0.03
2026-01-09T15:00:50.494,       0.01,       -0.01,       -0.02,       0.02
2026-01-09T15:00:51.009,       0.01,        0.02,       -0.00,       0.02
2026-01-09T15:00:51.523,       0.01,        0.01,       -0.01,       0.02
2026-01-09T15:00:52.040,       0.01,        0.02,        0.01,       0.02
2026-01-09T15:00:52.542,       0.02,        0.00,       -0.03,       0.04
2026-01-09T15:00:53.056,       0.01,       -0.01,       -0.02,       0.03
2026-01-09T15:00:53.571,       0.02,       -0.01,       -0.03,       0.04
2026-01-09T15:00:54.088,       0.02,       -0.00,        0.01,       0.02
2026-01-09T15:00:54.603,       0.00,        0.01,       -0.04,       0.04
2026-01-09T15:00:55.122,       0.02,        0.01,       -0.01,       0.02
2026-01-09T15:00:55.639,      -0.01,       -0.00,        0.01,       0.01
2026-01-09T15:00:56.151,       0.01,       -0.02,       -0.01,       0.03
2026-01-09T15:00:56.667,       0.02,       -0.00,       -0.01,       0.02
2026-01-09T15:00:57.169,      -0.00,        0.01,        0.02,       0.02
2026-01-09T15:00:57.687,       0.00,       -0.01,       -0.01,       0.02
2026-01-09T15:00:58.199,       0.01,       -0.00,        0.00,       0.01
2026-01-09T15:00:58.715,       0.00,       -0.01,       -0.01,       0.02
2026-01-09T15:00:59.232,       0.01,       -0.00,       -0.04,       0.04
2026-01-09T15:00:59.734,       0.01,       -0.01,        0.01,       0.01
2026-01-09T15:01:00.247,      -0.00,       -0.00,        0.01,       0.02
2026-01-09T15:01:00.763,       0.03,        0.01,        0.02,       0.04
2026-01-09T15:01:01.280,       0.02,        0.02,       -0.02,       0.03
2026-01-09T15:01:01.799,       0.01,        0.01,        0.02,       0.03
2026-01-09T15:01:02.314,       0.01,        0.02,        0.01,       0.03
2026-01-09T15:01:02.831,       0.01,       -0.02,        0.01,       0.02
2026-01-09T15:01:03.343,       0.00,        0.00,        0.01,       0.01
2026-01-09T15:01:03.859,       0.01,        0.02,       -0.01,       0.02
2026-01-09T15:01:04.362,       0.03,        0.01,       -0.00,       0.03
2026-01-09T15:01:04.876,       0.01,        0.01,        0.00,       0.01
2026-01-09T15:01:05.391,       0.01,        0.00,       -0.03,       0.03
2026-01-09T15:01:05.907,       0.01,        0.00,        0.01,       0.02
2026-01-09T15:01:06.427,       0.00,       -0.03,       -0.07,       0.07
2026-01-09T15:01:06.942,       0.01,       -0.01,       -0.00,       0.01
2026-01-09T15:01:07.456,      -0.02,       -0.01,       -0.04,       0.05
2026-01-09T15:01:07.973,      -0.02,        0.01,       -0.03,       0.04
2026-01-09T15:01:08.475,       0.00,        0.01,        0.00,       0.01
2026-01-09T15:01:08.990,       0.01,       -0.01,        0.02,       0.02
2026-01-09T15:01:09.504,       0.01,        0.01,       -0.00,       0.01
2026-01-09T15:01:10.021,       0.01,        0.00,       -0.03,       0.04
2026-01-09T15:01:10.536,       0.01,        0.00,        0.04,       0.04
2026-01-09T15:01:11.038,       0.01,        0.02,       -0.03,       0.04
2026-01-09T15:01:11.551,      -0.01,       -0.00,       -0.01,       0.01
2026-01-09T15:01:12.068,       0.00,        0.02,       -0.02,       0.02
2026-01-09T15:01:12.583,       0.03,       -0.03,       -0.06,       0.07
2026-01-09T15:01:13.102,       0.02,        0.01,        0.02,       0.03
2026-01-09T15:01:13.620,       0.02,        0.01,        0.05,       0.05
2026-01-09T15:01:14.132,       0.01,       -0.00,       -0.01,       0.01
2026-01-09T15:01:14.648,       0.03,       -0.01,       -0.03,       0.04
2026-01-09T15:01:15.165,       0.02,        0.01,       -0.00,       0.02
2026-01-09T15:01:15.683,       0.01,       -0.01,        0.00,       0.01
2026-01-09T15:01:16.230,       0.00,       -0.00,       -0.01,       0.01
2026-01-09T15:01:16.745,       0.01,       -0.00,        0.02,       0.02
2026-01-09T15:01:17.262,       0.00,       -0.01,       -0.03,       0.03
2026-01-09T15:01:17.781,       0.03,       -0.01,       -0.04,       0.05
2026-01-09T15:01:18.296,       0.03,        0.00,        0.01,       0.03
2026-01-09T15:01:18.811,       0.03,        0.02,        0.02,       0.04
2026-01-09T15:01:19.326,       0.02,        0.01,       -0.03,       0.04
2026-01-09T15:01:19.842,       0.01,       -0.02,       -0.05,       0.05
2026-01-09T15:01:20.362,       0.00,        0.01,        0.02,       0.02
2026-01-09T15:01:20.877,       0.01,       -0.02,       -0.05,       0.05
2026-01-09T15:01:21.391,       0.02,       -0.02,       -0.04,       0.05
2026-01-09T15:01:21.908,       0.02,        0.01,       -0.03,       0.03
2026-01-09T15:01:22.423,       0.00,       -0.02,       -0.03,       0.04
2026-01-09T15:01:22.942,       0.02,       -0.01,       -0.02,       0.03
2026-01-09T15:01:23.458,       0.00,        0.00,        0.02,       0.02
2026-01-09T15:01:24.021,       0.02,        0.01,       -0.01,       0.02
2026-01-09T15:01:24.537,       0.02,        0.00,       -0.06,       0.06
2026-01-09T15:01:25.054,       0.01,       -0.01,       -0.01,       0.02
2026-01-09T15:01:25.556,       0.01,        0.01,        0.02,       0.02
2026-01-09T15:01:26.069,       0.01,        0.01,        0.07,       0.07
2026-01-09T15:01:26.585,       0.02,        0.01,       -0.01,       0.02
2026-01-09T15:01:27.102,       0.00,        0.00,       -0.02,       0.02
2026-01-09T15:01:27.621,       0.01,        0.01,        0.01,       0.02
2026-01-09T15:01:28.136,       0.02,       -0.02,       -0.02,       0.03
2026-01-09T15:01:28.653,       0.02,        0.01,       -0.01,       0.02
2026-01-09T15:01:29.165,       0.02,       -0.00,       -0.03,       0.03
2026-01-09T15:01:29.668,       0.01,        0.02,        0.01,       0.03
2026-01-09T15:01:30.183,       0.01,       -0.01,       -0.02,       0.02
2026-01-09T15:01:30.698,       0.01,       -0.00,       -0.03,       0.03
2026-01-09T15:01:31.213,       0.00,       -0.00,       -0.03,       0.03
2026-01-09T15:01:31.729,      -0.01,        0.01,       -0.03,       0.03
2026-01-09T15:01:32.249,       0.01,        0.01,       -0.07,       0.07
2026-01-09T15:01:32.764,       0.02,       -0.00,       -0.06,       0.06
2026-01-09T15:01:33.278,       0.01,       -0.00,       -0.03,       0.03
2026-01-09T15:01:33.777,       0.02,       -0.01,       -0.05,       0.05
2026-01-09T15:01:34.297,       0.01,        0.01,       -0.00,       0.02
2026-01-09T15:01:34.812,       0.01,        0.01,        0.03,       0.04
2026-01-09T15:01:35.326,       0.01,        0.01,        0.01,       0.02
2026-01-09T15:01:35.843,       0.01,       -0.00,       -0.03,       0.03
2026-01-09T15:01:36.357,       0.02,        0.01,        0.02,       0.03
2026-01-09T15:01:36.859,       0.02,        0.02,       -0.01,       0.03
2026-01-09T15:01:37.373,       0.01,        0.00,       -0.02,       0.02
2026-01-09T15:01:37.890,       0.00,       -0.02,       -0.07,       0.07
2026-01-09T15:01:38.405,       0.00,        0.02,       -0.03,       0.04
2026-01-09T15:01:38.924,       0.01,        0.01,       -0.02,       0.03
2026-01-09T15:01:39.471,      -0.00,       -0.01,       -0.00,       0.01
2026-01-09T15:01:39.988,       0.01,       -0.01,       -0.02,       0.02
2026-01-09T15:01:40.506,       0.02,        0.01,        0.01,       0.02
2026-01-09T15:01:41.053,       0.01,        0.00,       -0.03,       0.04
2026-01-09T15:01:41.568,      -0.00,       -0.01,       -0.01,       0.01
2026-01-09T15:01:42.085,       0.01,        0.01,       -0.03,       0.03
2026-01-09T15:01:42.603,       0.01,       -0.00,        0.03,       0.03
2026-01-09T15:01:43.119,       0.01,        0.01,       -0.02,       0.02
2026-01-09T15:01:43.669,       0.01,        0.01,       -0.02,       0.03
2026-01-09T15:01:44.186,       0.00,        0.02,       -0.03,       0.03
2026-01-09T15:01:44.701,       0.01,       -0.01,        0.03,       0.03
2026-01-09T15:01:45.215,      -0.00,       -0.00,        0.00,       0.00
2026-01-09T15:01:45.717,      -0.00,        0.00,       -0.01,       0.01
2026-01-09T15:01:46.235,       0.01,        0.01,       -0.05,       0.05
2026-01-09T15:01:46.747,       0.01,        0.01,       -0.02,       0.03
2026-01-09T15:01:47.263,       0.02,        0.01,        0.03,       0.03
2026-01-09T15:01:47.779,       0.00,        0.01,        0.01,       0.01
2026-01-09T15:01:48.282,       0.01,       -0.02,       -0.01,       0.02
2026-01-09T15:01:48.794,       0.00,       -0.01,        0.01,       0.02
2026-01-09T15:01:49.310,      -0.00,       -0.01,        0.04,       0.04
2026-01-09T15:01:49.827,       0.00,       -0.02,       -0.03,       0.03
2026-01-09T15:01:50.329,       0.01,       -0.02,       -0.04,       0.04
2026-01-09T15:01:50.842,       0.02,       -0.03,       -0.03,       0.05
2026-01-09T15:01:51.358,       0.00,       -0.00,       -0.07,       0.07
2026-01-09T15:01:51.861,       0.00,       -0.00,       -0.05,       0.05
2026-01-09T15:01:52.378,      -0.00,       -0.02,       -0.03,       0.03
2026-01-09T15:01:52.890,       0.01,       -0.01,       -0.01,       0.02
2026-01-09T15:01:53.406,       0.04,        0.00,        0.02,       0.04
2026-01-09T15:01:53.923,       0.01,       -0.02,       -0.04,       0.04
2026-01-09T15:01:54.442,       0.01,       -0.01,        0.01,       0.02
2026-01-09T15:01:54.987,       0.01,       -0.01,       -0.01,       0.02
2026-01-09T15:01:55.503,       0.01,        0.00,       -0.05,       0.06
2026-01-09T15:01:56.020,      -0.00,        0.00,       -0.01,       0.01
2026-01-09T15:01:56.538,       0.01,        0.01,       -0.01,       0.02
2026-01-09T15:01:57.052,       0.02,        0.02,        0.02,       0.03
2026-01-09T15:01:57.619,       0.02,        0.00,        0.00,       0.02
2026-01-09T15:01:58.122,      -0.01,       -0.00,       -0.03,       0.03
2026-01-09T15:01:58.637,      -0.00,       -0.02,       -0.02,       0.03
2026-01-09T15:01:59.150,       0.01,        0.01,       -0.02,       0.02
2026-01-09T15:01:59.652,       0.02,       -0.01,        0.01,       0.02
2026-01-09T15:02:00.169,       0.01,       -0.01,       -0.02,       0.03
2026-01-09T15:02:00.682,      -0.00,        0.00,       -0.02,       0.02
2026-01-09T15:02:01.197,      -0.00,        0.02,        0.08,       0.08
2026-01-09T15:02:01.714,       0.02,        0.00,       -0.01,       0.02
2026-01-09T15:02:02.216,       0.02,       -0.00,       -0.03,       0.04
2026-01-09T15:02:02.729,       0.01,        0.01,       -0.01,       0.02
2026-01-09T15:02:03.245,      -0.01,        0.01,        0.00,       0.01
2026-01-09T15:02:03.762,       0.01,       -0.02,       -0.03,       0.04
2026-01-09T15:02:04.265,       0.01,       -0.00,        0.00,       0.01
2026-01-09T15:02:04.777,       0.01,        0.01,       -0.00,       0.01
2026-01-09T15:02:05.293,      -0.01,        0.01,       -0.02,       0.03
2026-01-09T15:02:05.810,       0.01,        0.01,       -0.00,       0.01
2026-01-09T15:02:06.328,      -0.01,        0.01,       -0.02,       0.02
2026-01-09T15:02:06.844,      -0.00,        0.01,       -0.02,       0.02
2026-01-09T15:02:07.361,       0.01,       -0.00,       -0.01,       0.01
2026-01-09T15:02:07.874,       0.00,       -0.00,       -0.02,       0.02
2026-01-09T15:02:08.376,       0.01,       -0.02,       -0.04,       0.04
2026-01-09T15:02:08.891,       0.02,        0.02,        0.02,       0.03
2026-01-09T15:02:09.408,      -0.01,       -0.01,       -0.05,       0.05
2026-01-09T15:02:09.921,       0.00,       -0.01,       -0.01,       0.01
2026-01-09T15:02:10.424,      -0.01,       -0.00,       -0.01,       0.01
2026-01-09T15:02:10.939,       0.01,       -0.00,        0.01,       0.01
2026-01-09T15:02:11.457,       0.01,        0.00,       -0.02,       0.03
2026-01-09T15:02:11.969,       0.03,        0.01,        0.01,       0.03
2026-01-09T15:02:12.485,       0.00,       -0.02,       -0.07,       0.07
2026-01-09T15:02:13.002,       0.01,       -0.01,        0.00,       0.02
2026-01-09T15:02:13.520,       0.02,       -0.00,       -0.03,       0.04
2026-01-09T15:02:14.084,       0.03,       -0.01,       -0.04,       0.05
2026-01-09T15:02:14.585,      -0.00,        0.01,        0.02,       0.02
2026-01-09T15:02:15.102,      -0.01,        0.00,        0.02,       0.02
2026-01-09T15:02:15.618,       0.02,        0.00,        0.01,       0.02
2026-01-09T15:02:16.131,       0.00,       -0.00,       -0.00,       0.01
2026-01-09T15:02:16.648,       0.01,        0.01,       -0.00,       0.01
2026-01-09T15:02:17.150,      -0.00,        0.01,       -0.00,       0.01
2026-01-09T15:02:17.665,       0.00,       -0.02,       -0.02,       0.03
2026-01-09T15:02:18.179,       0.01,        0.02,        0.00,       0.02
2026-01-09T15:02:18.681,       0.02,        0.00,       -0.04,       0.05
2026-01-09T15:02:19.198,       0.02,       -0.02,       -0.05,       0.06
2026-01-09T15:02:19.711,       0.00,       -0.00,       -0.00,       0.00
2026-01-09T15:02:20.227,       0.02,        0.00,        0.00,       0.02
2026-01-09T15:02:20.744,       0.01,       -0.01,       -0.01,       0.02
2026-01-09T15:02:21.262,       0.01,       -0.00,       -0.03,       0.03
2026-01-09T15:02:21.808,      -0.01,        0.01,       -0.02,       0.02
2026-01-09T15:02:22.324,       0.01,        0.00,        0.04,       0.04
2026-01-09T15:02:22.841,       0.01,        0.00,       -0.04,       0.04
2026-01-09T15:02:23.344,       0.00,       -0.02,       -0.03,       0.04
2026-01-09T15:02:23.856,       0.00,       -0.02,       -0.01,       0.02
2026-01-09T15:02:24.372,       0.01,       -0.02,        0.01,       0.03
2026-01-09T15:02:24.889,       0.00,       -0.01,       -0.03,       0.03
2026-01-09T15:02:25.408,       0.00,        0.01,        0.01,       0.01
2026-01-09T15:02:25.923,       0.00,        0.00,        0.03,       0.03
2026-01-09T15:02:26.438,       0.02,        0.01,       -0.02,       0.03
2026-01-09T15:02:26.990,       0.00,       -0.02,       -0.04,       0.04
2026-01-09T15:02:27.504,       0.01,       -0.00,        0.03,       0.03
2026-01-09T15:02:28.018,       0.02,        0.00,       -0.03,       0.04
2026-01-09T15:02:28.535,       0.02,        0.00,       -0.01,       0.02
2026-01-09T15:02:29.049,       0.01,        0.00,       -0.03,       0.03
2026-01-09T15:02:29.569,       0.01,        0.01,       -0.01,       0.02
2026-01-09T15:02:30.086,       0.01,       -0.01,       -0.02,       0.03
2026-01-09T15:02:30.599,       0.03,       -0.02,        0.02,       0.04
2026-01-09T15:02:31.165,       0.02,        0.01,        0.03,       0.04
2026-01-09T15:02:31.667,       0.02,        0.00,       -0.01,       0.02
2026-01-09T15:02:32.200,       0.01,       -0.02,       -0.01,       0.02
2026-01-09T15:02:32.763,       0.01,        0.01,       -0.01,       0.01
2026-01-09T15:02:33.315,       0.01,       -0.01,        0.00,       0.01
2026-01-09T15:02:33.832,       0.01,       -0.01,       -0.00,       0.02
2026-01-09T15:02:34.345,       0.03,        0.00,       -0.03,       0.04
2026-01-09T15:02:34.861,       0.02,        0.01,        0.00,       0.02
2026-01-09T15:02:35.378,       0.01,        0.02,       -0.02,       0.03
2026-01-09T15:02:35.896,      -0.00,       -0.01,       -0.00,       0.01
2026-01-09T15:02:36.413,       0.01,       -0.01,        0.01,       0.02
2026-01-09T15:02:36.928,       0.01,       -0.00,        0.00,       0.01
2026-01-09T15:02:37.441,       0.01,       -0.01,       -0.02,       0.03
2026-01-09T15:02:37.957,       0.01,        0.01,       -0.00,       0.02
2026-01-09T15:02:38.459,       0.02,        0.01,        0.01,       0.03
2026-01-09T15:02:38.976,       0.01,       -0.00,        0.01,       0.02
2026-01-09T15:02:39.489,       0.00,        0.01,       -0.06,       0.06
2026-01-09T15:02:40.004,      -0.00,        0.01,       -0.00,       0.01
2026-01-09T15:02:40.521,       0.00,        0.00,        0.01,       0.01
2026-01-09T15:02:41.024,       0.00,       -0.01,        0.01,       0.02
2026-01-09T15:02:41.537,      -0.00,       -0.01,       -0.03,       0.03
2026-01-09T15:02:42.053,      -0.00,        0.00,       -0.04,       0.04
2026-01-09T15:02:42.570,       0.02,        0.00,        0.02,       0.03
2026-01-09T15:02:43.088,       0.01,       -0.00,        0.03,       0.03
2026-01-09T15:02:43.603,       0.01,       -0.01,        0.02,       0.03
2026-01-09T15:02:44.119,      -0.00,        0.01,        0.04,       0.04
2026-01-09T15:02:44.633,       0.01,       -0.01,       -0.02,       0.03
2026-01-09T15:02:45.135,      -0.01,       -0.01,       -0.04,       0.05
2026-01-09T15:02:45.649,       0.01,       -0.01,       -0.04,       0.04
2026-01-09T15:02:46.166,       0.01,        0.03,        0.00,       0.04
2026-01-09T15:02:46.681,       0.01,       -0.00,        0.01,       0.01
2026-01-09T15:02:47.200,       0.02,        0.01,        0.01,       0.02
2026-01-09T15:02:47.717,       0.01,        0.00,        0.03,       0.04
2026-01-09T15:02:48.233,       0.01,       -0.02,        0.01,       0.02
2026-01-09T15:02:48.746,       0.01,       -0.00,       -0.03,       0.03
2026-01-09T15:02:49.263,       0.01,       -0.01,       -0.03,       0.03
2026-01-09T15:02:49.765,       0.00,        0.01,        0.03,       0.03
2026-01-09T15:02:50.280,       0.00,        0.00,       -0.02,       0.02
2026-01-09T15:02:50.794,       0.01,        0.00,       -0.03,       0.03
2026-01-09T15:02:51.311,      -0.00,        0.00,        0.01,       0.01
2026-01-09T15:02:51.825,       0.02,       -0.00,        0.01,       0.02
2026-01-09T15:02:52.344,       0.02,        0.01,        0.00,       0.02
2026-01-09T15:02:52.861,       0.01,       -0.01,       -0.04,       0.04
2026-01-09T15:02:53.374,       0.01,       -0.00,        0.01,       0.02
2026-01-09T15:02:53.890,       0.01,       -0.00,       -0.03,       0.03
2026-01-09T15:02:54.407,       0.02,       -0.01,       -0.02,       0.03
2026-01-09T15:02:54.925,       0.00,        0.02,        0.01,       0.02
2026-01-09T15:02:55.441,       0.01,       -0.02,       -0.01,       0.02
2026-01-09T15:02:56.006,       0.01,        0.01,        0.02,       0.03
2026-01-09T15:02:56.521,       0.01,       -0.01,        0.03,       0.03
2026-01-09T15:02:57.023,       0.01,        0.00,        0.01,       0.02
2026-01-09T15:02:57.536,      -0.00,        0.00,       -0.02,       0.02
2026-01-09T15:02:58.053,       0.02,       -0.00,       -0.07,       0.07
2026-01-09T15:02:58.568,       0.01,       -0.02,       -0.04,       0.04
2026-01-09T15:02:59.084,       0.02,       -0.01,       -0.04,       0.05
2026-01-09T15:02:59.604,      -0.00,       -0.01,       -0.01,       0.01
2026-01-09T15:03:00.119,       0.01,       -0.02,        0.00,       0.02
2026-01-09T15:03:00.633,       0.02,       -0.00,        0.03,       0.04
2026-01-09T15:03:01.150,       0.02,        0.00,       -0.02,       0.03
2026-01-09T15:03:01.652,       0.01,       -0.01,       -0.02,       0.02
2026-01-09T15:03:02.167,      -0.00,        0.00,        0.01,       0.01
2026-01-09T15:03:02.681,      -0.00,        0.01,        0.03,       0.03
2026-01-09T15:03:03.198,       0.01,       -0.01,        0.02,       0.03
2026-01-09T15:03:03.713,      -0.00,       -0.02,       -0.07,       0.08
2026-01-09T15:03:04.232,       0.01,       -0.01,       -0.03,       0.04
2026-01-09T15:03:04.748,       0.01,       -0.02,       -0.02,       0.03
2026-01-09T15:03:05.261,       0.03,        0.00,       -0.00,       0.03
2026-01-09T15:03:05.777,       0.02,        0.01,        0.05,       0.05
2026-01-09T15:03:06.294,       0.01,        0.01,       -0.02,       0.03
2026-01-09T15:03:06.812,       0.02,       -0.02,        0.00,       0.03
2026-01-09T15:03:07.328,       0.02,       -0.01,        0.01,       0.03
2026-01-09T15:03:07.875,       0.01,       -0.03,       -0.01,       0.03
2026-01-09T15:03:08.392,       0.03,       -0.01,       -0.02,       0.04
2026-01-09T15:03:08.910,       0.02,        0.00,        0.00,       0.02
2026-01-09T15:03:09.426,       0.02,        0.01,       -0.04,       0.04
2026-01-09T15:03:09.990,       0.01,        0.01,       -0.01,       0.02
2026-01-09T15:03:10.492,       0.00,       -0.00,       -0.00,       0.01
2026-01-09T15:03:11.024,       0.01,        0.02,       -0.01,       0.02
2026-01-09T15:03:11.570,       0.00,        0.00,       -0.02,       0.02
2026-01-09T15:03:12.088,      -0.00,        0.02,       -0.00,       0.02
2026-01-09T15:03:12.606,       0.00,        0.00,       -0.04,       0.04
2026-01-09T15:03:13.122,       0.02,       -0.01,       -0.01,       0.02
2026-01-09T15:03:13.639,       0.00,       -0.02,       -0.06,       0.06
2026-01-09T15:03:14.152,       0.01,        0.00,       -0.02,       0.02
2026-01-09T15:03:14.667,       0.02,       -0.01,       -0.02,       0.03
2026-01-09T15:03:15.169,       0.02,        0.00,       -0.03,       0.04
2026-01-09T15:03:15.686,       0.00,       -0.00,       -0.03,       0.03
2026-01-09T15:03:16.198,       0.01,       -0.01,       -0.03,       0.04
2026-01-09T15:03:16.701,       0.01,        0.02,        0.01,       0.02
2026-01-09T15:03:17.217,       0.01,       -0.00,       -0.01,       0.02
2026-01-09T15:03:17.734,       0.01,       -0.01,       -0.01,       0.02
2026-01-09T15:03:18.247,       0.00,        0.00,       -0.00,       0.00
2026-01-09T15:03:18.763,       0.02,        0.02,        0.00,       0.03
2026-01-09T15:03:19.280,       0.00,        0.00,        0.02,       0.02
2026-01-09T15:03:19.798,       0.01,        0.00,        0.06,       0.06
2026-01-09T15:03:20.311,       0.00,        0.01,       -0.00,       0.01
2026-01-09T15:03:20.829,       0.02,       -0.01,       -0.03,       0.03
2026-01-09T15:03:21.331,       0.01,       -0.00,       -0.05,       0.05
2026-01-09T15:03:21.846,      -0.00,       -0.00,        0.00,       0.00
2026-01-09T15:03:22.359,       0.02,       -0.00,       -0.02,       0.03
2026-01-09T15:03:22.876,       0.01,       -0.01,        0.02,       0.02
2026-01-09T15:03:23.390,       0.01,       -0.02,       -0.02,       0.03
2026-01-09T15:03:23.910,       0.00,        0.00,       -0.02,       0.02
2026-01-09T15:03:24.457,       0.00,       -0.01,       -0.04,       0.04
2026-01-09T15:03:24.974,       0.01,        0.01,       -0.03,       0.04
2026-01-09T15:03:25.492,      -0.00,       -0.00,        0.01,       0.01
2026-01-09T15:03:26.008,       0.00,       -0.01,       -0.03,       0.03
2026-01-09T15:03:26.525,       0.00,        0.02,       -0.01,       0.02
2026-01-09T15:03:27.037,       0.01,       -0.01,       -0.02,       0.03
2026-01-09T15:03:27.574,       0.01,        0.01,        0.02,       0.02
2026-01-09T15:03:28.123,       0.01,       -0.01,        0.03,       0.04
2026-01-09T15:03:28.638,       0.01,        0.00,        0.01,       0.01
2026-01-09T15:03:29.151,       0.00,       -0.01,       -0.02,       0.03
2026-01-09T15:03:29.668,       0.02,       -0.01,       -0.05,       0.05
2026-01-09T15:03:30.184,       0.00,        0.02,       -0.02,       0.02
2026-01-09T15:03:30.703,       0.01,       -0.01,       -0.06,       0.06
2026-01-09T15:03:31.270,      -0.00,        0.00,       -0.04,       0.04
2026-01-09T15:03:31.815,      -0.02,        0.01,       -0.03,       0.04
2026-01-09T15:03:32.335,      -0.01,       -0.00,       -0.02,       0.03
2026-01-09T15:03:32.850,       0.00,        0.03,        0.01,       0.03
2026-01-09T15:03:33.364,       0.00,       -0.03,       -0.03,       0.04
2026-01-09T15:03:33.880,       0.00,       -0.00,       -0.02,       0.02
2026-01-09T15:03:34.382,       0.01,       -0.01,       -0.05,       0.06
2026-01-09T15:03:34.898,       0.03,       -0.01,        0.00,       0.03
2026-01-09T15:03:35.412,       0.02,       -0.00,        0.01,       0.02
2026-01-09T15:03:35.928,      -0.00,        0.01,        0.02,       0.02
2026-01-09T15:03:36.443,       0.01,        0.00,        0.01,       0.01
2026-01-09T15:03:36.964,       0.01,       -0.01,       -0.06,       0.06
2026-01-09T15:03:37.478,       0.01,        0.03,        0.04,       0.05
2026-01-09T15:03:37.992,       0.01,        0.01,       -0.00,       0.01
2026-01-09T15:03:38.508,       0.00,       -0.00,       -0.03,       0.03
2026-01-09T15:03:39.023,       0.00,        0.01,       -0.02,       0.03
2026-01-09T15:03:39.527,      -0.00,        0.00,       -0.02,       0.02
2026-01-09T15:03:40.039,       0.01,       -0.01,       -0.00,       0.02
2026-01-09T15:03:40.556,       0.02,        0.01,        0.01,       0.02
2026-01-09T15:03:41.072,       0.01,       -0.01,       -0.02,       0.03
2026-01-09T15:03:41.591,       0.00,       -0.01,       -0.01,       0.02
2026-01-09T15:03:42.107,       0.02,        0.00,       -0.04,       0.04
2026-01-09T15:03:42.620,       0.03,        0.00,       -0.00,       0.03
2026-01-09T15:03:43.136,       0.01,        0.00,        0.01,       0.01
2026-01-09T15:03:43.654,      -0.00,       -0.01,       -0.03,       0.03
2026-01-09T15:03:44.172,       0.01,        0.00,       -0.02,       0.02
2026-01-09T15:03:44.688,       0.00,        0.01,       -0.02,       0.02
2026-01-09T15:03:45.204,       0.01,        0.00,       -0.04,       0.05
2026-01-09T15:03:45.750,       0.01,       -0.00,       -0.00,       0.01
2026-01-09T15:03:46.269,       0.01,        0.01,        0.01,       0.02
2026-01-09T15:03:46.785,       0.01,        0.01,       -0.00,       0.02
2026-01-09T15:03:47.300,       0.02,        0.00,       -0.00,       0.02
2026-01-09T15:03:47.815,       0.01,        0.01,       -0.01,       0.01
2026-01-09T15:03:48.330,      -0.00,       -0.00,       -0.03,       0.03
2026-01-09T15:03:48.847,       0.03,       -0.02,       -0.05,       0.06
2026-01-09T15:03:49.366,       0.02,       -0.01,       -0.01,       0.02
2026-01-09T15:03:49.879,       0.01,       -0.01,        0.03,       0.03
2026-01-09T15:03:50.396,       0.01,        0.01,       -0.01,       0.02
2026-01-09T15:03:50.899,       0.01,       -0.01,       -0.03,       0.04
2026-01-09T15:03:51.412,       0.00,        0.00,        0.00,       0.01
2026-01-09T15:03:51.926,       0.00,        0.00,       -0.00,       0.00
2026-01-09T15:03:52.443,       0.01,       -0.01,       -0.01,       0.02
2026-01-09T15:03:52.959,       0.00,       -0.01,       -0.02,       0.02
2026-01-09T15:03:53.477,       0.01,        0.01,        0.02,       0.02
2026-01-09T15:03:53.995,       0.01,        0.01,        0.03,       0.04
2026-01-09T15:03:54.510,       0.01,        0.03,        0.01,       0.04
2026-01-09T15:03:55.059,       0.01,        0.00,       -0.01,       0.01
2026-01-09T15:03:55.576,      -0.00,        0.02,       -0.02,       0.03
2026-01-09T15:03:56.093,       0.02,       -0.01,       -0.04,       0.05
2026-01-09T15:03:56.605,       0.01,       -0.00,       -0.01,       0.01
2026-01-09T15:03:57.120,       0.01,       -0.00,       -0.04,       0.04
2026-01-09T15:03:57.637,      -0.01,       -0.00,       -0.00,       0.01
2026-01-09T15:03:58.156,       0.00,       -0.01,       -0.06,       0.06
2026-01-09T15:03:58.672,       0.01,        0.01,       -0.04,       0.04
2026-01-09T15:03:59.189,       0.02,        0.01,        0.01,       0.02
2026-01-09T15:03:59.739,       0.02,       -0.01,       -0.02,       0.03
2026-01-09T15:04:00.254,       0.00,        0.01,       -0.03,       0.03
2026-01-09T15:04:00.767,      -0.00,        0.02,       -0.04,       0.05
2026-01-09T15:04:01.284,       0.00,        0.01,        0.04,       0.04
2026-01-09T15:04:01.800,       0.02,       -0.01,       -0.03,       0.04
2026-01-09T15:04:02.318,      -0.00,        0.00,       -0.01,       0.01
2026-01-09T15:04:02.835,       0.00,        0.03,        0.02,       0.04
2026-01-09T15:04:03.348,       0.01,       -0.00,       -0.01,       0.01
2026-01-09T15:04:03.899,       0.01,       -0.01,        0.00,       0.01
2026-01-09T15:04:04.416,       0.01,        0.00,       -0.00,       0.01
2026-01-09T15:04:04.933,       0.01,       -0.00,       -0.01,       0.02
2026-01-09T15:04:05.479,       0.03,       -0.00,       -0.03,       0.04
2026-01-09T15:04:05.997,       0.02,       -0.00,       -0.01,       0.03
2026-01-09T15:04:06.514,       0.02,        0.01,        0.01,       0.02
2026-01-09T15:04:07.029,       0.00,        0.01,       -0.01,       0.02
2026-01-09T15:04:07.543,       0.01,        0.01,       -0.03,       0.03
2026-01-09T15:04:08.058,       0.01,        0.01,       -0.03,       0.03
2026-01-09T15:04:08.578,       0.02,       -0.00,       -0.02,       0.03
2026-01-09T15:04:09.094,      -0.00,        0.02,       -0.04,       0.04
2026-01-09T15:04:09.607,       0.02,        0.02,       -0.01,       0.03
2026-01-09T15:04:10.124,      -0.00,       -0.01,       -0.03,       0.04
2026-01-09T15:04:10.627,       0.01,       -0.01,        0.01,       0.01
2026-01-09T15:04:11.141,       0.02,       -0.01,       -0.03,       0.04
2026-01-09T15:04:11.655,       0.01,        0.02,        0.03,       0.04
2026-01-09T15:04:12.172,       0.01,       -0.00,       -0.01,       0.02
2026-01-09T15:04:12.687,       0.00,       -0.00,       -0.02,       0.02
2026-01-09T15:04:13.206,       0.01,       -0.00,       -0.03,       0.03
2026-01-09T15:04:13.723,      -0.00,       -0.01,       -0.03,       0.03
2026-01-09T15:04:14.236,       0.00,       -0.00,       -0.03,       0.03
2026-01-09T15:04:14.751,       0.02,       -0.00,       -0.03,       0.03
2026-01-09T15:04:15.253,       0.01,       -0.00,        0.01,       0.01
2026-01-09T15:04:15.770,       0.00,        0.00,       -0.01,       0.01
2026-01-09T15:04:16.283,       0.01,        0.01,       -0.00,       0.01
2026-01-09T15:04:16.799,       0.00,        0.00,        0.01,       0.01
2026-01-09T15:04:17.316,       0.01,        0.01,        0.02,       0.02
2026-01-09T15:04:17.834,       0.02,        0.01,        0.02,       0.03
2026-01-09T15:04:18.350,       0.02,       -0.00,        0.01,       0.02
2026-01-09T15:04:18.915,       0.00,        0.01,        0.02,       0.03
2026-01-09T15:04:19.414,       0.00,       -0.01,        0.02,       0.03
2026-01-09T15:04:19.932,       0.01,        0.01,        0.03,       0.04
2026-01-09T15:04:20.448,       0.01,       -0.00,        0.02,       0.03
2026-01-09T15:04:20.962,       0.01,       -0.00,        0.00,       0.01
2026-01-09T15:04:21.477,       0.01,       -0.01,        0.01,       0.01
2026-01-09T15:04:21.993,      -0.00,       -0.02,        0.00,       0.02
2026-01-09T15:04:22.493,       0.00,        0.01,       -0.00,       0.01
2026-01-09T15:04:23.010,       0.00,        0.01,       -0.03,       0.04
2026-01-09T15:04:23.175,        NaN,         NaN,         NaN,        NaN
2026-01-09T15:04:24.045,        NaN,         NaN,         NaN,        NaN
2026-01-09T15:04:24.045,       0.00,        0.00,        0.00,       0.00
2026-01-09T15:04:24.561,       0.01,        0.02,        0.06,       0.06
2026-01-09T15:04:25.076,       0.01,        0.01,        0.04,       0.04
2026-01-09T15:04:25.590,       0.01,        0.02,        0.04,       0.04
2026-01-09T15:04:26.092,       0.00,        0.01,        0.01,       0.01
2026-01-09T15:04:26.609,       0.00,        0.02,        0.04,       0.05
2026-01-09T15:04:27.124,      -0.00,        0.00,        0.04,       0.04
2026-01-09T15:04:27.638,       0.00,        0.02,       -0.01,       0.02
2026-01-09T15:04:28.154,      -0.01,        0.00,        0.04,       0.04
2026-01-09T15:04:28.669,      -0.00,        0.00,        0.01,       0.01
2026-01-09T15:04:29.189,       0.00,        0.01,        0.01,       0.01
2026-01-09T15:04:29.706,       0.00,        0.03,        0.11,       0.11
2026-01-09T15:04:30.268,      -0.00,        0.18,        0.09,       0.20
2026-01-09T15:04:30.770,      -0.00,        0.22,        0.05,       0.23
2026-01-09T15:04:31.286,      -0.01,        0.24,        0.07,       0.25
2026-01-09T15:04:31.803,       0.00,        0.24,        0.06,       0.24
2026-01-09T15:04:32.366,      -0.01,        0.22,        0.11,       0.25
2026-01-09T15:04:32.868,      -0.01,        0.21,        0.05,       0.22
2026-01-09T15:04:33.381,      -0.00,        0.24,        0.04,       0.24
2026-01-09T15:04:33.898,       0.01,        0.21,        0.07,       0.22
2026-01-09T15:04:34.413,       0.01,        0.14,        0.06,       0.15
2026-01-09T15:04:34.660,        NaN,         NaN,         NaN,        NaN
2026-01-09T15:04:35.449,        NaN,         NaN,         NaN,        NaN
2026-01-09T15:04:35.449,       0.00,        0.00,        0.00,       0.00
2026-01-09T15:04:36.012,      -0.01,        0.01,       -0.02,       0.02
2026-01-09T15:04:36.514,       0.01,       -0.03,       -0.02,       0.04
2026-01-09T15:04:37.031,      -0.01,       -0.03,       -0.01,       0.03
2026-01-09T15:04:37.548,      -0.00,       -0.03,        0.03,       0.04
2026-01-09T15:04:38.060,       0.00,       -0.01,       -0.01,       0.02
2026-01-09T15:04:38.561,       0.00,       -0.01,       -0.01,       0.02
2026-01-09T15:04:39.077,      -0.01,       -0.01,       -0.07,       0.07
2026-01-09T15:04:39.594,      -0.01,       -0.00,       -0.02,       0.02
2026-01-09T15:04:40.107,       0.00,        0.00,        0.02,       0.02
2026-01-09T15:04:40.623,      -0.01,       -0.01,        0.00,       0.02
2026-01-09T15:04:41.126,      -0.02,       -0.00,       -0.02,       0.03
2026-01-09T15:04:41.643,       0.01,       -0.02,        0.00,       0.02
2026-01-09T15:04:42.155,      -0.00,       -0.01,        0.02,       0.02
2026-01-09T15:04:42.657,      -0.01,       -0.01,        0.02,       0.03
2026-01-09T15:04:43.173,      -0.01,       -0.04,        0.01,       0.04
2026-01-09T15:04:43.690,      -0.01,       -0.01,       -0.01,       0.01
2026-01-09T15:04:44.203,      -0.01,       -0.02,       -0.04,       0.05
2026-01-09T15:04:44.705,      -0.01,       -0.01,       -0.01,       0.01
2026-01-09T15:04:45.221,      -0.02,       -0.02,       -0.02,       0.03
2026-01-09T15:04:45.738,       0.00,       -0.03,       -0.01,       0.03
2026-01-09T15:04:46.251,       0.00,       -0.02,       -0.01,       0.02
2026-01-09T15:04:46.753,      -0.01,       -0.02,       -0.05,       0.05
2026-01-09T15:04:47.269,      -0.02,       -0.00,       -0.03,       0.04
2026-01-09T15:04:47.783,      -0.02,       -0.01,       -0.00,       0.02
2026-01-09T15:04:48.298,      -0.02,       -0.01,       -0.00,       0.02
2026-01-09T15:04:48.814,      -0.01,       -0.02,       -0.02,       0.03
2026-01-09T15:04:49.317,       0.00,        0.00,       -0.03,       0.03
2026-01-09T15:04:49.831,      -0.01,       -0.01,       -0.01,       0.02
2026-01-09T15:04:50.346,      -0.01,       -0.02,       -0.03,       0.04
2026-01-09T15:04:50.862,      -0.01,        0.00,       -0.02,       0.02
2026-01-09T15:04:51.365,      -0.01,       -0.01,       -0.01,       0.01
2026-01-09T15:04:51.879,      -0.00,        0.00,       -0.04,       0.04
2026-01-09T15:04:52.394,      -0.00,       -0.02,        0.01,       0.02
2026-01-09T15:04:52.910,      -0.01,       -0.02,        0.04,       0.05
2026-01-09T15:04:53.410,      -0.02,       -0.02,       -0.04,       0.04
2026-01-09T15:04:53.927,      -0.01,       -0.02,        0.01,       0.02
2026-01-09T15:04:54.442,      -0.02,       -0.03,       -0.02,       0.04
2026-01-09T15:04:54.958,       0.00,       -0.03,        0.03,       0.04
2026-01-09T15:04:55.477,       0.00,       -0.02,       -0.04,       0.04
2026-01-09T15:04:56.024,       0.00,       -0.03,       -0.01,       0.03
2026-01-09T15:04:56.539,      -0.02,       -0.02,       -0.03,       0.04
2026-01-09T15:04:57.059,      -0.00,       -0.01,       -0.04,       0.04
2026-01-09T15:04:57.576,      -0.01,       -0.02,       -0.00,       0.02
2026-01-09T15:04:58.088,      -0.01,       -0.01,       -0.01,       0.01
2026-01-09T15:04:58.604,      -0.01,       -0.02,       -0.03,       0.03
2026-01-09T15:04:59.106,      -0.01,       -0.03,       -0.06,       0.07
2026-01-09T15:04:59.624,       0.00,       -0.02,       -0.03,       0.04
2026-01-09T15:05:00.136,       0.00,       -0.02,       -0.08,       0.08
2026-01-09T15:05:00.638,      -0.00,       -0.02,        0.01,       0.02
2026-01-09T15:05:01.154,      -0.00,       -0.03,       -0.04,       0.05
2026-01-09T15:05:01.670,      -0.02,       -0.02,        0.00,       0.03
2026-01-09T15:05:02.183,      -0.01,       -0.02,       -0.04,       0.04
2026-01-09T15:05:02.685,      -0.01,        0.01,       -0.01,       0.02
2026-01-09T15:05:03.201,      -0.01,       -0.03,       -0.01,       0.03
2026-01-09T15:05:03.718,      -0.01,       -0.02,       -0.04,       0.04
2026-01-09T15:05:04.231,       0.00,       -0.02,       -0.00,       0.02
2026-01-09T15:05:04.747,      -0.02,       -0.02,       -0.02,       0.04
2026-01-09T15:05:05.250,      -0.00,       -0.01,       -0.01,       0.01
2026-01-09T15:05:05.767,       0.00,       -0.01,        0.01,       0.02
2026-01-09T15:05:06.279,      -0.00,       -0.00,       -0.03,       0.03
2026-01-09T15:05:06.781,      -0.01,       -0.01,       -0.02,       0.02
2026-01-09T15:05:07.298,      -0.00,       -0.02,       -0.06,       0.06
2026-01-09T15:05:07.815,      -0.00,       -0.01,       -0.04,       0.04
2026-01-09T15:05:08.327,      -0.01,       -0.02,        0.01,       0.02
2026-01-09T15:05:08.843,       0.00,       -0.01,        0.01,       0.02
2026-01-09T15:05:09.375,      -0.01,        0.00,        0.01,       0.01
2026-01-09T15:05:09.877,      -0.01,       -0.02,       -0.03,       0.04
2026-01-09T15:05:10.393,      -0.01,       -0.01,        0.02,       0.02
2026-01-09T15:05:10.908,      -0.01,        0.00,        0.01,       0.02
2026-01-09T15:05:11.423,       0.00,       -0.02,        0.02,       0.03
2026-01-09T15:05:11.939,      -0.01,       -0.02,        0.01,       0.03
2026-01-09T15:05:12.459,      -0.02,       -0.01,       -0.02,       0.03
2026-01-09T15:05:13.006,      -0.01,       -0.02,       -0.05,       0.05
2026-01-09T15:05:13.521,      -0.01,       -0.03,       -0.00,       0.04
2026-01-09T15:05:14.040,      -0.00,       -0.01,       -0.01,       0.01
2026-01-09T15:05:14.558,      -0.01,       -0.01,       -0.02,       0.03
2026-01-09T15:05:15.070,      -0.01,       -0.00,       -0.04,       0.04
2026-01-09T15:05:15.585,      -0.01,       -0.01,       -0.03,       0.04
2026-01-09T15:05:16.102,      -0.02,       -0.01,        0.04,       0.04
2026-01-09T15:05:16.604,      -0.02,        0.00,       -0.01,       0.02
2026-01-09T15:05:17.117,      -0.02,       -0.01,       -0.02,       0.04
2026-01-09T15:05:17.633,      -0.01,       -0.01,        0.00,       0.01
2026-01-09T15:05:18.150,      -0.01,        0.00,        0.02,       0.02
2026-01-09T15:05:18.668,      -0.01,       -0.00,        0.00,       0.01
2026-01-09T15:05:18.717,        NaN,         NaN,         NaN,        NaN
2026-01-09T15:05:19.215,      -0.02,       -0.00,       -0.04,       0.04
2026-01-09T15:05:19.731,      -0.01,       -0.00,       -0.02,       0.02
2026-01-09T15:05:20.248,       0.01,       -0.01,       -0.03,       0.04
2026-01-09T15:05:20.748,       0.02,       -0.01,       -0.01,       0.03
2026-01-09T15:05:21.263,      -0.01,       -0.03,       -0.05,       0.06
2026-01-09T15:05:21.778,      -0.02,       -0.01,       -0.01,       0.02
2026-01-09T15:05:22.280,      -0.01,       -0.02,        0.01,       0.02
2026-01-09T15:05:22.795,      -0.01,       -0.02,       -0.03,       0.04
2026-01-09T15:05:23.311,      -0.00,        0.01,        0.01,       0.02
2026-01-09T15:05:23.826,      -0.01,        0.00,       -0.02,       0.02
2026-01-09T15:05:24.346,      -0.01,       -0.03,        0.01,       0.02
2026-01-09T15:05:24.893,      -0.01,       -0.03,       -0.02,       0.04
2026-01-09T15:05:25.408,      -0.02,       -0.02,       -0.04,       0.04
2026-01-09T15:05:25.927,      -0.02,       -0.00,        0.01,       0.01
2026-01-09T15:05:26.444,      -0.02,       -0.02,       -0.01,       0.02
2026-01-09T15:05:26.990,      -0.01,        0.00,        0.02,       0.02
2026-01-09T15:05:27.508,      -0.02,        0.00,        0.01,       0.01
2026-01-09T15:05:28.024,      -0.01,       -0.02,       -0.02,       0.03
2026-01-09T15:05:28.571,      -0.01,       -0.01,       -0.00,       0.01
2026-01-09T15:05:29.092,      -0.00,       -0.02,       -0.05,       0.06
2026-01-09T15:05:29.606,      -0.00,       -0.01,       -0.03,       0.03
2026-01-09T15:05:30.153,      -0.02,       -0.02,       -0.05,       0.06
2026-01-09T15:05:30.673,      -0.02,       -0.02,       -0.01,       0.02
2026-01-09T15:05:31.190,      -0.01,       -0.03,       -0.02,       0.03
2026-01-09T15:05:31.702,      -0.01,       -0.01,       -0.03,       0.03
2026-01-09T15:05:32.254,      -0.00,       -0.02,       -0.02,       0.03
2026-01-09T15:05:32.770,      -0.00,       -0.01,       -0.03,       0.03
2026-01-09T15:05:33.286,      -0.01,       -0.02,       -0.01,       0.02
2026-01-09T15:05:33.799,      -0.01,       -0.02,       -0.02,       0.02
2026-01-09T15:05:34.301,      -0.01,       -0.00,       -0.01,       0.01
2026-01-09T15:05:34.818,      -0.01,       -0.01,       -0.00,       0.01
2026-01-09T15:05:35.334,      -0.01,       -0.02,       -0.03,       0.04
2026-01-09T15:05:35.881,      -0.01,       -0.01,       -0.04,       0.04
2026-01-09T15:05:36.399,       0.01,       -0.02,       -0.03,       0.04
2026-01-09T15:05:36.913,      -0.01,       -0.00,        0.01,       0.01
2026-01-09T15:05:37.464,      -0.01,       -0.03,       -0.01,       0.03
2026-01-09T15:05:37.982,      -0.01,        0.00,        0.03,       0.03
2026-01-09T15:05:38.495,       0.00,       -0.00,       -0.00,       0.01
2026-01-09T15:05:39.047,      -0.01,        0.01,        0.04,       0.04
2026-01-09T15:05:39.563,      -0.00,       -0.01,       -0.02,       0.02
2026-01-09T15:05:40.080,      -0.03,       -0.01,       -0.02,       0.03
2026-01-09T15:05:40.592,      -0.02,       -0.03,       -0.05,       0.06
2026-01-09T15:05:41.109,       0.00,       -0.01,       -0.04,       0.05
2026-01-09T15:05:41.610,      -0.02,       -0.00,       -0.06,       0.07
2026-01-09T15:05:42.128,      -0.02,       -0.00,       -0.07,       0.07
2026-01-09T15:05:42.689,      -0.01,       -0.02,       -0.05,       0.05
2026-01-09T15:05:43.191,      -0.01,       -0.00,       -0.05,       0.05
2026-01-09T15:05:43.705,      -0.01,       -0.01,       -0.03,       0.03
2026-01-09T15:05:44.222,      -0.01,       -0.01,       -0.07,       0.07
2026-01-09T15:05:44.737,      -0.02,       -0.01,       -0.06,       0.06
2026-01-09T15:05:45.240,      -0.01,       -0.00,       -0.04,       0.04
2026-01-09T15:05:45.753,       0.01,       -0.02,       -0.09,       0.09
2026-01-09T15:05:46.320,      -0.02,        0.00,       -0.06,       0.06
2026-01-09T15:05:46.823,      -0.03,        0.00,       -0.01,       0.02
2026-01-09T15:05:47.335,      -0.01,       -0.01,       -0.02,       0.02
2026-01-09T15:05:47.887,      -0.01,       -0.00,       -0.03,       0.03
2026-01-09T15:05:48.403,      -0.02,       -0.02,       -0.04,       0.05
2026-01-09T15:05:48.920,      -0.01,       -0.02,       -0.02,       0.03
2026-01-09T15:05:49.482,      -0.01,        0.00,       -0.03,       0.03
2026-01-09T15:05:49.985,      -0.02,        0.00,       -0.02,       0.03
2026-01-09T15:05:50.498,      -0.02,       -0.01,       -0.04,       0.04
2026-01-09T15:05:51.015,      -0.03,       -0.03,       -0.06,       0.07
2026-01-09T15:05:51.514,      -0.02,       -0.02,       -0.06,       0.07
2026-01-09T15:05:52.033,      -0.01,       -0.03,       -0.03,       0.04
2026-01-09T15:05:52.577,      -0.01,       -0.02,       -0.08,       0.09
2026-01-09T15:05:53.097,      -0.02,       -0.01,       -0.06,       0.06
2026-01-09T15:05:53.614,      -0.01,       -0.02,       -0.02,       0.03
2026-01-09T15:05:54.127,      -0.01,       -0.03,       -0.07,       0.08
2026-01-09T15:05:54.679,      -0.02,       -0.01,       -0.00,       0.01
2026-01-09T15:05:55.195,      -0.02,       -0.02,       -0.05,       0.05
2026-01-09T15:05:55.712,      -0.01,       -0.03,       -0.05,       0.06
2026-01-09T15:05:56.259,      -0.03,       -0.02,       -0.05,       0.05
2026-01-09T15:05:56.778,      -0.01,       -0.02,       -0.04,       0.04
2026-01-09T15:05:57.293,      -0.01,       -0.01,       -0.07,       0.07
2026-01-09T15:05:57.807,      -0.01,       -0.02,       -0.04,       0.05
2026-01-09T15:05:58.359,      -0.02,       -0.01,       -0.01,       0.02
2026-01-09T15:05:58.874,      -0.02,       -0.02,       -0.01,       0.03
2026-01-09T15:05:59.388,      -0.02,       -0.01,       -0.03,       0.04
2026-01-09T15:05:59.891,      -0.02,       -0.02,        0.00,       0.01
2026-01-09T15:06:00.408,      -0.02,       -0.01,       -0.01,       0.02
2026-01-09T15:06:00.920,      -0.02,       -0.00,       -0.05,       0.05
2026-01-09T15:06:01.419,      -0.02,        0.01,       -0.00,       0.01
2026-01-09T15:06:01.938,      -0.02,        0.02,        0.01,       0.03
2026-01-09T15:06:02.455,      -0.02,       -0.03,       -0.06,       0.06
2026-01-09T15:06:03.017,      -0.03,       -0.02,       -0.04,       0.05
2026-01-09T15:06:03.519,      -0.02,       -0.01,       -0.03,       0.04
2026-01-09T15:06:04.035,      -0.02,       -0.02,       -0.01,       0.02
2026-01-09T15:06:04.552,      -0.03,        0.00,       -0.02,       0.03
2026-01-09T15:06:05.099,      -0.02,       -0.00,       -0.03,       0.03
2026-01-09T15:06:05.617,      -0.01,       -0.01,       -0.03,       0.03
2026-01-09T15:06:06.131,      -0.00,       -0.03,       -0.04,       0.05
2026-01-09T15:06:06.648,      -0.02,        0.00,       -0.01,       0.02
2026-01-09T15:06:07.150,      -0.02,       -0.01,       -0.03,       0.03
2026-01-09T15:06:07.665,      -0.01,       -0.02,       -0.03,       0.04
2026-01-09T15:06:08.179,      -0.01,       -0.02,       -0.04,       0.04
2026-01-09T15:06:08.696,      -0.01,       -0.03,       -0.03,       0.04
2026-01-09T15:06:09.198,      -0.01,       -0.02,       -0.01,       0.02
2026-01-09T15:06:09.712,      -0.03,       -0.02,       -0.03,       0.03
2026-01-09T15:06:10.226,      -0.02,       -0.02,       -0.01,       0.02
2026-01-09T15:06:10.742,      -0.03,       -0.02,       -0.01,       0.03
2026-01-09T15:06:11.258,      -0.01,       -0.02,       -0.03,       0.03
2026-01-09T15:06:11.760,       0.00,       -0.01,       -0.03,       0.04
2026-01-09T15:06:12.274,      -0.02,       -0.01,       -0.03,       0.03
2026-01-09T15:06:12.791,      -0.02,       -0.01,       -0.09,       0.09
2026-01-09T15:06:13.306,      -0.02,        0.01,        0.01,       0.02
2026-01-09T15:06:13.808,      -0.02,       -0.00,        0.02,       0.02
2026-01-09T15:06:14.321,      -0.02,       -0.02,       -0.03,       0.03
2026-01-09T15:06:14.839,      -0.03,       -0.01,       -0.04,       0.05
2026-01-09T15:06:15.342,      -0.03,       -0.01,       -0.03,       0.04
2026-01-09T15:06:15.856,      -0.03,       -0.04,       -0.06,       0.08
2026-01-09T15:06:16.370,      -0.02,       -0.02,       -0.02,       0.03
2026-01-09T15:06:16.886,      -0.02,       -0.02,       -0.02,       0.03
2026-01-09T15:06:17.388,      -0.02,       -0.00,        0.01,       0.01
2026-01-09T15:06:17.903,      -0.03,       -0.03,       -0.04,       0.06
2026-01-09T15:06:18.417,      -0.02,       -0.00,        0.03,       0.03
2026-01-09T15:06:18.934,      -0.02,       -0.01,        0.01,       0.01
2026-01-09T15:06:19.437,      -0.01,       -0.01,        0.02,       0.02
2026-01-09T15:06:19.948,       0.00,        0.00,       -0.02,       0.02
2026-01-09T15:06:20.465,      -0.00,       -0.01,       -0.02,       0.02
2026-01-09T15:06:20.982,      -0.01,       -0.02,        0.00,       0.02
2026-01-09T15:06:21.484,       0.01,       -0.02,        0.01,       0.03
2026-01-09T15:06:21.997,      -0.02,       -0.02,       -0.01,       0.02
2026-01-09T15:06:22.513,      -0.01,       -0.01,        0.00,       0.01
2026-01-09T15:06:23.030,      -0.01,       -0.00,       -0.00,       0.01
2026-01-09T15:06:23.533,      -0.01,       -0.01,       -0.01,       0.01
2026-01-09T15:06:24.045,      -0.01,       -0.02,       -0.04,       0.05
2026-01-09T15:06:24.561,      -0.02,        0.00,       -0.01,       0.02
2026-01-09T15:06:25.078,      -0.01,        0.01,       -0.00,       0.01
2026-01-09T15:06:25.580,      -0.01,       -0.02,       -0.05,       0.06
2026-01-09T15:06:26.092,       0.00,        0.00,       -0.04,       0.04
2026-01-09T15:06:26.607,      -0.00,        0.00,       -0.02,       0.03
2026-01-09T15:06:27.111,      -0.01,       -0.02,       -0.01,       0.01
2026-01-09T15:06:27.678,      -0.01,       -0.01,       -0.05,       0.06
2026-01-09T15:06:28.240,      -0.01,       -0.00,       -0.04,       0.04
2026-01-09T15:06:28.742,       0.00,       -0.01,        0.00,       0.01
2026-01-09T15:06:29.256,      -0.02,       -0.02,       -0.03,       0.04
2026-01-09T15:06:29.821,      -0.02,       -0.01,       -0.03,       0.04
2026-01-09T15:06:30.340,      -0.02,       -0.00,        0.01,       0.01
2026-01-09T15:06:30.886,      -0.02,       -0.00,       -0.05,       0.06
2026-01-09T15:06:31.403,      -0.01,       -0.01,       -0.02,       0.02
2026-01-09T15:06:31.920,      -0.02,       -0.01,       -0.03,       0.04
2026-01-09T15:06:32.438,      -0.02,       -0.02,       -0.04,       0.05
2026-01-09T15:06:32.985,      -0.01,        0.00,       -0.03,       0.03
2026-01-09T15:06:33.501,      -0.02,       -0.01,       -0.02,       0.03
2026-01-09T15:06:34.070,      -0.02,       -0.02,       -0.03,       0.03
2026-01-09T15:06:34.617,      -0.03,       -0.01,       -0.02,       0.03
2026-01-09T15:06:35.135,      -0.01,       -0.01,       -0.02,       0.02
2026-01-09T15:06:35.651,      -0.01,       -0.02,       -0.06,       0.07
2026-01-09T15:06:36.168,      -0.01,       -0.02,       -0.04,       0.04
2026-01-09T15:06:36.718,      -0.01,       -0.01,       -0.01,       0.01
2026-01-09T15:06:37.233,      -0.00,        0.00,       -0.01,       0.01
2026-01-09T15:06:37.779,      -0.02,       -0.00,        0.00,       0.01
2026-01-09T15:06:38.298,      -0.02,       -0.05,       -0.05,       0.07
2026-01-09T15:06:38.815,      -0.01,        0.00,       -0.02,       0.02
2026-01-09T15:06:39.361,      -0.02,       -0.01,        0.03,       0.03
2026-01-09T15:06:39.880,      -0.02,       -0.01,        0.00,       0.01
2026-01-09T15:06:40.396,      -0.02,       -0.02,        0.02,       0.02
2026-01-09T15:06:40.942,      -0.00,       -0.01,       -0.00,       0.01
2026-01-09T15:06:41.460,      -0.02,       -0.01,       -0.06,       0.07
2026-01-09T15:06:41.977,      -0.02,       -0.02,       -0.08,       0.08
2026-01-09T15:06:42.540,      -0.02,        0.01,       -0.01,       0.02
2026-01-09T15:06:43.042,      -0.01,       -0.01,       -0.01,       0.01
2026-01-09T15:06:43.560,      -0.01,       -0.02,       -0.04,       0.05
2026-01-09T15:06:44.107,      -0.03,       -0.03,       -0.02,       0.03
2026-01-09T15:06:44.626,      -0.02,       -0.01,       -0.03,       0.03
2026-01-09T15:06:45.172,      -0.01,       -0.01,        0.01,       0.01
2026-01-09T15:06:45.687,      -0.02,       -0.03,       -0.07,       0.08
2026-01-09T15:06:46.189,      -0.03,        0.01,       -0.00,       0.02
2026-01-09T15:06:46.706,      -0.03,       -0.02,       -0.04,       0.05
2026-01-09T15:06:47.256,      -0.01,       -0.01,       -0.04,       0.04
2026-01-09T15:06:47.771,      -0.01,       -0.02,       -0.06,       0.06
2026-01-09T15:06:48.317,      -0.01,       -0.02,        0.00,       0.01
2026-01-09T15:06:48.837,      -0.02,       -0.03,       -0.04,       0.05
2026-01-09T15:06:49.384,      -0.02,       -0.03,       -0.02,       0.03
2026-01-09T15:06:49.900,      -0.02,       -0.02,       -0.01,       0.02
2026-01-09T15:06:50.418,      -0.01,       -0.00,        0.00,       0.00
2026-01-09T15:06:50.984,      -0.01,       -0.01,       -0.03,       0.03
2026-01-09T15:06:51.534,      -0.01,       -0.02,       -0.04,       0.05
2026-01-09T15:06:52.051,      -0.01,       -0.03,       -0.04,       0.05
2026-01-09T15:06:52.598,       0.00,        0.01,        0.01,       0.02
2026-01-09T15:06:53.116,       0.00,        0.00,       -0.01,       0.02
2026-01-09T15:06:53.661,      -0.01,       -0.02,       -0.02,       0.03
2026-01-09T15:06:54.178,      -0.01,       -0.01,       -0.01,       0.01
2026-01-09T15:06:54.680,      -0.00,       -0.01,       -0.01,       0.02
2026-01-09T15:06:55.197,      -0.02,       -0.01,       -0.07,       0.07
2026-01-09T15:06:55.747,      -0.02,       -0.02,       -0.03,       0.03
2026-01-09T15:06:56.262,      -0.02,        0.01,       -0.00,       0.01
2026-01-09T15:06:56.809,      -0.01,       -0.02,       -0.04,       0.04
2026-01-09T15:06:57.328,       0.01,       -0.00,       -0.03,       0.03
2026-01-09T15:06:57.874,      -0.01,       -0.02,       -0.08,       0.08
2026-01-09T15:06:58.391,      -0.02,       -0.01,       -0.06,       0.06
2026-01-09T15:06:58.893,      -0.01,       -0.01,       -0.04,       0.04
2026-01-09T15:06:59.406,      -0.01,       -0.03,       -0.09,       0.09
2026-01-09T15:06:59.908,      -0.02,       -0.03,       -0.01,       0.03
2026-01-09T15:07:00.423,      -0.02,       -0.01,       -0.04,       0.04
2026-01-09T15:07:00.971,      -0.02,        0.00,       -0.03,       0.04
2026-01-09T15:07:01.473,      -0.01,        0.02,        0.01,       0.02
2026-01-09T15:07:01.990,      -0.02,        0.01,        0.01,       0.02
2026-01-09T15:07:02.540,      -0.01,       -0.01,       -0.04,       0.04
2026-01-09T15:07:03.055,       0.00,        0.00,       -0.01,       0.02
2026-01-09T15:07:03.601,      -0.02,       -0.01,       -0.03,       0.04
2026-01-09T15:07:04.120,      -0.01,       -0.03,       -0.07,       0.08
2026-01-09T15:07:04.667,      -0.01,       -0.01,       -0.02,       0.02
2026-01-09T15:07:05.184,      -0.02,        0.01,        0.00,       0.02
2026-01-09T15:07:05.686,      -0.01,       -0.01,       -0.03,       0.04
2026-01-09T15:07:06.249,      -0.02,       -0.01,       -0.03,       0.03
2026-01-09T15:07:06.400,        NaN,         NaN,         NaN,        NaN
2026-01-09T15:07:06.751,      -0.02,       -0.00,       -0.01,       0.01
2026-01-09T15:07:07.267,      -0.02,       -0.02,       -0.02,       0.03
2026-01-09T15:07:07.813,      -0.01,       -0.02,       -0.05,       0.05
2026-01-09T15:07:08.332,      -0.02,        0.00,       -0.03,       0.04
2026-01-09T15:07:08.880,      -0.02,       -0.03,       -0.05,       0.06
2026-01-09T15:07:09.394,      -0.03,       -0.03,       -0.05,       0.06
2026-01-09T15:07:09.897,      -0.01,       -0.01,       -0.01,       0.02
2026-01-09T15:07:10.410,      -0.02,       -0.01,       -0.03,       0.03
2026-01-09T15:07:10.927,      -0.02,       -0.01,       -0.02,       0.03
2026-01-09T15:07:11.429,      -0.00,       -0.02,       -0.04,       0.04
2026-01-09T15:07:11.942,      -0.02,        0.00,        0.06,       0.06
2026-01-09T15:07:12.458,      -0.02,       -0.02,       -0.03,       0.04
2026-01-09T15:07:12.961,      -0.01,       -0.00,       -0.02,       0.02
2026-01-09T15:07:13.478,      -0.01,       -0.03,       -0.07,       0.07
2026-01-09T15:07:13.990,      -0.02,       -0.02,       -0.04,       0.05
2026-01-09T15:07:14.542,      -0.02,       -0.02,       -0.01,       0.02
2026-01-09T15:07:15.058,      -0.03,        0.01,        0.03,       0.04
2026-01-09T15:07:15.605,      -0.03,        0.00,        0.02,       0.03
2026-01-09T15:07:16.121,      -0.01,       -0.00,        0.01,       0.01
2026-01-09T15:07:16.621,      -0.01,       -0.01,       -0.03,       0.03
2026-01-09T15:07:17.137,      -0.02,        0.01,        0.02,       0.03
2026-01-09T15:07:17.639,      -0.02,       -0.02,       -0.08,       0.08
2026-01-09T15:07:18.155,      -0.03,       -0.02,        0.01,       0.02
2026-01-09T15:07:18.705,      -0.03,        0.00,        0.00,       0.02
2026-01-09T15:07:19.220,      -0.01,       -0.03,       -0.03,       0.05
2026-01-09T15:07:19.735,      -0.01,       -0.03,       -0.03,       0.04
2026-01-09T15:07:20.285,      -0.02,       -0.01,       -0.01,       0.02
2026-01-09T15:07:20.802,      -0.01,        0.01,       -0.00,       0.01
2026-01-09T15:07:21.349,      -0.02,        0.00,        0.03,       0.03
2026-01-09T15:07:21.865,      -0.01,       -0.01,       -0.05,       0.05
2026-01-09T15:07:22.383,       0.00,        0.02,        0.04,       0.04
2026-01-09T15:07:22.929,      -0.02,       -0.01,       -0.03,       0.03
2026-01-09T15:07:23.445,      -0.03,       -0.02,       -0.04,       0.05
2026-01-09T15:07:23.966,      -0.01,        0.00,        0.01,       0.01
2026-01-09T15:07:24.512,      -0.02,       -0.01,        0.04,       0.04
2026-01-09T15:07:25.027,      -0.01,       -0.00,        0.00,       0.00
2026-01-09T15:07:25.547,      -0.01,       -0.01,       -0.02,       0.03
2026-01-09T15:07:26.093,      -0.02,       -0.00,        0.00,       0.01
2026-01-09T15:07:26.611,      -0.01,       -0.04,       -0.02,       0.04
2026-01-09T15:07:27.129,      -0.01,       -0.02,       -0.00,       0.02
2026-01-09T15:07:27.674,      -0.01,        0.00,       -0.03,       0.03
2026-01-09T15:07:28.191,      -0.00,       -0.00,        0.00,       0.01
2026-01-09T15:07:28.693,      -0.03,       -0.02,       -0.07,       0.08
2026-01-09T15:07:29.207,      -0.03,       -0.01,       -0.04,       0.05
2026-01-09T15:07:29.759,      -0.01,       -0.00,       -0.02,       0.02
2026-01-09T15:07:30.274,       0.00,       -0.02,       -0.03,       0.04
2026-01-09T15:07:30.788,      -0.00,       -0.01,       -0.02,       0.02
2026-01-09T15:07:31.291,      -0.01,       -0.00,       -0.00,       0.01
2026-01-09T15:07:31.807,       0.00,       -0.02,       -0.03,       0.04
2026-01-09T15:07:32.355,      -0.03,       -0.01,       -0.04,       0.05
2026-01-09T15:07:32.871,      -0.04,       -0.01,        0.00,       0.03
2026-01-09T15:07:33.388,      -0.01,       -0.01,        0.00,       0.00
2026-01-09T15:07:33.952,      -0.00,       -0.02,       -0.05,       0.05
2026-01-09T15:07:34.505,      -0.03,       -0.03,       -0.08,       0.08
2026-01-09T15:07:35.020,      -0.03,       -0.01,       -0.02,       0.03
2026-01-09T15:07:35.565,      -0.01,       -0.03,       -0.07,       0.08
2026-01-09T15:07:36.086,      -0.04,       -0.02,       -0.06,       0.07
2026-01-09T15:07:36.601,      -0.02,       -0.02,       -0.01,       0.03
2026-01-09T15:07:37.149,      -0.03,       -0.01,       -0.04,       0.05
2026-01-09T15:07:37.666,      -0.02,       -0.02,       -0.08,       0.08
2026-01-09T15:07:38.212,      -0.02,       -0.02,       -0.01,       0.03
2026-01-09T15:07:38.730,      -0.01,       -0.00,        0.00,       0.00
2026-01-09T15:07:39.231,      -0.00,       -0.01,       -0.04,       0.05
2026-01-09T15:07:39.533,        NaN,         NaN,         NaN,        NaN
2026-01-09T15:07:39.746,      -0.01,       -0.01,       -0.04,       0.04
2026-01-09T15:07:40.299,      -0.03,       -0.00,       -0.04,       0.05
2026-01-09T15:07:40.813,      -0.02,       -0.00,       -0.03,       0.03
2026-01-09T15:07:41.362,      -0.01,       -0.03,       -0.03,       0.04
2026-01-09T15:07:41.879,      -0.02,       -0.01,       -0.02,       0.02
2026-01-09T15:07:42.425,      -0.01,       -0.01,       -0.02,       0.02
2026-01-09T15:07:42.942,      -0.01,       -0.02,       -0.01,       0.02
2026-01-09T15:07:43.445,      -0.02,       -0.01,        0.01,       0.01
2026-01-09T15:07:43.957,      -0.03,       -0.01,       -0.07,       0.08
2026-01-09T15:07:44.459,      -0.01,       -0.01,       -0.04,       0.04
2026-01-09T15:07:44.976,      -0.00,       -0.00,        0.01,       0.01
2026-01-09T15:07:45.493,      -0.02,       -0.03,       -0.03,       0.04
2026-01-09T15:07:46.042,      -0.01,       -0.02,        0.03,       0.03
2026-01-09T15:07:46.556,      -0.02,       -0.01,        0.01,       0.01
2026-01-09T15:07:47.102,      -0.02,       -0.02,       -0.03,       0.03
2026-01-09T15:07:47.622,      -0.02,        0.00,       -0.03,       0.04
2026-01-09T15:07:48.139,      -0.01,       -0.02,       -0.05,       0.05
2026-01-09T15:07:48.686,      -0.00,       -0.01,       -0.03,       0.03
2026-01-09T15:07:49.204,      -0.01,       -0.01,       -0.03,       0.03
2026-01-09T15:07:49.720,      -0.02,       -0.02,       -0.01,       0.02
2026-01-09T15:07:50.266,      -0.02,       -0.01,       -0.04,       0.04
2026-01-09T15:07:50.783,      -0.02,       -0.02,       -0.07,       0.07
2026-01-09T15:07:51.302,      -0.02,       -0.02,       -0.05,       0.06
2026-01-09T15:07:51.848,      -0.03,       -0.01,        0.03,       0.03
2026-01-09T15:07:52.367,      -0.04,       -0.04,       -0.02,       0.05
2026-01-09T15:07:52.885,      -0.03,       -0.03,       -0.01,       0.03
2026-01-09T15:07:53.431,      -0.03,       -0.01,       -0.03,       0.04
2026-01-09T15:07:53.949,      -0.02,       -0.03,       -0.06,       0.06
2026-01-09T15:07:54.465,      -0.01,       -0.01,       -0.03,       0.04
2026-01-09T15:07:54.981,      -0.02,        0.01,        0.00,       0.01
2026-01-09T15:07:55.528,      -0.01,       -0.02,       -0.05,       0.05
2026-01-09T15:07:56.046,      -0.02,       -0.02,       -0.07,       0.08
2026-01-09T15:07:56.563,      -0.01,       -0.01,        0.01,       0.01
2026-01-09T15:07:57.077,      -0.01,       -0.01,        0.00,       0.00
2026-01-09T15:07:57.592,      -0.03,       -0.02,       -0.03,       0.04
2026-01-09T15:07:58.095,      -0.02,       -0.02,       -0.04,       0.04
2026-01-09T15:07:58.608,      -0.01,       -0.01,       -0.02,       0.02
2026-01-09T15:07:59.125,      -0.01,       -0.02,       -0.06,       0.06
2026-01-09T15:07:59.640,      -0.01,        0.01,       -0.02,       0.03
2026-01-09T15:08:00.143,      -0.01,       -0.02,        0.02,       0.02
2026-01-09T15:08:00.656,       0.01,       -0.02,        0.01,       0.02
2026-01-09T15:08:01.172,      -0.00,       -0.01,       -0.02,       0.02
2026-01-09T15:08:01.687,      -0.00,       -0.03,       -0.07,       0.07
2026-01-09T15:08:02.207,      -0.02,       -0.01,       -0.02,       0.02
2026-01-09T15:08:02.753,      -0.02,       -0.02,        0.00,       0.01
2026-01-09T15:08:03.270,      -0.00,        0.01,       -0.00,       0.02
2026-01-09T15:08:03.788,      -0.03,       -0.00,        0.04,       0.05
2026-01-09T15:08:04.304,      -0.01,       -0.02,       -0.02,       0.03
2026-01-09T15:08:04.822,      -0.02,       -0.03,       -0.00,       0.03
2026-01-09T15:08:05.334,      -0.02,       -0.00,        0.03,       0.03
2026-01-09T15:08:05.850,       0.00,       -0.01,        0.06,       0.06
2026-01-09T15:08:06.352,       0.00,       -0.00,        0.01,       0.01
2026-01-09T15:08:06.869,      -0.00,       -0.01,        0.00,       0.01
2026-01-09T15:08:07.381,      -0.01,       -0.01,        0.03,       0.03
2026-01-09T15:08:07.897,      -0.02,        0.01,        0.01,       0.02
2026-01-09T15:08:08.399,      -0.00,        0.00,       -0.01,       0.01
2026-01-09T15:08:08.917,       0.00,       -0.02,       -0.03,       0.04
2026-01-09T15:08:09.448,      -0.02,       -0.01,       -0.02,       0.02
2026-01-09T15:08:09.995,      -0.00,        0.00,       -0.02,       0.03
2026-01-09T15:08:10.515,      -0.02,       -0.02,       -0.01,       0.02
2026-01-09T15:08:11.030,      -0.02,        0.00,       -0.00,       0.01
2026-01-09T15:08:11.544,      -0.02,       -0.01,       -0.04,       0.04
2026-01-09T15:08:12.043,      -0.01,       -0.01,       -0.03,       0.03
2026-01-09T15:08:12.563,      -0.03,       -0.04,       -0.03,       0.05
2026-01-09T15:08:13.078,      -0.02,       -0.00,        0.01,       0.01
2026-01-09T15:08:13.591,      -0.03,       -0.01,       -0.01,       0.02
2026-01-09T15:08:14.094,      -0.03,       -0.01,        0.02,       0.03
2026-01-09T15:08:14.611,      -0.03,        0.02,        0.01,       0.03
2026-01-09T15:08:15.126,      -0.00,       -0.00,        0.01,       0.01
2026-01-09T15:08:15.638,       0.01,       -0.01,        0.05,       0.05
2026-01-09T15:08:16.156,       0.00,       -0.04,        0.01,       0.04
2026-01-09T15:08:16.658,      -0.01,       -0.01,       -0.02,       0.02
2026-01-09T15:08:17.174,      -0.00,       -0.00,        0.00,       0.01
2026-01-09T15:08:17.687,      -0.00,       -0.02,       -0.00,       0.02
2026-01-09T15:08:18.189,      -0.02,       -0.04,       -0.04,       0.05
2026-01-09T15:08:18.706,      -0.01,       -0.01,       -0.02,       0.02
2026-01-09T15:08:19.221,      -0.02,        0.00,       -0.00,       0.01
2026-01-09T15:08:19.735,      -0.02,        0.01,        0.02,       0.02
2026-01-09T15:08:20.252,      -0.04,       -0.01,       -0.01,       0.03
2026-01-09T15:08:20.755,      -0.03,       -0.01,        0.00,       0.02
2026-01-09T15:08:21.267,       0.00,       -0.01,        0.00,       0.01
2026-01-09T15:08:21.782,       0.00,       -0.03,        0.01,       0.03
2026-01-09T15:08:22.299,      -0.01,       -0.01,       -0.03,       0.03
2026-01-09T15:08:22.817,       0.00,       -0.03,       -0.03,       0.04
2026-01-09T15:08:23.334,      -0.01,        0.00,       -0.00,       0.01
2026-01-09T15:08:23.880,      -0.01,        0.00,       -0.02,       0.02
2026-01-09T15:08:24.397,      -0.01,       -0.01,       -0.01,       0.01
2026-01-09T15:08:24.915,      -0.00,       -0.02,       -0.03,       0.03
2026-01-09T15:08:25.431,      -0.01,       -0.02,        0.02,       0.02
2026-01-09T15:08:25.946,       0.00,       -0.01,        0.05,       0.05
2026-01-09T15:08:26.461,      -0.00,       -0.03,        0.00,       0.02
2026-01-09T15:08:26.963,       0.00,       -0.03,       -0.05,       0.06
2026-01-09T15:08:27.479,      -0.01,       -0.03,       -0.02,       0.03
2026-01-09T15:08:27.993,      -0.02,       -0.01,       -0.00,       0.01
2026-01-09T15:08:28.508,      -0.01,       -0.00,        0.00,       0.00
2026-01-09T15:08:29.023,      -0.02,        0.00,        0.02,       0.02
2026-01-09T15:08:29.544,      -0.01,        0.00,        0.05,       0.05
2026-01-09T15:08:30.091,      -0.02,        0.00,       -0.04,       0.04
2026-01-09T15:08:30.606,      -0.03,       -0.00,        0.01,       0.02
2026-01-09T15:08:31.125,      -0.02,       -0.02,       -0.02,       0.03
2026-01-09T15:08:31.642,      -0.01,       -0.00,        0.04,       0.04
2026-01-09T15:08:32.155,       0.01,       -0.01,       -0.01,       0.03
2026-01-09T15:08:32.671,      -0.00,        0.00,        0.03,       0.03
2026-01-09T15:08:33.188,      -0.01,       -0.00,       -0.00,       0.01
2026-01-09T15:08:33.689,      -0.01,       -0.01,       -0.00,       0.01
2026-01-09T15:08:34.202,      -0.02,       -0.02,       -0.04,       0.05
2026-01-09T15:08:34.718,      -0.01,       -0.03,       -0.04,       0.05
2026-01-09T15:08:35.234,      -0.00,       -0.03,       -0.01,       0.03
2026-01-09T15:08:35.753,      -0.01,       -0.02,        0.00,       0.01
2026-01-09T15:08:36.269,      -0.00,       -0.03,       -0.01,       0.03
2026-01-09T15:08:36.786,      -0.02,       -0.02,        0.01,       0.02
2026-01-09T15:08:37.299,      -0.01,       -0.00,        0.05,       0.05
2026-01-09T15:08:37.815,       0.00,       -0.03,       -0.04,       0.05
2026-01-09T15:08:38.332,      -0.01,       -0.02,       -0.03,       0.03
2026-01-09T15:08:38.835,      -0.01,       -0.00,        0.03,       0.03
2026-01-09T15:08:39.347,      -0.01,        0.02,        0.02,       0.03
2026-01-09T15:08:39.863,      -0.01,       -0.02,        0.01,       0.02
2026-01-09T15:08:40.380,       0.01,       -0.04,       -0.01,       0.04
2026-01-09T15:08:40.898,       0.00,       -0.01,       -0.00,       0.01
2026-01-09T15:08:41.413,      -0.00,       -0.02,       -0.03,       0.03
2026-01-09T15:08:41.978,      -0.00,       -0.02,       -0.06,       0.06
2026-01-09T15:08:42.493,      -0.01,       -0.00,       -0.04,       0.04
2026-01-09T15:08:42.995,       0.01,       -0.03,       -0.03,       0.04
2026-01-09T15:08:43.529,      -0.01,       -0.02,       -0.05,       0.06
2026-01-09T15:08:44.042,      -0.01,       -0.02,       -0.05,       0.05
2026-01-09T15:08:44.608,       0.00,       -0.02,       -0.04,       0.05
2026-01-09T15:08:44.791,        NaN,         NaN,         NaN,        NaN
2026-01-09T15:08:44.791,        NaN,         NaN,         NaN,        NaN
2026-01-09T15:08:45.109,      -0.01,       -0.01,       -0.02,       0.01
2026-01-09T15:08:45.627,      -0.01,        0.01,        0.02,       0.05
2026-01-09T15:08:46.139,      -0.01,        0.01,       -0.01,       0.03
2026-01-09T15:08:46.655,      -0.00,       -0.03,       -0.03,       0.02
2026-01-09T15:08:47.172,       0.00,       -0.02,       -0.01,       0.02
2026-01-09T15:08:47.690,      -0.01,       -0.01,       -0.02,       0.01
2026-01-09T15:08:48.237,      -0.01,       -0.04,       -0.07,       0.06
2026-01-09T15:08:48.756,       0.00,       -0.04,       -0.04,       0.03
2026-01-09T15:08:49.273,      -0.01,       -0.01,       -0.03,       0.01
2026-01-09T15:08:49.789,      -0.01,       -0.02,       -0.03,       0.01
2026-01-09T15:08:50.302,      -0.02,       -0.01,       -0.04,       0.02
2026-01-09T15:08:50.818,      -0.02,       -0.02,       -0.04,       0.02
2026-01-09T15:08:51.320,      -0.01,        0.01,       -0.01,       0.03
2026-01-09T15:08:51.836,      -0.01,       -0.01,        0.02,       0.04
2026-01-09T15:08:52.349,      -0.01,       -0.00,        0.03,       0.06
2026-01-09T15:08:52.851,       0.00,       -0.02,       -0.01,       0.02
2026-01-09T15:08:53.369,      -0.00,       -0.02,       -0.00,       0.02
2026-01-09T15:08:53.881,      -0.01,       -0.00,        0.00,       0.02
2026-01-09T15:08:54.397,      -0.02,       -0.05,       -0.05,       0.05
2026-01-09T15:08:54.914,      -0.02,       -0.00,        0.02,       0.05
2026-01-09T15:08:55.432,      -0.01,       -0.04,       -0.01,       0.03
2026-01-09T15:08:55.948,      -0.00,       -0.03,       -0.07,       0.05
2026-01-09T15:08:56.515,      -0.00,       -0.03,       -0.05,       0.03
2026-01-09T15:08:57.064,       0.00,       -0.00,        0.00,       0.03
2026-01-09T15:08:57.579,      -0.01,       -0.00,       -0.05,       0.02
2026-01-09T15:08:58.093,      -0.00,       -0.03,       -0.03,       0.02
2026-01-09T15:08:58.609,      -0.03,        0.01,        0.01,       0.03
2026-01-09T15:08:59.125,      -0.02,       -0.01,       -0.03,       0.01
2026-01-09T15:08:59.644,      -0.01,       -0.02,        0.01,       0.04
2026-01-09T15:09:00.161,      -0.00,       -0.03,       -0.06,       0.04
2026-01-09T15:09:00.707,      -0.01,       -0.01,       -0.02,       0.01
2026-01-09T15:09:01.226,      -0.02,       -0.02,        0.02,       0.04
2026-01-09T15:09:01.741,      -0.01,        0.01,        0.04,       0.06
2026-01-09T15:09:02.258,      -0.01,       -0.00,       -0.03,       0.01
2026-01-09T15:09:02.771,      -0.01,       -0.01,        0.02,       0.04
2026-01-09T15:09:03.273,       0.00,       -0.03,        0.02,       0.05
2026-01-09T15:09:03.789,       0.01,       -0.00,       -0.01,       0.03
2026-01-09T15:09:04.306,      -0.01,       -0.02,       -0.05,       0.03
2026-01-09T15:09:04.819,      -0.00,       -0.01,        0.01,       0.04
2026-01-09T15:09:05.336,      -0.01,       -0.00,       -0.02,       0.01
2026-01-09T15:09:05.852,      -0.01,       -0.01,        0.02,       0.04
2026-01-09T15:09:06.370,      -0.02,       -0.01,       -0.01,       0.02
2026-01-09T15:09:06.886,      -0.00,       -0.01,       -0.01,       0.02
2026-01-09T15:09:07.401,       0.00,       -0.00,        0.00,       0.03
2026-01-09T15:09:07.916,       0.00,       -0.01,       -0.01,       0.02
2026-01-09T15:09:08.418,      -0.01,       -0.02,       -0.01,       0.02
2026-01-09T15:09:08.934,      -0.00,       -0.02,       -0.03,       0.02
2026-01-09T15:09:09.447,      -0.00,        0.00,        0.04,       0.06
2026-01-09T15:09:09.963,      -0.01,       -0.01,        0.04,       0.06
2026-01-09T15:09:10.465,       0.00,       -0.00,       -0.02,       0.02
2026-01-09T15:09:10.981,      -0.01,       -0.01,       -0.04,       0.02
2026-01-09T15:09:11.496,      -0.02,       -0.04,       -0.04,       0.03
2026-01-09T15:09:12.010,      -0.01,       -0.01,        0.01,       0.03
2026-01-09T15:09:12.513,      -0.01,       -0.01,        0.01,       0.03
2026-01-09T15:09:13.026,      -0.01,       -0.01,        0.01,       0.03
2026-01-09T15:09:13.543,      -0.02,       -0.01,       -0.03,       0.00
2026-01-09T15:09:14.059,      -0.00,       -0.02,       -0.01,       0.02
2026-01-09T15:09:14.561,      -0.03,       -0.01,       -0.03,       0.02
2026-01-09T15:09:15.075,      -0.02,        0.00,       -0.02,       0.01
2026-01-09T15:09:15.591,      -0.01,       -0.02,        0.00,       0.03
2026-01-09T15:09:16.094,      -0.01,       -0.04,       -0.04,       0.03
2026-01-09T15:09:16.609,      -0.00,       -0.00,        0.00,       0.03
2026-01-09T15:09:17.171,      -0.01,        0.00,       -0.02,       0.02
2026-01-09T15:09:17.674,      -0.00,       -0.03,       -0.05,       0.04
2026-01-09T15:09:18.191,      -0.03,       -0.03,       -0.05,       0.04
2026-01-09T15:09:18.704,      -0.03,       -0.02,       -0.01,       0.02
2026-01-09T15:09:19.220,      -0.00,       -0.02,        0.02,       0.05
2026-01-09T15:09:19.722,      -0.00,       -0.01,        0.01,       0.03
2026-01-09T15:09:20.255,      -0.01,       -0.00,        0.02,       0.05
2026-01-09T15:09:20.801,       0.00,        0.00,       -0.01,       0.03
2026-01-09T15:09:21.318,      -0.01,       -0.02,       -0.03,       0.02
2026-01-09T15:09:21.835,      -0.00,       -0.02,       -0.03,       0.02
2026-01-09T15:09:22.352,      -0.02,       -0.01,       -0.02,       0.01
2026-01-09T15:09:22.868,      -0.00,       -0.01,       -0.00,       0.02
2026-01-09T15:09:23.382,      -0.01,       -0.02,        0.04,       0.06
2026-01-09T15:09:23.898,      -0.01,       -0.00,        0.04,       0.07
2026-01-09T15:09:24.414,       0.00,       -0.01,        0.00,       0.03
2026-01-09T15:09:24.934,      -0.01,       -0.03,        0.01,       0.04
2026-01-09T15:09:25.497,      -0.02,        0.01,        0.02,       0.05
2026-01-09T15:09:26.062,      -0.02,       -0.01,       -0.02,       0.01
2026-01-09T15:09:26.565,      -0.03,        0.01,       -0.02,       0.02
2026-01-09T15:09:27.082,      -0.00,       -0.01,       -0.03,       0.01
2026-01-09T15:09:27.594,      -0.01,       -0.02,        0.01,       0.03
2026-01-09T15:09:28.110,       0.03,       -0.01,       -0.05,       0.05
2026-01-09T15:09:28.612,      -0.01,       -0.02,       -0.06,       0.04
2026-01-09T15:09:29.129,      -0.01,       -0.03,       -0.03,       0.02
2026-01-09T15:09:29.642,      -0.01,       -0.01,        0.02,       0.05
2026-01-09T15:09:30.157,      -0.00,        0.00,       -0.01,       0.03
2026-01-09T15:09:30.675,      -0.02,        0.00,       -0.02,       0.01
2026-01-09T15:09:31.193,      -0.02,       -0.00,       -0.01,       0.02
2026-01-09T15:09:31.709,      -0.00,        0.00,        0.04,       0.07
2026-01-09T15:09:32.259,      -0.01,       -0.02,        0.02,       0.04
2026-01-09T15:09:32.775,      -0.02,       -0.00,       -0.05,       0.03
2026-01-09T15:09:33.290,      -0.01,        0.00,       -0.03,       0.02
2026-01-09T15:09:33.803,      -0.02,        0.01,       -0.02,       0.02
2026-01-09T15:09:34.306,      -0.01,       -0.01,        0.00,       0.03
2026-01-09T15:09:34.823,      -0.02,       -0.03,       -0.00,       0.03
2026-01-09T15:09:35.335,      -0.01,       -0.00,       -0.00,       0.02
2026-01-09T15:09:35.852,      -0.03,       -0.00,        0.02,       0.04
2026-01-09T15:09:36.369,      -0.02,       -0.00,        0.01,       0.03
2026-01-09T15:09:36.884,      -0.02,        0.00,        0.03,       0.06
2026-01-09T15:09:37.403,      -0.02,       -0.01,       -0.03,       0.01
2026-01-09T15:09:37.920,      -0.02,       -0.01,       -0.04,       0.02
2026-01-09T15:09:38.467,      -0.02,       -0.02,        0.00,       0.03
2026-01-09T15:09:38.984,      -0.02,       -0.01,       -0.01,       0.02
2026-01-09T15:09:39.500,      -0.02,       -0.02,       -0.02,       0.01
2026-01-09T15:09:40.017,      -0.02,       -0.02,        0.01,       0.03
2026-01-09T15:09:40.530,      -0.01,       -0.02,       -0.03,       0.02
2026-01-09T15:09:41.045,      -0.03,       -0.03,        0.00,       0.03
2026-01-09T15:09:41.563,       0.00,       -0.03,        0.00,       0.03
2026-01-09T15:09:42.081,      -0.01,       -0.01,        0.01,       0.03
2026-01-09T15:09:42.594,      -0.01,       -0.01,       -0.03,       0.01
2026-01-09T15:09:43.147,      -0.01,       -0.02,       -0.06,       0.04
2026-01-09T15:09:43.664,      -0.02,        0.00,        0.02,       0.04
2026-01-09T15:09:44.176,      -0.01,       -0.03,       -0.02,       0.02
2026-01-09T15:09:44.691,      -0.00,       -0.02,       -0.04,       0.02
2026-01-09T15:09:45.208,      -0.01,       -0.03,       -0.03,       0.03
2026-01-09T15:09:45.728,      -0.00,       -0.02,        0.00,       0.03
2026-01-09T15:09:46.273,      -0.02,        0.02,        0.02,       0.06
2026-01-09T15:09:46.540,        NaN,         NaN,         NaN,        NaN
2026-01-09T15:09:46.788,        NaN,         NaN,         NaN,        NaN
2026-01-09T15:09:47.305,        NaN,         NaN,         NaN,        NaN
2026-01-09T15:09:47.821,        NaN,         NaN,         NaN,        NaN
2026-01-09T15:09:47.976,        NaN,         NaN,         NaN,        NaN
2026-01-09T15:09:48.321,      -0.00,       -0.06,       -0.00,       0.05
2026-01-09T15:09:48.837,      -0.03,       -0.02,        0.06,       0.08
2026-01-09T15:09:49.354,      -0.03,       -0.06,        0.01,       0.06
2026-01-09T15:09:49.873,      -0.05,       -0.03,       -0.01,       0.04
2026-01-09T15:09:50.418,      -0.03,       -0.02,       -0.03,       0.02
2026-01-09T15:09:50.939,      -0.02,       -0.00,       -0.01,       0.01
2026-01-09T15:09:51.455,      -0.01,       -0.01,        0.03,       0.05
2026-01-09T15:09:51.519,        NaN,         NaN,         NaN,        NaN
2026-01-09T15:09:51.968,        NaN,         NaN,         NaN,        NaN
2026-01-09T15:09:52.484,        NaN,         NaN,         NaN,        NaN
2026-01-09T15:09:52.534,        NaN,         NaN,         NaN,        NaN
2026-01-09T15:09:52.583,        NaN,         NaN,         NaN,        NaN
2026-01-09T15:09:53.000,      -0.85,        2.02,        8.27,       8.58
2026-01-09T15:09:53.503,      -0.41,        1.08,        4.42,       4.59
2026-01-09T15:09:54.018,      -0.41,        0.94,        3.81,       3.97
2026-01-09T15:09:54.531,      -0.12,        0.23,        0.95,       1.01
2026-01-09T15:09:55.049,      -0.41,        1.02,        4.15,       4.32
2026-01-09T15:09:55.564,      -0.62,        1.45,        5.76,       6.00
2026-01-09T15:09:56.083,      -0.60,        1.52,        6.01,       6.25
2026-01-09T15:09:56.600,      -0.19,        0.46,        1.99,       2.07
2026-01-09T15:09:57.146,        NaN,         NaN,         NaN,        NaN
2026-01-09T15:09:57.664,      -0.46,        0.59,        2.63,       2.75
2026-01-09T15:09:58.180,      -0.03,        0.05,        0.24,       0.27
2026-01-09T15:09:58.697,      -0.02,       -0.01,       -0.08,       0.06
2026-01-09T15:09:59.259,      -0.01,       -0.03,       -0.04,       0.02
2026-01-09T15:09:59.762,      -0.00,       -0.03,       -0.08,       0.06
2026-01-09T15:10:00.275,      -0.02,       -0.01,        0.02,       0.04
2026-01-09T15:10:00.793,      -0.02,       -0.04,       -0.02,       0.03
2026-01-09T15:10:00.793,        NaN,         NaN,         NaN,        NaN
2026-01-09T15:10:01.307,      -0.02,       -0.02,        0.11,       0.13
2026-01-09T15:10:01.826,      -0.04,       -0.04,        0.25,       0.27
2026-01-09T15:10:02.343,      -0.00,       -0.01,        0.39,       0.42
2026-01-09T15:10:02.858,      -0.01,       -0.01,        0.51,       0.53
2026-01-09T15:10:03.372,      -0.00,       -0.03,        0.59,       0.61
2026-01-09T15:10:03.888,      -0.01,       -0.02,        0.66,       0.68
2026-01-09T15:10:04.403,      -0.02,       -0.03,        0.78,       0.80
2026-01-09T15:10:04.503,        NaN,         NaN,         NaN,        NaN
2026-01-09T15:10:04.903,        NaN,         NaN,         NaN,        NaN
2026-01-09T15:10:05.420,        NaN,         NaN,         NaN,        NaN
2026-01-09T15:10:05.622,        NaN,         NaN,         NaN,        NaN
2026-01-09T15:10:05.936,       0.02,       -0.05,        0.79,       0.82
2026-01-09T15:10:06.455,      -0.01,       -0.04,        0.70,       0.73
2026-01-09T15:10:06.971,       0.00,       -0.03,        0.57,       0.60
2026-01-09T15:10:07.488,       0.02,       -0.02,        0.50,       0.52
2026-01-09T15:10:08.000,       0.01,       -0.04,        0.44,       0.47
2026-01-09T15:10:08.503,      -0.00,       -0.01,        0.42,       0.44
2026-01-09T15:10:09.019,      -0.00,       -0.05,        0.40,       0.43
2026-01-09T15:10:09.535,      -0.00,       -0.04,        0.27,       0.30
2026-01-09T15:10:10.097,      -0.00,       -0.04,        0.16,       0.18
2026-01-09T15:10:10.600,      -0.01,       -0.05,        0.08,       0.11
2026-01-09T15:10:11.116,      -0.00,       -0.02,       -0.03,       0.02
2026-01-09T15:10:11.631,      -0.00,       -0.03,       -0.10,       0.08
2026-01-09T15:10:12.145,       0.01,       -0.03,       -0.24,       0.22
2026-01-09T15:10:12.661,       0.04,       -0.05,       -0.36,       0.35
2026-01-09T15:10:13.164,       0.03,       -0.04,       -0.42,       0.41
2026-01-09T15:10:13.678,      -0.01,       -0.02,       -0.42,       0.40
2026-01-09T15:10:14.194,      -0.02,       -0.04,       -0.48,       0.46
2026-01-09T15:10:14.710,       0.00,       -0.01,       -0.47,       0.45
2026-01-09T15:10:15.229,      -0.01,       -0.02,       -0.52,       0.50
2026-01-09T15:10:15.744,      -0.02,       -0.03,       -0.50,       0.48
2026-01-09T15:10:16.291,      -0.00,        0.01,       -0.45,       0.43
2026-01-09T15:10:16.810,       0.01,       -0.02,       -0.54,       0.52
2026-01-09T15:10:17.327,       0.01,        0.00,       -0.49,       0.47
2026-01-09T15:10:17.840,      -0.00,       -0.04,       -0.50,       0.48
2026-01-09T15:10:18.392,      -0.03,       -0.02,       -0.50,       0.48
2026-01-09T15:10:18.908,      -0.03,       -0.08,       -0.31,       0.30
2026-01-09T15:10:19.425,      -0.01,       -0.06,       -0.20,       0.18
2026-01-09T15:10:19.937,      -0.02,       -0.05,       -0.06,       0.06
2026-01-09T15:10:20.452,      -0.02,       -0.06,        0.09,       0.13
2026-01-09T15:10:20.969,      -0.00,       -0.04,        0.10,       0.13
2026-01-09T15:10:21.488,       0.01,       -0.05,        0.15,       0.18
2026-01-09T15:10:22.001,      -0.00,       -0.05,        0.21,       0.23
2026-01-09T15:10:22.554,       0.01,       -0.04,        0.36,       0.38
2026-01-09T15:10:23.071,      -0.01,       -0.06,        0.47,       0.49
2026-01-09T15:10:23.586,      -0.00,       -0.04,        0.52,       0.55
2026-01-09T15:10:24.099,       0.00,       -0.03,        0.59,       0.61
2026-01-09T15:10:24.616,       0.00,       -0.01,        0.73,       0.75
2026-01-09T15:10:25.132,       0.01,       -0.04,        0.82,       0.84
2026-01-09T15:10:25.651,       0.00,       -0.04,        0.90,       0.93
2026-01-09T15:10:26.217,      -0.01,       -0.04,        0.92,       0.95
2026-01-09T15:10:26.779,      -0.01,       -0.03,        0.94,       0.97
2026-01-09T15:10:27.282,      -0.01,       -0.01,        0.94,       0.97
2026-01-09T15:10:27.795,       0.01,       -0.02,        0.95,       0.97
2026-01-09T15:10:28.312,       0.01,       -0.03,        0.95,       0.97
2026-01-09T15:10:28.828,       0.00,       -0.02,        0.87,       0.89
2026-01-09T15:10:29.347,       0.00,       -0.04,        0.95,       0.97
2026-01-09T15:10:29.893,       0.01,       -0.04,        0.88,       0.90
2026-01-09T15:10:30.409,       0.00,       -0.04,        0.90,       0.92
2026-01-09T15:10:30.928,       0.01,       -0.02,        0.92,       0.94
2026-01-09T15:10:31.444,      -0.01,       -0.01,        0.92,       0.94
2026-01-09T15:10:31.961,      -0.01,       -0.02,        0.98,       1.00
2026-01-09T15:10:32.473,       0.00,       -0.01,        0.92,       0.94
2026-01-09T15:10:32.976,       0.01,       -0.02,        0.95,       0.97
2026-01-09T15:10:33.191,        NaN,         NaN,         NaN,        NaN
2026-01-09T15:10:33.290,        NaN,         NaN,         NaN,        NaN
2026-01-09T15:10:33.492,      -0.00,       -0.04,        1.01,       1.03
2026-01-09T15:10:34.009,      -0.02,       -0.01,        0.97,       1.00
2026-01-09T15:10:34.521,      -0.04,       -0.02,        0.97,       1.00
2026-01-09T15:10:35.024,      -0.04,        0.01,        1.01,       1.03
2026-01-09T15:10:35.540,      -0.03,       -0.02,        0.94,       0.96
2026-01-09T15:10:36.057,      -0.06,       -0.04,        1.06,       1.08
2026-01-09T15:10:36.569,      -0.04,       -0.06,        1.20,       1.23
2026-01-09T15:10:37.085,      -0.03,       -0.04,        1.16,       1.18
2026-01-09T15:10:37.587,      -0.04,       -0.03,        1.34,       1.37
2026-01-09T15:10:38.104,      -0.02,       -0.01,        1.47,       1.49
2026-01-09T15:10:38.151,        NaN,         NaN,         NaN,        NaN
2026-01-09T15:10:38.616,      -0.02,       -0.00,        1.58,       1.61
2026-01-09T15:10:39.132,      -0.01,       -0.02,        1.70,       1.72
2026-01-09T15:10:39.649,      -0.03,       -0.03,        1.84,       1.86
2026-01-09T15:10:40.152,      -0.03,       -0.02,        2.02,       2.04
2026-01-09T15:10:40.664,      -0.02,       -0.02,        2.06,       2.09
2026-01-09T15:10:41.180,      -0.03,       -0.03,        2.23,       2.25
2026-01-09T15:10:41.697,      -0.01,       -0.02,        2.07,       2.10
2026-01-09T15:10:42.216,      -0.02,       -0.02,        1.92,       1.94
2026-01-09T15:10:42.732,      -0.00,       -0.04,        1.82,       1.84
2026-01-09T15:10:43.246,       0.01,        0.00,        1.66,       1.68
2026-01-09T15:10:43.798,       0.00,        0.00,        1.54,       1.57
2026-01-09T15:10:44.313,      -0.00,       -0.01,        1.50,       1.52
2026-01-09T15:10:44.826,      -0.01,       -0.01,        1.48,       1.50
2026-01-09T15:10:45.344,      -0.03,        0.01,        1.46,       1.48
2026-01-09T15:10:45.858,      -0.03,        0.02,        1.49,       1.51
2026-01-09T15:10:46.378,      -0.03,       -0.00,        1.50,       1.52
2026-01-09T15:10:46.895,      -0.02,        0.01,        1.49,       1.51
2026-01-09T15:10:47.441,      -0.01,       -0.00,        1.47,       1.49
2026-01-09T15:10:47.960,      -0.01,       -0.02,        1.47,       1.50
2026-01-09T15:10:48.475,      -0.01,        0.01,        1.47,       1.49
2026-01-09T15:10:48.992,      -0.03,       -0.00,        1.49,       1.51
2026-01-09T15:10:49.504,      -0.03,       -0.01,        1.46,       1.48
2026-01-09T15:10:50.006,      -0.02,       -0.02,        1.47,       1.49
2026-01-09T15:10:50.523,      -0.02,       -0.00,        1.48,       1.50
2026-01-09T15:10:51.037,      -0.03,        0.00,        1.50,       1.52
2026-01-09T15:10:51.552,      -0.02,        0.02,        1.47,       1.49
2026-01-09T15:10:52.069,      -0.02,        0.00,        1.48,       1.51
2026-01-09T15:10:52.571,      -0.01,       -0.01,        1.48,       1.50
2026-01-09T15:10:53.085,      -0.04,       -0.01,        1.45,       1.47
2026-01-09T15:10:53.600,      -0.02,       -0.02,        1.44,       1.46
2026-01-09T15:10:54.116,      -0.02,        0.00,        1.50,       1.52
2026-01-09T15:10:54.619,       0.00,       -0.01,        1.43,       1.45
2026-01-09T15:10:55.133,      -0.02,       -0.15,        1.48,       1.51
2026-01-09T15:10:55.648,      -0.03,       -0.34,        1.42,       1.48
2026-01-09T15:10:56.151,      -0.02,       -0.41,        1.47,       1.55
2026-01-09T15:10:56.664,       0.00,       -0.60,        1.50,       1.63
2026-01-09T15:10:57.181,      -0.02,       -0.65,        1.45,       1.60
2026-01-09T15:10:57.695,       0.01,       -0.74,        1.50,       1.69
2026-01-09T15:10:58.211,      -0.00,       -0.74,        1.51,       1.70
2026-01-09T15:10:58.731,      -0.00,       -0.74,        1.52,       1.71
2026-01-09T15:10:59.278,      -0.00,       -0.75,        1.49,       1.69
2026-01-09T15:10:59.793,       0.00,       -0.86,        1.49,       1.73
2026-01-09T15:11:00.312,      -0.02,       -1.01,        1.55,       1.86
2026-01-09T15:11:00.830,       0.00,       -1.19,        1.50,       1.92
2026-01-09T15:11:01.343,      -0.01,       -1.21,        1.54,       1.97
2026-01-09T15:11:01.858,      -0.00,       -1.20,        1.50,       1.93
2026-01-09T15:11:02.361,      -0.03,       -1.19,        1.50,       1.92
2026-01-09T15:11:02.878,      -0.01,       -1.17,        1.54,       1.94
2026-01-09T15:11:03.390,       0.03,       -1.05,        1.52,       1.86
2026-01-09T15:11:03.905,      -0.00,       -0.92,        1.56,       1.83
2026-01-09T15:11:04.422,       0.01,       -0.77,        1.52,       1.72
2026-01-09T15:11:04.924,       0.01,       -0.71,        1.56,       1.73
2026-01-09T15:11:05.437,       0.01,       -0.55,        1.50,       1.61
2026-01-09T15:11:05.953,       0.02,       -0.44,        1.54,       1.62
2026-01-09T15:11:06.456,       0.00,       -0.34,        1.53,       1.59
2026-01-09T15:11:06.973,      -0.02,       -0.26,        1.46,       1.50
2026-01-09T15:11:07.485,      -0.00,       -0.21,        1.53,       1.56
2026-01-09T15:11:08.001,       0.03,       -0.17,        1.53,       1.56
2026-01-09T15:11:08.518,       0.02,       -0.14,        1.52,       1.55
2026-01-09T15:11:09.036,       0.00,       -0.11,        1.47,       1.50
2026-01-09T15:11:09.569,        NaN,         NaN,         NaN,        NaN
2026-01-09T15:11:10.085,        NaN,         NaN,         NaN,        NaN
2026-01-09T15:11:10.631,      -0.02,       -0.12,        1.50,       1.53
2026-01-09T15:11:11.150,      -0.02,       -0.12,        1.49,       1.51
2026-01-09T15:11:11.667,      -0.02,       -0.13,        1.47,       1.50
2026-01-09T15:11:12.214,      -0.01,       -0.15,        1.44,       1.47
2026-01-09T15:11:12.732,      -0.01,       -0.12,        1.45,       1.48
2026-01-09T15:11:13.249,       0.01,       -0.14,        1.50,       1.52
2026-01-09T15:11:13.766,      -0.00,       -0.14,        1.49,       1.52
2026-01-09T15:11:14.278,      -0.00,       -0.13,        1.42,       1.44
2026-01-09T15:11:14.780,      -0.00,       -0.12,        1.44,       1.47
2026-01-09T15:11:15.297,       0.01,       -0.14,        1.46,       1.49
2026-01-09T15:11:15.812,      -0.02,       -0.14,        1.46,       1.49
2026-01-09T15:11:16.325,      -0.00,       -0.13,        1.48,       1.51
2026-01-09T15:11:16.827,       0.01,       -0.15,        1.42,       1.45
2026-01-09T15:11:17.343,       0.00,       -0.14,        1.47,       1.50
2026-01-09T15:11:17.861,      -0.00,       -0.11,        1.49,       1.52
2026-01-09T15:11:18.373,      -0.01,       -0.14,        1.43,       1.45
2026-01-09T15:11:18.889,      -0.00,       -0.14,        1.43,       1.46
2026-01-09T15:11:19.406,      -0.02,       -0.12,        1.46,       1.49
2026-01-09T15:11:19.924,      -0.01,       -0.11,        1.45,       1.48
2026-01-09T15:11:20.440,      -0.00,       -0.12,        1.39,       1.41
2026-01-09T15:11:21.005,      -0.02,       -0.13,        1.47,       1.50
2026-01-09T15:11:21.508,      -0.02,       -0.11,        1.49,       1.52
2026-01-09T15:11:22.021,      -0.01,       -0.12,        1.43,       1.45
2026-01-09T15:11:22.535,      -0.02,       -0.12,        1.48,       1.50
2026-01-09T15:11:23.052,      -0.02,       -0.13,        1.46,       1.49
2026-01-09T15:11:23.567,      -0.02,       -0.12,        1.46,       1.49
2026-01-09T15:11:24.069,      -0.02,       -0.12,        1.46,       1.48
2026-01-09T15:11:24.583,      -0.02,       -0.13,        1.48,       1.50
2026-01-09T15:11:25.100,      -0.01,       -0.13,        1.45,       1.48
2026-01-09T15:11:25.603,      -0.01,       -0.13,        1.45,       1.48
2026-01-09T15:11:26.115,      -0.01,       -0.14,        1.44,       1.46
2026-01-09T15:11:26.631,      -0.00,       -0.14,        1.45,       1.48
2026-01-09T15:11:27.148,      -0.01,       -0.13,        1.47,       1.49
2026-01-09T15:11:27.663,      -0.01,       -0.13,        1.49,       1.51
2026-01-09T15:11:28.182,      -0.01,       -0.12,        1.46,       1.48
2026-01-09T15:11:28.728,      -0.01,       -0.14,        1.49,       1.52
2026-01-09T15:11:29.245,      -0.02,       -0.14,        1.44,       1.47
2026-01-09T15:11:29.764,      -0.02,       -0.13,        1.48,       1.50
2026-01-09T15:11:30.279,      -0.01,       -0.12,        1.47,       1.49
2026-01-09T15:11:30.844,      -0.02,       -0.12,        1.46,       1.48
2026-01-09T15:11:31.346,      -0.01,       -0.12,        1.48,       1.51
2026-01-09T15:11:31.862,      -0.00,       -0.13,        1.46,       1.49
2026-01-09T15:11:32.375,      -0.00,       -0.13,        1.40,       1.43
2026-01-09T15:11:32.892,      -0.01,       -0.14,        1.44,       1.47
2026-01-09T15:11:33.394,      -0.01,       -0.11,        1.45,       1.48
2026-01-09T15:11:33.909,      -0.01,       -0.14,        1.37,       1.40
2026-01-09T15:11:34.423,       0.01,       -0.13,        1.40,       1.43
2026-01-09T15:11:34.792,        NaN,         NaN,         NaN,        NaN
2026-01-09T15:11:34.939,      -0.01,       -0.14,        1.43,       1.46
2026-01-09T15:11:35.405,        NaN,         NaN,         NaN,        NaN
2026-01-09T15:11:35.454,      -0.02,       -0.14,        1.46,       1.49
2026-01-09T15:11:35.974,      -0.03,       -0.13,        1.43,       1.45
2026-01-09T15:11:36.490,      -0.16,       -0.14,        1.39,       1.42
2026-01-09T15:11:37.003,      -0.28,       -0.12,        1.41,       1.46
2026-01-09T15:11:37.519,      -0.37,       -0.11,        1.41,       1.48
2026-01-09T15:11:38.021,      -0.51,       -0.12,        1.47,       1.57
2026-01-09T15:11:38.539,      -0.69,       -0.12,        1.46,       1.63
2026-01-09T15:11:39.051,      -0.76,       -0.12,        1.47,       1.67
2026-01-09T15:11:39.571,      -0.88,       -0.11,        1.50,       1.75
2026-01-09T15:11:40.084,      -0.94,       -0.11,        1.52,       1.80
2026-01-09T15:11:40.586,      -1.06,       -0.11,        1.50,       1.85
2026-01-09T15:11:41.098,      -1.02,       -0.10,        1.52,       1.84
2026-01-09T15:11:41.615,      -1.05,       -0.11,        1.54,       1.87
2026-01-09T15:11:42.132,      -1.02,       -0.11,        1.48,       1.81
2026-01-09T15:11:42.649,      -1.01,       -0.11,        1.54,       1.86
2026-01-09T15:11:43.166,      -1.01,       -0.12,        1.50,       1.82
2026-01-09T15:11:43.682,      -0.84,       -0.13,        1.54,       1.77
2026-01-09T15:11:44.195,      -0.69,       -0.11,        1.44,       1.61
2026-01-09T15:11:44.711,      -0.57,       -0.12,        1.49,       1.61
2026-01-09T15:11:45.228,      -0.42,       -0.11,        1.49,       1.57
2026-01-09T15:11:45.746,      -0.32,       -0.10,        1.51,       1.57
2026-01-09T15:11:46.310,      -0.24,       -0.10,        1.46,       1.51
2026-01-09T15:11:46.812,      -0.17,       -0.12,        1.43,       1.46
2026-01-09T15:11:47.329,      -0.12,       -0.11,        1.46,       1.49
2026-01-09T15:11:47.844,      -0.04,       -0.11,        1.48,       1.51
2026-01-09T15:11:48.357,      -0.01,       -0.12,        1.46,       1.48
2026-01-09T15:11:48.859,       0.03,       -0.11,        1.49,       1.52
2026-01-09T15:11:49.376,       0.18,       -0.11,        1.52,       1.56
2026-01-09T15:11:49.892,       0.35,       -0.10,        1.59,       1.65
2026-01-09T15:11:50.405,       0.40,       -0.09,        1.57,       1.65
2026-01-09T15:11:50.922,       0.42,       -0.10,        1.57,       1.65
2026-01-09T15:11:51.424,       0.58,       -0.09,        1.63,       1.76
2026-01-09T15:11:51.937,       0.70,       -0.12,        1.59,       1.77
2026-01-09T15:11:52.457,       0.83,       -0.08,        1.60,       1.83
2026-01-09T15:11:52.974,       0.99,       -0.09,        1.58,       1.89
2026-01-09T15:11:53.489,       1.14,       -0.10,        1.54,       1.94
2026-01-09T15:11:54.035,       1.25,       -0.12,        1.43,       1.93
2026-01-09T15:11:54.550,       1.25,       -0.11,        1.51,       1.99
2026-01-09T15:11:55.067,       1.17,       -0.12,        1.52,       1.94
2026-01-09T15:11:55.585,       1.05,       -0.12,        1.48,       1.85
2026-01-09T15:11:56.101,       0.98,       -0.11,        1.58,       1.89
2026-01-09T15:11:56.618,       0.81,       -0.09,        1.59,       1.82
2026-01-09T15:11:57.181,       0.66,       -0.09,        1.62,       1.78
2026-01-09T15:11:57.700,       0.52,       -0.07,        1.62,       1.73
2026-01-09T15:11:58.217,       0.50,       -0.09,        1.63,       1.73
2026-01-09T15:11:58.763,       0.46,       -0.10,        1.61,       1.70
2026-01-09T15:11:59.281,       0.42,       -0.09,        1.61,       1.70
2026-01-09T15:11:59.797,       0.44,       -0.09,        1.63,       1.72
2026-01-09T15:12:00.314,       0.47,       -0.10,        1.61,       1.71
2026-01-09T15:12:00.827,       0.45,       -0.09,        1.59,       1.68
2026-01-09T15:12:01.343,       0.46,       -0.10,        1.59,       1.69
2026-01-09T15:12:01.860,       0.46,       -0.09,        1.59,       1.68
2026-01-09T15:12:02.378,       0.47,       -0.09,        1.64,       1.73
2026-01-09T15:12:02.894,       0.48,       -0.10,        1.57,       1.67
2026-01-09T15:12:03.411,       0.48,       -0.10,        1.65,       1.75
2026-01-09T15:12:03.924,       0.49,       -0.09,        1.59,       1.69
2026-01-09T15:12:04.440,       0.49,       -0.09,        1.65,       1.75
2026-01-09T15:12:04.957,       0.48,       -0.09,        1.62,       1.71
2026-01-09T15:12:05.474,       0.48,       -0.10,        1.60,       1.70
2026-01-09T15:12:06.021,       0.48,       -0.10,        1.60,       1.70
2026-01-09T15:12:06.555,       0.47,       -0.09,        1.59,       1.69
2026-01-09T15:12:07.057,       0.49,       -0.09,        1.59,       1.69
2026-01-09T15:12:07.570,       0.47,       -0.10,        1.59,       1.68
2026-01-09T15:12:08.086,       0.48,       -0.08,        1.63,       1.73
2026-01-09T15:12:08.603,       0.48,       -0.11,        1.58,       1.68
2026-01-09T15:12:09.121,       0.47,       -0.09,        1.62,       1.72
2026-01-09T15:12:09.637,       0.47,       -0.08,        1.62,       1.71
2026-01-09T15:12:10.154,       0.49,       -0.08,        1.63,       1.73
2026-01-09T15:12:10.667,       0.48,       -0.09,        1.57,       1.67
2026-01-09T15:12:11.168,       0.47,       -0.11,        1.59,       1.69
2026-01-09T15:12:11.684,       0.47,       -0.09,        1.61,       1.70
2026-01-09T15:12:12.202,       0.46,       -0.09,        1.59,       1.68
2026-01-09T15:12:12.714,       0.47,       -0.07,        1.59,       1.69
2026-01-09T15:12:13.230,       0.48,       -0.19,        1.70,       1.80
2026-01-09T15:12:13.747,       0.49,       -0.19,        1.68,       1.79
2026-01-09T15:12:14.265,       0.48,       -0.10,        1.63,       1.73
2026-01-09T15:12:14.781,       0.47,       -0.11,        1.64,       1.73
2026-01-09T15:12:15.299,       0.46,       -0.10,        1.64,       1.73
2026-01-09T15:12:15.811,       0.48,       -0.09,        1.63,       1.73
2026-01-09T15:12:16.327,       0.48,       -0.10,        1.57,       1.67
2026-01-09T15:12:16.844,       0.47,       -0.09,        1.61,       1.70
2026-01-09T15:12:17.347,       0.47,       -0.11,        1.67,       1.76
2026-01-09T15:12:17.859,       0.46,       -0.11,        1.64,       1.73
2026-01-09T15:12:18.374,       0.47,       -0.16,        1.71,       1.81
2026-01-09T15:12:18.891,       0.48,       -0.08,        1.59,       1.69
2026-01-09T15:12:19.409,       0.47,       -0.12,        1.59,       1.68
2026-01-09T15:12:19.923,       0.47,       -0.11,        1.63,       1.72
2026-01-09T15:12:20.475,       0.48,       -0.08,        1.60,       1.69
2026-01-09T15:12:20.992,       0.48,       -0.08,        1.63,       1.73
2026-01-09T15:12:21.505,       0.49,       -0.09,        1.62,       1.71
2026-01-09T15:12:22.021,       0.47,       -0.10,        1.63,       1.72
2026-01-09T15:12:22.538,       0.45,       -0.08,        1.59,       1.68
2026-01-09T15:12:23.056,       0.44,       -0.09,        1.59,       1.68
2026-01-09T15:12:23.572,       0.45,       -0.10,        1.61,       1.70
2026-01-09T15:12:24.118,       0.44,       -0.12,        1.56,       1.65
2026-01-09T15:12:24.635,       0.45,       -0.09,        1.57,       1.66
2026-01-09T15:12:25.153,       0.47,       -0.09,        1.60,       1.70
2026-01-09T15:12:25.669,       0.50,       -0.10,        1.58,       1.68
2026-01-09T15:12:26.184,       0.47,       -0.10,        1.54,       1.64
2026-01-09T15:12:26.699,       0.46,       -0.10,        1.57,       1.67
2026-01-09T15:12:27.215,       0.50,       -0.10,        1.56,       1.67
2026-01-09T15:12:27.735,       0.70,       -0.09,        1.58,       1.76
2026-01-09T15:12:28.250,       0.79,       -0.09,        1.57,       1.79
2026-01-09T15:12:28.796,       0.92,       -0.08,        1.56,       1.84
2026-01-09T15:12:29.315,       0.95,       -0.12,        1.57,       1.87
2026-01-09T15:12:29.833,       1.06,       -0.13,        1.44,       1.82
2026-01-09T15:12:30.345,       1.23,       -0.10,        1.48,       1.95
2026-01-09T15:12:30.861,       1.25,       -0.13,        1.47,       1.96
2026-01-09T15:12:31.377,       1.38,       -0.18,        1.46,       2.04
2026-01-09T15:12:31.896,       1.63,       -0.15,        1.46,       2.21
2026-01-09T15:12:32.443,       1.74,       -0.15,        1.38,       2.25
2026-01-09T15:12:32.959,       1.81,       -0.13,        1.39,       2.31
2026-01-09T15:12:33.475,       1.83,       -0.14,        1.43,       2.35
2026-01-09T15:12:33.994,       1.89,       -0.11,        1.46,       2.41
2026-01-09T15:12:34.509,       2.01,       -0.13,        1.50,       2.54
2026-01-09T15:12:35.024,       2.04,       -0.12,        1.47,       2.55
2026-01-09T15:12:35.538,       2.02,       -0.12,        1.48,       2.54
2026-01-09T15:12:36.055,       2.05,       -0.14,        1.56,       2.60
2026-01-09T15:12:36.575,       2.06,       -0.13,        1.52,       2.59
2026-01-09T15:12:37.090,       2.06,       -0.12,        1.49,       2.57
2026-01-09T15:12:37.637,       2.19,       -0.16,        1.48,       2.67
2026-01-09T15:12:38.156,       2.23,       -0.15,        1.50,       2.72
2026-01-09T15:12:38.673,       2.23,       -0.13,        1.49,       2.71
2026-01-09T15:12:39.186,       2.26,       -0.13,        1.48,       2.73
2026-01-09T15:12:39.701,       2.24,       -0.15,        1.48,       2.72
2026-01-09T15:12:40.217,       2.22,       -0.16,        1.46,       2.68
2026-01-09T15:12:40.736,       2.23,       -0.17,        1.45,       2.69
2026-01-09T15:12:41.252,       2.23,       -0.15,        1.42,       2.68
2026-01-09T15:12:41.769,       2.21,       -0.17,        1.42,       2.66
2026-01-09T15:12:42.315,       2.29,       -0.13,        1.49,       2.76
2026-01-09T15:12:42.834,       2.31,       -0.13,        1.49,       2.77
2026-01-09T15:12:43.350,       2.30,       -0.11,        1.54,       2.79
2026-01-09T15:12:43.864,       2.30,       -0.10,        1.56,       2.81
2026-01-09T15:12:44.380,       2.31,       -0.10,        1.55,       2.81
2026-01-09T15:12:44.895,       2.31,       -0.10,        1.54,       2.80
2026-01-09T15:12:45.416,       2.30,       -0.10,        1.55,       2.80
2026-01-09T15:12:45.930,       2.29,       -0.10,        1.54,       2.79
2026-01-09T15:12:46.444,       2.14,       -0.09,        1.53,       2.66
2026-01-09T15:12:46.960,       2.03,       -0.12,        1.48,       2.54
2026-01-09T15:12:47.463,       1.89,       -0.11,        1.44,       2.41
2026-01-09T15:12:47.978,       1.75,       -0.12,        1.40,       2.27
2026-01-09T15:12:48.491,       1.61,       -0.13,        1.35,       2.13
2026-01-09T15:12:49.008,       1.46,       -0.12,        1.40,       2.05
2026-01-09T15:12:49.523,       1.33,       -0.12,        1.45,       1.99
2026-01-09T15:12:50.044,       1.21,       -0.12,        1.45,       1.92
2026-01-09T15:12:50.560,       1.06,       -0.11,        1.51,       1.87
2026-01-09T15:12:51.073,       0.96,       -0.09,        1.57,       1.87
2026-01-09T15:12:51.625,       0.96,       -0.10,        1.54,       1.84
2026-01-09T15:12:52.140,       0.98,       -0.09,        1.54,       1.85
2026-01-09T15:12:52.657,       0.98,       -0.10,        1.53,       1.85
2026-01-09T15:12:53.169,       0.99,       -0.09,        1.53,       1.85
2026-01-09T15:12:53.685,       1.00,       -0.09,        1.54,       1.87
2026-01-09T15:12:54.203,       0.99,       -0.11,        1.55,       1.87
2026-01-09T15:12:54.704,       0.99,       -0.10,        1.57,       1.89
2026-01-09T15:12:55.217,       1.00,       -0.10,        1.51,       1.84
2026-01-09T15:12:55.733,       0.99,       -0.09,        1.55,       1.87
2026-01-09T15:12:56.250,       0.85,       -0.09,        1.57,       1.81
2026-01-09T15:12:56.753,       0.72,       -0.08,        1.61,       1.79
2026-01-09T15:12:57.265,       0.60,       -0.08,        1.59,       1.72
2026-01-09T15:12:57.781,       0.46,       -0.08,        1.56,       1.66
2026-01-09T15:12:58.299,       0.45,       -0.09,        1.56,       1.65
2026-01-09T15:12:58.817,       0.45,       -0.10,        1.58,       1.67
2026-01-09T15:12:59.332,       0.48,       -0.08,        1.62,       1.72
2026-01-09T15:12:59.846,       0.50,       -0.09,        1.64,       1.74
2026-01-09T15:13:00.361,       0.47,       -0.09,        1.55,       1.64
2026-01-09T15:13:00.864,       0.46,       -0.10,        1.64,       1.73
2026-01-09T15:13:01.377,       0.48,       -0.05,        1.68,       1.78
2026-01-09T15:13:01.894,       0.47,       -0.09,        1.55,       1.65
2026-01-09T15:13:02.409,       0.49,       -0.11,        1.57,       1.68
2026-01-09T15:13:02.928,       0.46,       -0.08,        1.61,       1.71
2026-01-09T15:13:03.475,       0.49,       -0.10,        1.62,       1.72
2026-01-09T15:13:03.993,       0.47,       -0.09,        1.62,       1.72
2026-01-09T15:13:04.507,       0.48,       -0.08,        1.62,       1.71
2026-01-09T15:13:05.027,       0.49,       -0.10,        1.53,       1.64
2026-01-09T15:13:05.543,       0.47,       -0.08,        1.61,       1.70
2026-01-09T15:13:06.055,       0.49,       -0.09,        1.59,       1.69
2026-01-09T15:13:06.558,       0.46,       -0.10,        1.61,       1.71
2026-01-09T15:13:07.074,       0.47,       -0.11,        1.59,       1.69
2026-01-09T15:13:07.591,       0.47,       -0.10,        1.63,       1.72
2026-01-09T15:13:08.153,       0.46,       -0.07,        1.60,       1.69
2026-01-09T15:13:08.669,       0.47,       -0.11,        1.56,       1.66
2026-01-09T15:13:09.172,       0.46,       -0.10,        1.58,       1.67
2026-01-09T15:13:09.686,       0.46,       -0.10,        1.56,       1.65
2026-01-09T15:13:10.201,       0.47,       -0.09,        1.63,       1.72
2026-01-09T15:13:10.717,       0.47,       -0.07,        1.59,       1.68
2026-01-09T15:13:11.237,       0.37,       -0.11,        1.53,       1.60
2026-01-09T15:13:11.799,       0.23,       -0.13,        1.45,       1.49
2026-01-09T15:13:12.315,       0.11,       -0.11,        1.46,       1.49
2026-01-09T15:13:12.832,      -0.00,       -0.12,        1.42,       1.45
2026-01-09T15:13:13.350,      -0.05,       -0.13,        1.43,       1.46
2026-01-09T15:13:13.897,      -0.05,       -0.11,        1.46,       1.48
2026-01-09T15:13:14.413,      -0.03,       -0.12,        1.40,       1.43
2026-01-09T15:13:14.733,        NaN,         NaN,         NaN,        NaN
2026-01-09T15:13:14.930,      -0.03,       -0.09,        1.44,       1.47
2026-01-09T15:13:15.448,      -0.03,       -0.12,        1.40,       1.43
2026-01-09T15:13:15.965,      -0.01,       -0.14,        1.40,       1.43
2026-01-09T15:13:16.479,      -0.01,       -0.13,        1.44,       1.47
2026-01-09T15:13:16.993,      -0.00,       -0.14,        1.42,       1.45
2026-01-09T15:13:17.509,      -0.01,       -0.13,        1.44,       1.46
2026-01-09T15:13:18.012,      -0.01,       -0.15,        1.42,       1.45
2026-01-09T15:13:18.276,        NaN,         NaN,         NaN,        NaN
2026-01-09T15:13:18.526,      -0.01,       -0.11,        1.46,       1.48
2026-01-09T15:13:19.041,      -0.01,       -0.13,        1.42,       1.45
2026-01-09T15:13:19.543,      -0.02,       -0.13,        1.44,       1.47
2026-01-09T15:13:20.059,      -0.02,       -0.11,        1.48,       1.50
2026-01-09T15:13:20.574,      -0.03,       -0.11,        1.47,       1.50
2026-01-09T15:13:21.089,      -0.02,       -0.12,        1.49,       1.51
2026-01-09T15:13:21.605,      -0.01,       -0.13,        1.45,       1.48
2026-01-09T15:13:22.125,      -0.02,       -0.11,        1.45,       1.48
2026-01-09T15:13:22.672,      -0.03,       -0.12,        1.48,       1.50
2026-01-09T15:13:23.187,      -0.02,       -0.11,        1.44,       1.46
2026-01-09T15:13:23.706,      -0.01,       -0.14,        1.44,       1.47
2026-01-09T15:13:24.223,      -0.02,       -0.11,        1.44,       1.47
2026-01-09T15:13:24.735,      -0.02,       -0.12,        1.43,       1.46
2026-01-09T15:13:25.251,      -0.01,       -0.14,        1.41,       1.43
2026-01-09T15:13:25.753,      -0.01,       -0.12,        1.44,       1.46
2026-01-09T15:13:25.921,        NaN,         NaN,         NaN,        NaN
2026-01-09T15:13:26.270,      -0.02,       -0.12,        1.45,       1.48
2026-01-09T15:13:26.783,      -0.02,       -0.11,        1.44,       1.47
2026-01-09T15:13:27.199,        NaN,         NaN,         NaN,        NaN
2026-01-09T15:13:27.299,      -0.03,       -0.11,        1.47,       1.50
2026-01-09T15:13:27.816,      -0.03,       -0.12,        1.46,       1.49
2026-01-09T15:13:28.334,      -0.01,       -0.14,        1.42,       1.45
2026-01-09T15:13:28.850,      -0.01,       -0.12,        1.44,       1.47
2026-01-09T15:13:29.368,      -0.03,       -0.15,        1.40,       1.43
2026-01-09T15:13:29.879,      -0.04,       -0.19,        1.51,       1.54
2026-01-09T15:13:30.381,      -0.02,       -0.16,        1.53,       1.56
2026-01-09T15:13:30.898,      -0.01,       -0.19,        1.47,       1.50
2026-01-09T15:13:31.414,      -0.01,       -0.15,        1.46,       1.49
2026-01-09T15:13:31.977,      -0.01,       -0.12,        1.45,       1.48
2026-01-09T15:13:32.479,      -0.02,       -0.12,        1.47,       1.49
2026-01-09T15:13:32.993,      -0.02,       -0.13,        1.45,       1.48
2026-01-09T15:13:33.510,      -0.02,       -0.13,        1.42,       1.45
2026-01-09T15:13:34.026,      -0.00,       -0.13,        1.39,       1.42
2026-01-09T15:13:34.527,      -0.01,       -0.14,        1.43,       1.46
2026-01-09T15:13:35.041,      -0.03,       -0.14,        1.42,       1.45
2026-01-09T15:13:35.460,        NaN,         NaN,         NaN,        NaN
2026-01-09T15:13:35.558,      -0.04,       -0.14,        1.45,       1.48
2026-01-09T15:13:36.073,      -0.00,       -0.15,        1.45,       1.48
2026-01-09T15:13:36.273,        NaN,         NaN,         NaN,        NaN
2026-01-09T15:13:36.574,      -0.03,       -0.14,        1.48,       1.51
2026-01-09T15:13:37.088,      -0.05,       -0.15,        1.47,       1.50
2026-01-09T15:13:37.605,      -0.02,       -0.14,        1.47,       1.50
2026-01-09T15:13:38.120,      -0.01,       -0.14,        1.45,       1.48
2026-01-09T15:13:38.623,      -0.02,       -0.14,        1.47,       1.50
2026-01-09T15:13:39.137,      -0.01,       -0.10,        1.49,       1.52
2026-01-09T15:13:39.653,      -0.05,       -0.12,        1.50,       1.53
2026-01-09T15:13:40.168,      -0.07,       -0.21,        1.41,       1.44
2026-01-09T15:13:40.687,      -0.06,       -0.16,        1.47,       1.51
2026-01-09T15:13:41.234,      -0.05,       -0.14,        1.49,       1.52
2026-01-09T15:13:41.751,      -0.09,       -0.22,        1.42,       1.46
2026-01-09T15:13:42.269,      -0.06,       -0.14,        1.49,       1.51
2026-01-09T15:13:42.832,      -0.09,       -0.18,        1.46,       1.50
2026-01-09T15:13:43.384,      -0.04,       -0.16,        1.45,       1.48
2026-01-09T15:13:43.902,      -0.01,       -0.15,        1.38,       1.41
2026-01-09T15:13:44.417,      -0.01,       -0.16,        1.44,       1.47
2026-01-09T15:13:44.931,      -0.04,       -0.17,        1.47,       1.50
2026-01-09T15:13:45.447,      -0.05,       -0.17,        1.44,       1.47
2026-01-09T15:13:45.950,      -0.01,       -0.14,        1.44,       1.47
2026-01-09T15:13:46.462,      -0.12,       -0.13,        1.45,       1.48
2026-01-09T15:13:46.978,      -0.19,       -0.14,        1.41,       1.45
2026-01-09T15:13:47.480,      -0.32,       -0.13,        1.47,       1.53
2026-01-09T15:13:47.997,      -0.48,       -0.10,        1.51,       1.60
2026-01-09T15:13:48.509,      -0.50,       -0.14,        1.47,       1.58
2026-01-09T15:13:49.026,      -0.60,       -0.11,        1.51,       1.64
2026-01-09T15:13:49.542,      -0.73,       -0.12,        1.52,       1.70
2026-01-09T15:13:50.061,      -0.86,       -0.14,        1.48,       1.73
2026-01-09T15:13:50.577,      -0.98,       -0.11,        1.56,       1.86
2026-01-09T15:13:51.141,      -1.14,       -0.10,        1.51,       1.90
2026-01-09T15:13:51.706,      -1.33,       -0.14,        1.45,       1.98
2026-01-09T15:13:52.208,      -1.43,       -0.14,        1.43,       2.03
2026-01-09T15:13:52.721,      -1.53,       -0.14,        1.37,       2.06
2026-01-09T15:13:53.242,      -1.56,       -0.07,        1.44,       2.12
2026-01-09T15:13:53.753,      -1.72,       -0.13,        1.37,       2.20
2026-01-09T15:13:54.272,      -1.72,       -0.12,        1.41,       2.23
2026-01-09T15:13:54.839,      -1.74,       -0.12,        1.43,       2.26
2026-01-09T15:13:55.386,      -1.75,       -0.14,        1.42,       2.26
2026-01-09T15:13:55.905,      -1.75,       -0.13,        1.40,       2.24
2026-01-09T15:13:56.421,      -1.75,       -0.15,        1.35,       2.22
2026-01-09T15:13:56.934,      -1.76,       -0.11,        1.43,       2.27
2026-01-09T15:13:57.449,      -1.74,       -0.12,        1.41,       2.25
2026-01-09T15:13:57.951,      -1.74,       -0.13,        1.42,       2.25
2026-01-09T15:13:58.465,      -1.75,       -0.12,        1.42,       2.26
2026-01-09T15:13:58.982,      -1.74,       -0.13,        1.39,       2.23
2026-01-09T15:13:59.497,      -1.76,       -0.14,        1.40,       2.26
2026-01-09T15:14:00.000,      -1.74,       -0.12,        1.47,       2.28
2026-01-09T15:14:00.513,      -1.73,       -0.14,        1.41,       2.23
2026-01-09T15:14:01.030,      -1.80,       -0.11,        1.44,       2.31
2026-01-09T15:14:01.545,      -1.98,       -0.10,        1.45,       2.45
2026-01-09T15:14:02.047,      -2.15,       -0.13,        1.52,       2.64
2026-01-09T15:14:02.561,      -2.32,       -0.11,        1.50,       2.77
2026-01-09T15:14:03.078,      -2.50,       -0.13,        1.52,       2.92
2026-01-09T15:14:03.580,      -2.67,       -0.11,        1.52,       3.07
2026-01-09T15:14:04.095,      -2.86,       -0.11,        1.51,       3.23
2026-01-09T15:14:04.609,      -2.86,       -0.12,        1.49,       3.22
2026-01-09T15:14:05.111,      -2.98,       -0.13,        1.45,       3.31
2026-01-09T15:14:05.627,      -3.17,       -0.14,        1.43,       3.48
2026-01-09T15:14:06.142,      -3.30,       -0.13,        1.43,       3.59
2026-01-09T15:14:06.656,      -3.44,       -0.14,        1.42,       3.72
2026-01-09T15:14:07.158,      -3.58,       -0.13,        1.39,       3.84
2026-01-09T15:14:07.675,      -3.77,       -0.14,        1.46,       4.04
2026-01-09T15:14:08.190,      -3.90,       -0.11,        1.49,       4.17
2026-01-09T15:14:08.704,      -3.97,       -0.10,        1.53,       4.25
2026-01-09T15:14:09.207,      -3.96,       -0.11,        1.53,       4.24
2026-01-09T15:14:09.736,      -3.76,       -0.13,        1.50,       4.04
2026-01-09T15:14:10.255,      -3.52,       -0.14,        1.42,       3.79
2026-01-09T15:14:10.772,      -3.33,       -0.17,        1.38,       3.61
2026-01-09T15:14:11.334,      -3.11,       -0.14,        1.48,       3.44
2026-01-09T15:14:11.836,      -2.98,       -0.11,        1.52,       3.34
2026-01-09T15:14:12.352,      -2.99,       -0.12,        1.49,       3.33
2026-01-09T15:14:12.869,      -2.94,       -0.15,        1.49,       3.29
2026-01-09T15:14:13.419,      -2.76,       -0.11,        1.55,       3.16
2026-01-09T15:14:13.934,      -2.59,       -0.12,        1.56,       3.02
2026-01-09T15:14:14.498,      -2.43,       -0.12,        1.54,       2.87
2026-01-09T15:14:15.000,      -2.23,       -0.11,        1.52,       2.70
2026-01-09T15:14:15.517,      -2.10,       -0.12,        1.50,       2.58
2026-01-09T15:14:16.030,      -1.94,       -0.12,        1.46,       2.43
2026-01-09T15:14:16.545,      -1.79,       -0.13,        1.43,       2.30
2026-01-09T15:14:17.047,      -1.65,       -0.15,        1.44,       2.20
2026-01-09T15:14:17.564,      -1.57,       -0.14,        1.40,       2.11
2026-01-09T15:14:18.077,      -1.52,       -0.14,        1.36,       2.04
2026-01-09T15:14:18.593,      -1.51,       -0.15,        1.42,       2.08
2026-01-09T15:14:19.110,      -1.50,       -0.14,        1.40,       2.06
2026-01-09T15:14:19.612,      -1.52,       -0.15,        1.38,       2.06
2026-01-09T15:14:20.124,      -1.52,       -0.15,        1.38,       2.06
2026-01-09T15:14:20.641,      -1.50,       -0.14,        1.39,       2.05
2026-01-09T15:14:21.158,      -1.50,       -0.14,        1.38,       2.05
2026-01-09T15:14:21.660,      -1.49,       -0.17,        1.41,       2.06
2026-01-09T15:14:22.173,      -1.43,       -0.12,        1.33,       1.96
2026-01-09T15:14:22.689,      -1.50,       -0.16,        1.41,       2.07
2026-01-09T15:14:23.206,      -1.50,       -0.13,        1.49,       2.12
2026-01-09T15:14:23.724,      -1.48,       -0.16,        1.40,       2.05
2026-01-09T15:14:24.239,      -1.50,       -0.15,        1.41,       2.07
2026-01-09T15:14:24.756,      -1.51,       -0.14,        1.43,       2.09
2026-01-09T15:14:25.306,      -1.50,       -0.16,        1.37,       2.04
2026-01-09T15:14:25.821,      -1.50,       -0.15,        1.46,       2.10
2026-01-09T15:14:26.335,      -1.51,       -0.14,        1.42,       2.08
2026-01-09T15:14:26.852,      -1.51,       -0.13,        1.45,       2.10
2026-01-09T15:14:27.367,      -1.38,       -0.15,        1.45,       2.01
2026-01-09T15:14:27.886,      -1.28,       -0.13,        1.37,       1.89
2026-01-09T15:14:28.403,      -1.23,       -0.13,        1.46,       1.92
2026-01-09T15:14:28.918,      -1.14,       -0.10,        1.58,       1.96
2026-01-09T15:14:29.467,      -1.11,       -0.11,        1.53,       1.90
2026-01-09T15:14:29.984,      -1.06,       -0.11,        1.51,       1.86
2026-01-09T15:14:30.501,      -1.00,       -0.12,        1.54,       1.85
2026-01-09T15:14:31.013,      -1.01,       -0.10,        1.52,       1.84
2026-01-09T15:14:31.528,      -1.05,       -0.16,        1.52,       1.86
2026-01-09T15:14:32.046,      -1.05,       -0.18,        1.51,       1.86
2026-01-09T15:14:32.548,      -1.02,       -0.12,        1.56,       1.87
2026-01-09T15:14:33.061,      -1.04,       -0.12,        1.53,       1.86
2026-01-09T15:14:33.576,      -1.02,       -0.12,        1.59,       1.91
2026-01-09T15:14:34.094,      -1.02,       -0.13,        1.57,       1.88
2026-01-09T15:14:34.612,      -1.06,       -0.15,        1.51,       1.86
2026-01-09T15:14:35.175,      -1.02,       -0.13,        1.57,       1.89
2026-01-09T15:14:35.727,      -1.01,       -0.12,        1.58,       1.89
2026-01-09T15:14:36.245,      -1.01,       -0.10,        1.50,       1.83
2026-01-09T15:14:36.757,      -1.02,       -0.10,        1.52,       1.84
2026-01-09T15:14:37.273,      -1.03,       -0.13,        1.53,       1.86
2026-01-09T15:14:37.790,      -1.01,       -0.12,        1.60,       1.90
2026-01-09T15:14:38.308,      -1.00,       -0.11,        1.56,       1.87
2026-01-09T15:14:38.824,      -1.01,       -0.10,        1.55,       1.86
2026-01-09T15:14:39.388,      -1.01,       -0.08,        1.55,       1.86
2026-01-09T15:14:39.940,      -1.00,       -0.12,        1.49,       1.81
2026-01-09T15:14:40.455,      -1.02,       -0.11,        1.50,       1.82
2026-01-09T15:14:40.969,      -1.00,       -0.10,        1.52,       1.83
2026-01-09T15:14:41.484,        NaN,         NaN,         NaN,        NaN
2026-01-09T15:14:42.001,        NaN,         NaN,         NaN,        NaN
2026-01-09T15:14:42.518,        NaN,         NaN,         NaN,        NaN
2026-01-09T15:14:43.067,        NaN,         NaN,         NaN,        NaN
2026-01-09T15:14:43.584,      -1.00,       -0.13,        1.53,       1.84
2026-01-09T15:14:44.101,      -1.00,       -0.12,        1.54,       1.85
2026-01-09T15:14:44.617,      -1.01,       -0.11,        1.57,       1.88
2026-01-09T15:14:45.134,      -1.00,       -0.13,        1.52,       1.84
2026-01-09T15:14:45.646,      -1.00,       -0.11,        1.53,       1.84
2026-01-09T15:14:46.162,      -1.00,       -0.11,        1.55,       1.86
2026-01-09T15:14:46.679,      -1.02,       -0.12,        1.56,       1.87
2026-01-09T15:14:47.198,      -1.01,       -0.13,        1.54,       1.86
2026-01-09T15:14:47.714,      -1.02,       -0.14,        1.54,       1.86
2026-01-09T15:14:48.229,      -1.06,       -0.14,        1.52,       1.87
2026-01-09T15:14:48.743,      -1.01,       -0.13,        1.52,       1.84
2026-01-09T15:14:49.246,      -1.01,       -0.13,        1.54,       1.86
2026-01-09T15:14:49.762,      -1.02,       -0.13,        1.56,       1.88
2026-01-09T15:14:50.276,      -1.01,       -0.12,        1.50,       1.82
2026-01-09T15:14:50.791,      -1.00,       -0.13,        1.56,       1.87
2026-01-09T15:14:51.306,      -1.01,       -0.12,        1.52,       1.84
2026-01-09T15:14:51.827,      -1.01,       -0.11,        1.54,       1.86
2026-01-09T15:14:52.342,      -1.02,       -0.11,        1.59,       1.90
2026-01-09T15:14:52.855,      -1.03,       -0.11,        1.55,       1.88
2026-01-09T15:14:53.408,      -1.00,       -0.14,        1.52,       1.83
2026-01-09T15:14:53.925,      -0.98,       -0.12,        1.54,       1.84
2026-01-09T15:14:54.438,      -0.77,       -0.10,        1.54,       1.74
2026-01-09T15:14:54.954,      -0.60,       -0.12,        1.53,       1.66
2026-01-09T15:14:55.470,      -0.37,       -0.13,        1.54,       1.61
2026-01-09T15:14:55.989,      -0.14,       -0.12,        1.49,       1.52
2026-01-09T15:14:56.505,      -0.06,       -0.14,        1.48,       1.51
2026-01-09T15:14:57.051,       0.10,       -0.15,        1.42,       1.46
2026-01-09T15:14:57.583,       0.23,       -0.13,        1.53,       1.58
2026-01-09T15:14:58.099,       0.33,       -0.11,        1.60,       1.66
2026-01-09T15:14:58.620,       0.38,       -0.13,        1.55,       1.63
2026-01-09T15:14:59.167,       0.48,       -0.10,        1.56,       1.66
2026-01-09T15:14:59.681,       0.45,       -0.09,        1.61,       1.70
2026-01-09T15:15:00.201,       0.46,       -0.10,        1.62,       1.72
2026-01-09T15:15:00.718,       0.47,       -0.09,        1.54,       1.64
2026-01-09T15:15:01.230,       0.48,       -0.09,        1.63,       1.73
2026-01-09T15:15:01.745,       0.49,       -0.09,        1.58,       1.68
2026-01-09T15:15:02.262,       0.49,       -0.09,        1.64,       1.74
2026-01-09T15:15:02.781,       0.48,       -0.09,        1.63,       1.73
2026-01-09T15:15:03.297,       0.46,       -0.10,        1.57,       1.67
2026-01-09T15:15:03.814,       0.46,       -0.08,        1.68,       1.77
2026-01-09T15:15:04.376,       0.48,       -0.11,        1.57,       1.67
2026-01-09T15:15:04.879,       0.46,       -0.12,        1.54,       1.64
2026-01-09T15:15:05.395,       0.30,       -0.12,        1.56,       1.62
2026-01-09T15:15:05.909,       0.27,       -0.11,        1.53,       1.58
2026-01-09T15:15:06.425,       0.23,       -0.13,        1.50,       1.55
2026-01-09T15:15:06.939,       0.04,       -0.14,        1.48,       1.51
2026-01-09T15:15:07.439,      -0.07,       -0.14,        1.44,       1.47
2026-01-09T15:15:07.956,      -0.22,       -0.12,        1.49,       1.53
2026-01-09T15:15:08.471,      -0.30,       -0.13,        1.46,       1.51
2026-01-09T15:15:08.987,      -0.30,       -0.11,        1.52,       1.57
2026-01-09T15:15:09.508,      -0.28,       -0.13,        1.48,       1.53
2026-01-09T15:15:10.023,      -0.27,       -0.12,        1.49,       1.54
2026-01-09T15:15:10.536,      -0.39,       -0.13,        1.46,       1.53
2026-01-09T15:15:11.054,      -0.51,       -0.10,        1.54,       1.64
2026-01-09T15:15:11.556,      -0.54,       -0.11,        1.45,       1.56
2026-01-09T15:15:12.071,      -0.54,       -0.14,        1.50,       1.62
2026-01-09T15:15:12.584,      -0.54,       -0.12,        1.47,       1.58
2026-01-09T15:15:13.102,      -0.52,       -0.11,        1.47,       1.58
2026-01-09T15:15:13.617,      -0.49,       -0.10,        1.55,       1.65
2026-01-09T15:15:14.136,      -0.49,       -0.09,        1.57,       1.66
2026-01-09T15:15:14.652,      -0.49,       -0.11,        1.57,       1.66
2026-01-09T15:15:15.165,      -0.51,       -0.11,        1.55,       1.65
2026-01-09T15:15:15.681,      -0.51,       -0.13,        1.50,       1.60
2026-01-09T15:15:16.197,      -0.51,       -0.10,        1.50,       1.60
2026-01-09T15:15:16.715,      -0.50,       -0.12,        1.49,       1.59
2026-01-09T15:15:17.232,      -0.49,       -0.11,        1.55,       1.65
2026-01-09T15:15:17.749,      -0.51,       -0.10,        1.55,       1.65
2026-01-09T15:15:18.261,      -0.51,       -0.12,        1.55,       1.65
2026-01-09T15:15:18.777,      -0.51,       -0.13,        1.51,       1.61
2026-01-09T15:15:19.294,      -0.52,       -0.11,        1.56,       1.66
2026-01-09T15:15:19.797,      -0.50,       -0.13,        1.49,       1.60
2026-01-09T15:15:20.309,      -0.51,       -0.12,        1.55,       1.65
2026-01-09T15:15:20.826,      -0.50,       -0.10,        1.63,       1.72
2026-01-09T15:15:21.341,      -0.50,       -0.11,        1.52,       1.62
2026-01-09T15:15:21.860,      -0.51,       -0.12,        1.54,       1.65
2026-01-09T15:15:22.376,      -0.49,       -0.10,        1.59,       1.68
2026-01-09T15:15:22.890,      -0.51,       -0.11,        1.50,       1.60
2026-01-09T15:15:23.405,      -0.51,       -0.10,        1.53,       1.63
2026-01-09T15:15:23.908,      -0.50,       -0.11,        1.53,       1.62
2026-01-09T15:15:24.424,      -0.49,       -0.15,        1.56,       1.65
2026-01-09T15:15:24.939,      -0.51,       -0.17,        1.54,       1.64
2026-01-09T15:15:25.453,      -0.49,       -0.17,        1.55,       1.65
2026-01-09T15:15:25.969,      -0.49,       -0.18,        1.51,       1.61
2026-01-09T15:15:26.489,      -0.50,       -0.29,        1.54,       1.66
2026-01-09T15:15:27.005,      -0.49,       -0.38,        1.52,       1.66
2026-01-09T15:15:27.550,      -0.50,       -0.41,        1.52,       1.67
2026-01-09T15:15:28.070,      -0.50,       -0.41,        1.51,       1.66
2026-01-09T15:15:28.586,      -0.50,       -0.41,        1.48,       1.63
2026-01-09T15:15:29.099,      -0.52,       -0.44,        1.53,       1.69
2026-01-09T15:15:29.615,      -0.52,       -0.49,        1.55,       1.72
2026-01-09T15:15:30.132,      -0.49,       -0.76,        1.60,       1.85
2026-01-09T15:15:30.650,      -0.46,       -1.07,        1.67,       2.04
2026-01-09T15:15:31.167,      -0.47,       -1.35,        1.75,       2.27
2026-01-09T15:15:31.713,      -0.49,       -1.37,        1.51,       2.10
2026-01-09T15:15:32.230,      -0.48,       -1.49,        1.57,       2.22
2026-01-09T15:15:32.748,      -0.49,       -1.45,        1.54,       2.18
2026-01-09T15:15:33.264,      -0.51,       -1.43,        1.51,       2.14
2026-01-09T15:15:33.778,      -0.51,       -1.40,        1.51,       2.13
2026-01-09T15:15:34.293,      -0.52,       -1.32,        1.53,       2.09
2026-01-09T15:15:34.810,      -0.51,       -1.34,        1.52,       2.10
2026-01-09T15:15:35.329,      -0.52,       -1.32,        1.57,       2.12
2026-01-09T15:15:35.876,      -0.48,       -1.25,        1.48,       2.00
2026-01-09T15:15:36.392,      -0.45,       -1.20,        1.49,       1.97
2026-01-09T15:15:36.911,      -0.50,       -1.16,        1.51,       1.98
2026-01-09T15:15:37.428,      -0.42,       -1.46,        1.45,       2.11
2026-01-09T15:15:37.940,      -0.50,       -0.99,        1.49,       1.87
2026-01-09T15:15:38.456,      -0.49,       -0.94,        1.51,       1.85
2026-01-09T15:15:38.972,      -0.49,       -0.79,        1.56,       1.83
2026-01-09T15:15:39.475,      -0.50,       -0.76,        1.58,       1.84
2026-01-09T15:15:39.987,      -0.50,       -0.75,        1.50,       1.75
2026-01-09T15:15:40.504,      -0.51,       -0.71,        1.53,       1.77
2026-01-09T15:15:41.020,      -0.51,       -0.73,        1.50,       1.76
2026-01-09T15:15:41.523,      -0.47,       -0.66,        1.49,       1.71
2026-01-09T15:15:42.035,      -0.49,       -0.60,        1.56,       1.76
2026-01-09T15:15:42.551,      -0.51,       -0.64,        1.48,       1.70
2026-01-09T15:15:43.069,      -0.50,       -0.66,        1.54,       1.76
2026-01-09T15:15:43.571,      -0.51,       -0.65,        1.49,       1.71
2026-01-09T15:15:44.083,      -0.52,       -0.65,        1.51,       1.73
2026-01-09T15:15:44.599,      -0.50,       -0.64,        1.47,       1.69
2026-01-09T15:15:45.116,      -0.50,       -0.64,        1.44,       1.66
2026-01-09T15:15:45.635,      -0.51,       -0.65,        1.47,       1.70
2026-01-09T15:15:46.198,      -0.48,       -0.61,        1.51,       1.71
2026-01-09T15:15:46.714,      -0.45,       -0.50,        1.51,       1.66
2026-01-09T15:15:47.216,      -0.47,       -0.35,        1.52,       1.65
2026-01-09T15:15:47.732,      -0.47,       -0.27,        1.58,       1.68
2026-01-09T15:15:48.245,      -0.47,       -0.21,        1.55,       1.65
2026-01-09T15:15:48.763,      -0.47,       -0.17,        1.61,       1.70
2026-01-09T15:15:49.278,      -0.49,       -0.14,        1.59,       1.68
2026-01-09T15:15:49.796,      -0.50,       -0.12,        1.58,       1.68
2026-01-09T15:15:50.314,      -0.50,       -0.12,        1.60,       1.69
2026-01-09T15:15:50.826,      -0.50,       -0.15,        1.53,       1.63
2026-01-09T15:15:51.342,      -0.51,       -0.15,        1.51,       1.61
2026-01-09T15:15:51.859,      -0.50,       -0.13,        1.55,       1.65
2026-01-09T15:15:52.361,      -0.50,       -0.13,        1.52,       1.62
2026-01-09T15:15:52.874,      -0.50,       -0.12,        1.52,       1.62
2026-01-09T15:15:53.389,      -0.50,       -0.08,        1.53,       1.63
2026-01-09T15:15:53.906,      -0.50,       -0.09,        1.54,       1.64
2026-01-09T15:15:54.424,      -0.51,       -0.11,        1.53,       1.63
2026-01-09T15:15:54.941,      -0.50,       -0.12,        1.54,       1.63
2026-01-09T15:15:55.458,      -0.50,       -0.12,        1.48,       1.58
2026-01-09T15:15:55.971,      -0.50,       -0.13,        1.56,       1.66
2026-01-09T15:15:56.486,      -0.49,       -0.12,        1.52,       1.62
2026-01-09T15:15:57.003,      -0.50,       -0.13,        1.55,       1.65
2026-01-09T15:15:57.522,      -0.51,       -0.13,        1.55,       1.65
2026-01-09T15:15:58.037,      -0.51,       -0.13,        1.53,       1.64
2026-01-09T15:15:58.583,      -0.51,       -0.12,        1.53,       1.63
2026-01-09T15:15:59.103,      -0.51,       -0.13,        1.55,       1.65
2026-01-09T15:15:59.619,      -0.51,       -0.13,        1.53,       1.63
2026-01-09T15:16:00.132,      -0.51,       -0.11,        1.54,       1.64
2026-01-09T15:16:00.685,      -0.49,       -0.13,        1.54,       1.64
2026-01-09T15:16:01.201,      -0.50,       -0.13,        1.55,       1.65
2026-01-09T15:16:01.714,      -0.49,       -0.11,        1.53,       1.63
2026-01-09T15:16:02.231,      -0.51,       -0.12,        1.51,       1.61
2026-01-09T15:16:02.747,      -0.50,       -0.12,        1.52,       1.62
2026-01-09T15:16:03.266,      -0.50,       -0.11,        1.57,       1.66
2026-01-09T15:16:03.782,      -0.51,       -0.10,        1.57,       1.67
2026-01-09T15:16:04.346,      -0.50,       -0.12,        1.55,       1.65
2026-01-09T15:16:04.898,      -0.49,       -0.12,        1.56,       1.66
2026-01-09T15:16:05.413,      -0.50,       -0.11,        1.54,       1.64
2026-01-09T15:16:05.926,      -0.52,       -0.11,        1.52,       1.62
2026-01-09T15:16:06.443,      -0.51,       -0.11,        1.52,       1.62
2026-01-09T15:16:06.958,      -0.53,       -0.12,        1.52,       1.63
2026-01-09T15:16:07.478,      -0.52,       -0.12,        1.53,       1.63
2026-01-09T15:16:08.024,      -0.51,       -0.12,        1.52,       1.62
2026-01-09T15:16:08.540,      -0.48,       -0.12,        1.53,       1.62
2026-01-09T15:16:09.059,      -0.48,       -0.13,        1.53,       1.63
2026-01-09T15:16:09.575,      -0.50,       -0.13,        1.55,       1.65
2026-01-09T15:16:10.092,      -0.48,       -0.14,        1.53,       1.63
2026-01-09T15:16:10.638,      -0.49,       -0.13,        1.52,       1.61
2026-01-09T15:16:11.157,      -0.52,       -0.15,        1.51,       1.62
2026-01-09T15:16:11.670,      -0.52,       -0.15,        1.57,       1.68
2026-01-09T15:16:12.187,      -0.50,       -0.14,        1.59,       1.69
2026-01-09T15:16:12.702,      -0.50,       -0.13,        1.53,       1.63
2026-01-09T15:16:13.221,      -0.49,       -0.13,        1.52,       1.62
2026-01-09T15:16:13.788,      -0.51,       -0.13,        1.55,       1.65
2026-01-09T15:16:14.334,      -0.48,       -0.13,        1.50,       1.60
2026-01-09T15:16:14.853,      -0.50,       -0.14,        1.54,       1.64
2026-01-09T15:16:15.369,      -0.48,       -0.11,        1.51,       1.61
2026-01-09T15:16:15.885,      -0.50,       -0.13,        1.56,       1.66
2026-01-09T15:16:16.398,      -0.49,       -0.13,        1.54,       1.64
2026-01-09T15:16:16.914,      -0.49,       -0.13,        1.52,       1.62
2026-01-09T15:16:17.431,      -0.48,       -0.11,        1.57,       1.66
2026-01-09T15:16:17.949,      -0.48,       -0.15,        1.47,       1.57
2026-01-09T15:16:18.495,      -0.50,       -0.13,        1.52,       1.62
2026-01-09T15:16:19.015,      -0.49,       -0.10,        1.52,       1.62
2026-01-09T15:16:19.531,      -0.49,       -0.12,        1.50,       1.60
2026-01-09T15:16:20.047,      -0.51,       -0.12,        1.53,       1.64
2026-01-09T15:16:20.560,      -0.51,       -0.13,        1.53,       1.64
2026-01-09T15:16:21.077,      -0.51,       -0.12,        1.58,       1.68
2026-01-09T15:16:21.592,      -0.52,       -0.09,        1.50,       1.61
2026-01-09T15:16:22.112,      -0.50,       -0.12,        1.53,       1.63
2026-01-09T15:16:22.629,      -0.52,       -0.11,        1.52,       1.62
2026-01-09T15:16:23.175,      -0.51,       -0.11,        1.51,       1.62
2026-01-09T15:16:23.706,      -0.50,       -0.11,        1.52,       1.62
2026-01-09T15:16:24.224,      -0.51,       -0.10,        1.51,       1.62
2026-01-09T15:16:24.726,      -0.50,       -0.13,        1.49,       1.60
2026-01-09T15:16:25.238,      -0.52,       -0.13,        1.51,       1.62
2026-01-09T15:16:25.754,      -0.52,       -0.10,        1.52,       1.63
2026-01-09T15:16:26.272,      -0.52,       -0.10,        1.53,       1.63
2026-01-09T15:16:26.789,      -0.51,       -0.12,        1.50,       1.60
2026-01-09T15:16:27.303,      -0.51,       -0.09,        1.56,       1.65
2026-01-09T15:16:27.820,      -0.51,       -0.11,        1.37,       1.49
2026-01-09T15:16:28.323,      -0.52,       -0.17,        1.22,       1.35
2026-01-09T15:16:28.838,      -0.51,       -0.16,        1.04,       1.18
2026-01-09T15:16:29.351,      -0.50,       -0.14,        0.92,       1.07
2026-01-09T15:16:29.867,      -0.51,       -0.14,        0.76,       0.94
2026-01-09T15:16:30.382,      -0.51,       -0.13,        0.54,       0.76
2026-01-09T15:16:30.799,        NaN,         NaN,         NaN,        NaN
2026-01-09T15:16:30.901,      -0.51,       -0.15,        0.42,       0.68
2026-01-09T15:16:31.469,      -0.51,       -0.14,        0.26,       0.58
2026-01-09T15:16:32.015,      -0.49,       -0.13,        0.10,       0.51
2026-01-09T15:16:32.534,      -0.51,       -0.14,        0.02,       0.52
2026-01-09T15:16:33.050,      -0.51,       -0.14,       -0.01,       0.51
2026-01-09T15:16:33.564,      -0.52,       -0.14,       -0.02,       0.52
2026-01-09T15:16:34.079,      -0.51,       -0.15,       -0.22,       0.55
2026-01-09T15:16:34.581,      -0.52,       -0.16,       -0.43,       0.67
2026-01-09T15:16:35.096,      -0.51,       -0.18,       -0.50,       0.71
2026-01-09T15:16:35.611,      -0.53,       -0.18,       -0.57,       0.77
2026-01-09T15:16:36.164,      -0.52,       -0.16,       -0.72,       0.88
2026-01-09T15:16:36.678,      -0.53,       -0.15,       -0.85,       0.98
2026-01-09T15:16:37.192,      -0.52,       -0.16,       -0.97,       1.09
2026-01-09T15:16:37.694,      -0.52,       -0.17,       -0.99,       1.10
2026-01-09T15:16:38.211,      -0.53,       -0.16,       -0.98,       1.10
2026-01-09T15:16:38.727,      -0.54,       -0.16,       -1.04,       1.15
2026-01-09T15:16:39.241,      -0.55,       -0.17,       -1.03,       1.15
2026-01-09T15:16:39.757,      -0.56,       -0.17,       -0.78,       0.94
2026-01-09T15:16:40.259,      -0.53,       -0.16,       -0.58,       0.77
2026-01-09T15:16:40.775,      -0.52,       -0.14,       -0.47,       0.68
2026-01-09T15:16:41.287,      -0.55,       -0.14,       -0.36,       0.64
2026-01-09T15:16:41.789,      -0.55,       -0.14,       -0.26,       0.60
2026-01-09T15:16:42.306,      -0.52,       -0.11,       -0.16,       0.53
2026-01-09T15:16:42.819,      -0.52,       -0.12,       -0.02,       0.51
2026-01-09T15:16:43.335,      -0.53,       -0.14,        0.13,       0.55
2026-01-09T15:16:43.837,      -0.51,       -0.12,        0.31,       0.61
2026-01-09T15:16:44.354,      -0.51,       -0.11,        0.54,       0.76
2026-01-09T15:16:44.901,      -0.52,       -0.12,        0.69,       0.88
2026-01-09T15:16:45.420,      -0.51,       -0.12,        0.83,       1.00
2026-01-09T15:16:45.936,      -0.49,       -0.12,        0.91,       1.05
2026-01-09T15:16:46.453,      -0.50,       -0.10,        1.02,       1.16
2026-01-09T15:16:46.965,      -0.50,       -0.13,        1.02,       1.16
2026-01-09T15:16:47.467,      -0.51,       -0.11,        1.02,       1.16
2026-01-09T15:16:47.983,      -0.50,       -0.11,        1.06,       1.19
2026-01-09T15:16:48.499,      -0.51,       -0.11,        1.09,       1.22
2026-01-09T15:16:49.049,      -0.52,       -0.10,        1.26,       1.38
2026-01-09T15:16:49.565,      -0.49,       -0.10,        1.38,       1.49
2026-01-09T15:16:50.078,      -0.48,       -0.12,        1.37,       1.47
2026-01-09T15:16:50.428,        NaN,         NaN,         NaN,        NaN
2026-01-09T15:16:50.595,      -0.50,       -0.10,        1.42,       1.53
2026-01-09T15:16:51.098,      -0.53,       -0.11,        1.51,       1.62
2026-01-09T15:16:51.612,      -0.52,       -0.11,        1.49,       1.60
2026-01-09T15:16:52.126,      -0.51,       -0.13,        1.52,       1.62
2026-01-09T15:16:52.678,      -0.51,       -0.13,        1.53,       1.64
2026-01-09T15:16:53.196,      -0.50,       -0.11,        1.52,       1.62
2026-01-09T15:16:53.707,      -0.51,       -0.10,        1.54,       1.64
2026-01-09T15:16:54.223,      -0.51,       -0.10,        1.50,       1.60
2026-01-09T15:16:54.726,      -0.51,       -0.11,        1.51,       1.62
2026-01-09T15:16:55.243,      -0.51,       -0.11,        1.48,       1.59
2026-01-09T15:16:55.755,      -0.51,       -0.10,        1.52,       1.62
2026-01-09T15:16:56.271,      -0.50,       -0.12,        1.48,       1.58
2026-01-09T15:16:56.792,        NaN,         NaN,         NaN,        NaN
2026-01-09T15:16:57.306,      -0.53,       -0.10,        1.49,       1.60
2026-01-09T15:16:57.823,      -0.52,       -0.10,        1.50,       1.60
2026-01-09T15:16:58.387,      -0.51,       -0.10,        1.46,       1.57
2026-01-09T15:16:58.938,      -0.51,       -0.12,        1.48,       1.59
2026-01-09T15:16:59.453,      -0.52,       -0.11,        1.50,       1.61
2026-01-09T15:16:59.967,      -0.51,       -0.12,        1.50,       1.60
2026-01-09T15:17:00.469,      -0.52,       -0.13,        1.47,       1.58
2026-01-09T15:17:00.986,      -0.52,       -0.11,        1.49,       1.60
2026-01-09T15:17:01.501,      -0.51,       -0.14,        1.51,       1.61
2026-01-09T15:17:02.015,      -0.51,       -0.10,        1.48,       1.58
2026-01-09T15:17:02.517,      -0.50,       -0.10,        1.52,       1.62
2026-01-09T15:17:03.035,      -0.49,       -0.10,        1.51,       1.61
2026-01-09T15:17:03.547,      -0.50,       -0.09,        1.55,       1.65
2026-01-09T15:17:04.063,      -0.50,       -0.09,        1.53,       1.62
2026-01-09T15:17:04.580,      -0.50,       -0.13,        1.52,       1.62
2026-01-09T15:17:05.082,      -0.52,       -0.13,        1.56,       1.66
2026-01-09T15:17:05.595,      -0.51,       -0.12,        1.47,       1.58
2026-01-09T15:17:06.111,      -0.50,       -0.11,        1.49,       1.59
2026-01-09T15:17:06.627,      -0.50,       -0.10,        1.52,       1.61
2026-01-09T15:17:07.146,      -0.51,       -0.10,        1.52,       1.62
2026-01-09T15:17:07.661,      -0.50,       -0.10,        1.53,       1.63
2026-01-09T15:17:08.208,      -0.50,       -0.11,        1.50,       1.60
2026-01-09T15:17:08.725,      -0.49,       -0.10,        1.49,       1.59
2026-01-09T15:17:09.243,      -0.51,       -0.12,        1.45,       1.56
2026-01-09T15:17:09.790,      -0.51,       -0.13,        1.51,       1.61
2026-01-09T15:17:10.309,      -0.50,       -0.12,        1.49,       1.59
2026-01-09T15:17:10.825,      -0.50,       -0.09,        1.51,       1.61
2026-01-09T15:17:11.340,      -0.50,       -0.11,        1.52,       1.62
2026-01-09T15:17:11.854,      -0.50,       -0.12,        1.53,       1.63
2026-01-09T15:17:12.356,      -0.50,       -0.11,        1.54,       1.64
2026-01-09T15:17:12.874,      -0.49,       -0.12,        1.50,       1.60
2026-01-09T15:17:13.388,      -0.50,       -0.13,        1.50,       1.60
2026-01-09T15:17:13.902,      -0.50,       -0.11,        1.49,       1.59
2026-01-09T15:17:14.404,      -0.47,       -0.11,        1.48,       1.57
2026-01-09T15:17:14.921,      -0.47,       -0.11,        1.50,       1.59
2026-01-09T15:17:15.439,      -0.46,       -0.12,        1.47,       1.56
2026-01-09T15:17:15.955,      -0.44,       -0.12,        1.50,       1.59
2026-01-09T15:17:16.467,      -0.45,       -0.13,        1.45,       1.54
2026-01-09T15:17:16.986,      -0.45,       -0.14,        1.52,       1.61
2026-01-09T15:17:17.503,      -0.51,       -0.10,        1.43,       1.53
2026-01-09T15:17:18.020,      -0.50,       -0.10,        1.48,       1.58
2026-01-09T15:17:18.534,      -0.49,       -0.12,        1.49,       1.59
2026-01-09T15:17:19.035,      -0.50,       -0.08,        1.45,       1.55
2026-01-09T15:17:19.551,      -0.49,       -0.13,        1.43,       1.54
2026-01-09T15:17:20.065,      -0.50,       -0.11,        1.51,       1.61
2026-01-09T15:17:20.578,      -0.52,       -0.13,        1.47,       1.58
2026-01-09T15:17:21.093,      -0.53,       -0.12,        1.51,       1.63
2026-01-09T15:17:21.611,      -0.50,       -0.11,        1.51,       1.62
2026-01-09T15:17:22.113,      -0.50,       -0.10,        1.50,       1.60
2026-01-09T15:17:22.645,      -0.49,       -0.09,        1.53,       1.62
2026-01-09T15:17:23.192,      -0.51,       -0.09,        1.52,       1.62
2026-01-09T15:17:23.712,      -0.52,       -0.12,        1.48,       1.58
2026-01-09T15:17:24.227,      -0.52,       -0.08,        1.50,       1.61
2026-01-09T15:17:24.740,      -0.51,       -0.10,        1.48,       1.58
2026-01-09T15:17:25.257,      -0.49,       -0.13,        1.50,       1.60
2026-01-09T15:17:25.759,      -0.50,       -0.13,        1.53,       1.63
2026-01-09T15:17:26.275,      -0.51,       -0.10,        1.49,       1.60
2026-01-09T15:17:26.788,      -0.53,       -0.12,        1.48,       1.60
2026-01-09T15:17:27.305,      -0.50,       -0.10,        1.54,       1.64
2026-01-09T15:17:27.820,      -0.49,       -0.12,        1.49,       1.59
2026-01-09T15:17:28.339,      -0.50,       -0.10,        1.55,       1.65
2026-01-09T15:17:28.856,      -0.51,       -0.09,        1.53,       1.63
2026-01-09T15:17:29.369,      -0.51,       -0.08,        1.52,       1.62
2026-01-09T15:17:29.921,      -0.50,       -0.09,        1.51,       1.61
2026-01-09T15:17:30.437,      -0.51,       -0.10,        1.52,       1.62
2026-01-09T15:17:30.953,      -0.52,       -0.10,        1.50,       1.60
2026-01-09T15:17:31.466,      -0.50,       -0.11,        1.49,       1.59
2026-01-09T15:17:31.982,      -0.49,       -0.11,        1.47,       1.57
2026-01-09T15:17:32.499,      -0.51,       -0.09,        1.52,       1.62
2026-01-09T15:17:33.001,      -0.50,       -0.09,        1.49,       1.59
2026-01-09T15:17:33.514,      -0.51,       -0.09,        1.47,       1.58
2026-01-09T15:17:34.030,      -0.51,       -0.09,        1.53,       1.63
2026-01-09T15:17:34.547,      -0.51,       -0.09,        1.54,       1.64
2026-01-09T15:17:35.065,      -0.50,       -0.10,        1.49,       1.59
2026-01-09T15:17:35.581,      -0.51,       -0.11,        1.48,       1.58
2026-01-09T15:17:36.131,      -0.51,       -0.08,        1.53,       1.63
2026-01-09T15:17:36.647,      -0.52,       -0.10,        1.47,       1.58
2026-01-09T15:17:37.162,      -0.52,       -0.10,        1.49,       1.59
2026-01-09T15:17:37.676,      -0.52,       -0.11,        1.48,       1.59
2026-01-09T15:17:38.193,      -0.52,       -0.12,        1.51,       1.62
2026-01-09T15:17:38.708,      -0.51,       -0.12,        1.47,       1.57
2026-01-09T15:17:39.227,      -0.50,       -0.11,        1.52,       1.62
2026-01-09T15:17:39.744,      -0.50,       -0.11,        1.45,       1.55
2026-01-09T15:17:40.291,      -0.51,       -0.10,        1.51,       1.61
2026-01-09T15:17:40.809,      -0.51,       -0.11,        1.49,       1.59
2026-01-09T15:17:41.325,      -0.49,       -0.13,        1.50,       1.60
2026-01-09T15:17:41.842,      -0.49,       -0.12,        1.47,       1.57
2026-01-09T15:17:42.355,      -0.52,       -0.12,        1.46,       1.57
2026-01-09T15:17:42.856,      -0.50,       -0.12,        1.53,       1.62
2026-01-09T15:17:43.372,      -0.51,       -0.10,        1.53,       1.63
2026-01-09T15:17:43.889,      -0.50,       -0.09,        1.56,       1.66
2026-01-09T15:17:44.402,      -0.51,       -0.11,        1.50,       1.60
2026-01-09T15:17:44.918,      -0.50,       -0.11,        1.53,       1.63
2026-01-09T15:17:45.420,      -0.50,       -0.12,        1.49,       1.59
2026-01-09T15:17:45.937,      -0.50,       -0.12,        1.48,       1.58
2026-01-09T15:17:46.450,      -0.51,       -0.12,        1.50,       1.60
2026-01-09T15:17:46.966,      -0.49,       -0.12,        1.50,       1.60
2026-01-09T15:17:47.483,      -0.49,       -0.10,        1.52,       1.62
2026-01-09T15:17:47.983,      -0.51,       -0.11,        1.49,       1.59
2026-01-09T15:17:48.498,      -0.50,       -0.13,        1.51,       1.61
2026-01-09T15:17:49.013,      -0.50,       -0.09,        1.55,       1.64
2026-01-09T15:17:49.534,      -0.49,       -0.10,        1.51,       1.61
2026-01-09T15:17:50.048,      -0.50,       -0.13,        1.49,       1.59
2026-01-09T15:17:50.562,      -0.50,       -0.11,        1.50,       1.60
2026-01-09T15:17:51.079,      -0.50,       -0.12,        1.52,       1.62
2026-01-09T15:17:51.594,      -0.49,       -0.11,        1.53,       1.63
2026-01-09T15:17:52.096,      -0.50,       -0.11,        1.51,       1.61
2026-01-09T15:17:52.610,      -0.50,       -0.11,        1.50,       1.60
2026-01-09T15:17:53.126,      -0.50,       -0.10,        1.54,       1.64
2026-01-09T15:17:53.642,      -0.51,       -0.11,        1.51,       1.61
2026-01-09T15:17:54.161,      -0.51,       -0.10,        1.46,       1.57
2026-01-09T15:17:54.678,      -0.50,       -0.11,        1.50,       1.60
2026-01-09T15:17:55.191,      -0.51,       -0.11,        1.52,       1.62
2026-01-09T15:17:55.707,      -0.50,       -0.11,        1.51,       1.61
2026-01-09T15:17:56.224,      -0.51,       -0.12,        1.50,       1.61
2026-01-09T15:17:56.739,      -0.51,       -0.12,        1.50,       1.60
2026-01-09T15:17:57.257,      -0.51,       -0.11,        1.54,       1.64
2026-01-09T15:17:57.804,      -0.50,       -0.12,        1.49,       1.59
2026-01-09T15:17:58.321,      -0.51,       -0.10,        1.51,       1.62
2026-01-09T15:17:58.839,      -0.51,       -0.10,        1.52,       1.62
2026-01-09T15:17:59.355,      -0.51,       -0.12,        1.49,       1.60
2026-01-09T15:17:59.870,      -0.50,       -0.12,        1.50,       1.61
2026-01-09T15:18:00.435,      -0.51,       -0.11,        1.55,       1.65
2026-01-09T15:18:00.937,      -0.51,       -0.09,        1.52,       1.62
2026-01-09T15:18:01.451,      -0.52,       -0.11,        1.54,       1.65
2026-01-09T15:18:01.968,      -0.51,       -0.11,        1.54,       1.64
2026-01-09T15:18:02.482,      -0.51,       -0.10,        1.55,       1.65
2026-01-09T15:18:02.997,        NaN,         NaN,         NaN,        NaN
2026-01-09T15:18:03.518,      -0.52,       -0.10,        1.52,       1.62
2026-01-09T15:18:04.030,      -0.51,       -0.09,        1.52,       1.62
2026-01-09T15:18:04.547,      -0.49,       -0.12,        1.48,       1.58
2026-01-09T15:18:05.049,      -0.51,       -0.11,        1.48,       1.58
2026-01-09T15:18:05.566,      -0.50,       -0.11,        1.46,       1.56
2026-01-09T15:18:06.078,      -0.50,       -0.10,        1.51,       1.61
2026-01-09T15:18:06.595,      -0.51,       -0.14,        1.44,       1.54
2026-01-09T15:18:07.112,      -0.50,       -0.11,        1.51,       1.61
2026-01-09T15:18:07.630,      -0.51,       -0.12,        1.52,       1.62
2026-01-09T15:18:08.146,      -0.52,       -0.13,        1.47,       1.58
2026-01-09T15:18:08.663,      -0.51,       -0.11,        1.49,       1.60
2026-01-09T15:18:09.209,      -0.50,       -0.09,        1.47,       1.57
2026-01-09T15:18:09.727,      -0.50,       -0.11,        1.50,       1.61
2026-01-09T15:18:10.243,      -0.50,       -0.11,        1.50,       1.60
2026-01-09T15:18:10.757,      -0.50,       -0.11,        1.53,       1.63
2026-01-09T15:18:11.272,      -0.50,       -0.13,        1.46,       1.56
2026-01-09T15:18:11.789,      -0.52,       -0.10,        1.52,       1.63
2026-01-09T15:18:12.309,      -0.50,       -0.10,        1.49,       1.59
2026-01-09T15:18:12.856,      -0.51,       -0.11,        1.50,       1.61
2026-01-09T15:18:13.371,      -0.51,       -0.11,        1.48,       1.58
2026-01-09T15:18:13.889,      -0.52,       -0.10,        1.50,       1.61
2026-01-09T15:18:14.406,      -0.51,       -0.10,        1.49,       1.59
2026-01-09T15:18:14.918,      -0.51,       -0.11,        1.54,       1.64
2026-01-09T15:18:15.435,      -0.51,       -0.10,        1.52,       1.62
2026-01-09T15:18:15.937,      -0.52,       -0.12,        1.46,       1.57
2026-01-09T15:18:16.454,      -0.50,       -0.10,        1.49,       1.59
2026-01-09T15:18:16.966,      -0.50,       -0.10,        1.53,       1.63
2026-01-09T15:18:17.483,      -0.49,       -0.11,        1.52,       1.62
2026-01-09T15:18:17.999,      -0.51,       -0.12,        1.50,       1.60
2026-01-09T15:18:18.518,      -0.50,       -0.11,        1.52,       1.62
2026-01-09T15:18:18.871,        NaN,         NaN,         NaN,        NaN
2026-01-09T15:18:18.871,        NaN,         NaN,         NaN,        NaN
2026-01-09T15:18:18.931,        NaN,         NaN,         NaN,        NaN
