"Sensor 1 Measurement (x, y, z)"
"[[-0.2964, 0.23729999999999998, 0.121], [-0.29519999999999996, 0.2331, 0.129228], [-0.2928, 0.2355, 0.118096], [-0.2913, 0.234, 0.11616], [-0.2922, 0.2337, 0.117128], [-0.288, 0.23879999999999998, 0.114708], [-0.2898, 0.23729999999999998, 0.118096], [-0.2913, 0.2382, 0.121], [-0.2919, 0.24029999999999999, 0.12051599999999998], [-0.2925, 0.2352, 0.117612]]"
"[[-0.2868, 0.2355, 0.11906399999999999], [-0.2928, 0.2352, 0.113256], [-0.2898, 0.24239999999999998, 0.111804], [-0.2934, 0.2355, 0.12438799999999998], [-0.2913, 0.2337, 0.11519199999999999], [-0.2904, 0.23729999999999998, 0.119548], [-0.29159999999999997, 0.2346, 0.11906399999999999], [-0.2892, 0.23879999999999998, 0.120032], [-0.2904, 0.24059999999999998, 0.105512], [-0.2925, 0.2367, 0.116644]]"
"[[-0.2865, 0.2385, 0.11616], [-0.2874, 0.2325, 0.11374], [-0.2895, 0.23579999999999998, 0.12293599999999999], [-0.2904, 0.24209999999999998, 0.105028], [-0.2892, 0.2337, 0.12342], [-0.28709999999999997, 0.2367, 0.121], [-0.2922, 0.23339999999999997, 0.12245199999999999], [-0.2913, 0.2367, 0.11519199999999999], [-0.2919, 0.2385, 0.118096], [-0.2877, 0.24239999999999998, 0.11906399999999999]]"
"[[-0.2898, 0.2445, 0.118096], [-0.294, 0.23579999999999998, 0.119548], [-0.288, 0.23429999999999998, 0.121968], [-0.2904, 0.23429999999999998, 0.123904], [-0.2874, 0.2382, 0.11616], [-0.29369999999999996, 0.2355, 0.118096], [-0.2892, 0.2325, 0.127776], [-0.29009999999999997, 0.23579999999999998, 0.118096], [-0.2895, 0.23639999999999997, 0.121968], [-0.2904, 0.23789999999999997, 0.12293599999999999]]"
"[[-0.2883, 0.2418, 0.11422399999999999], [-0.2862, 0.2331, 0.12051599999999998], [-0.29159999999999997, 0.24089999999999998, 0.111804], [-0.29009999999999997, 0.2367, 0.11422399999999999], [-0.29009999999999997, 0.24059999999999998, 0.11858], [-0.291, 0.23429999999999998, 0.121], [-0.29369999999999996, 0.2325, 0.121484], [-0.2868, 0.2352, 0.117612], [-0.2961, 0.2292, 0.117128], [-0.2889, 0.2367, 0.12584]]"
"[[-0.2892, 0.2361, 0.117128], [-0.288, 0.237, 0.116644], [-0.291, 0.234, 0.12293599999999999], [-0.2877, 0.23939999999999997, 0.121484], [-0.29159999999999997, 0.23189999999999997, 0.125356], [-0.2898, 0.2367, 0.12342], [-0.2922, 0.23579999999999998, 0.11519199999999999], [-0.29369999999999996, 0.237, 0.115676], [-0.2874, 0.23489999999999997, 0.117612], [-0.2865, 0.2382, 0.121484]]"
