"Sensor 4 Measurement (x, y, z)"
"[[0.3423, -0.4062, 0.36203199999999996], [0.34409999999999996, -0.40109999999999996, 0.373164], [0.3444, -0.4005, 0.36396799999999996], [0.3465, -0.4005, 0.364936], [0.3417, -0.3945, 0.364452], [0.3429, -0.4032, 0.356224], [0.3393, -0.40559999999999996, 0.35816], [0.34409999999999996, -0.399, 0.36542], [0.3423, -0.4065, 0.35670799999999997], [0.3438, -0.40409999999999996, 0.37026]]"
"[[0.348, -0.40109999999999996, 0.366388], [0.3429, -0.4023, 0.36203199999999996], [0.3453, -0.411, 0.363484], [0.34709999999999996, -0.3987, 0.368324], [0.34109999999999996, -0.40409999999999996, 0.364936], [0.3468, -0.4023, 0.354772], [0.3447, -0.4038, 0.35816], [0.3429, -0.4008, 0.36251599999999995], [0.3465, -0.4059, 0.36106399999999994], [0.348, -0.4005, 0.363484]]"
"[[0.345, -0.4014, 0.36880799999999997], [0.3444, -0.4017, 0.367356], [0.342, -0.4023, 0.367356], [0.3423, -0.4065, 0.35574], [0.34409999999999996, -0.4068, 0.364936], [0.33959999999999996, -0.399, 0.36106399999999994], [0.3459, -0.4032, 0.36251599999999995], [0.339, -0.4074, 0.364452], [0.34559999999999996, -0.408, 0.357676], [0.3369, -0.4023, 0.36542]]"
"[[0.3459, -0.4059, 0.364936], [0.3435, -0.4077, 0.356224], [0.3423, -0.4122, 0.359128], [0.34259999999999996, -0.4032, 0.373164], [0.3405, -0.402, 0.371228], [0.3399, -0.4002, 0.361548], [0.3435, -0.4047, 0.36203199999999996], [0.3408, -0.40109999999999996, 0.36880799999999997], [0.34259999999999996, -0.40559999999999996, 0.365904], [0.3468, -0.3999, 0.36058]]"
"[[0.35009999999999997, -0.4032, 0.36396799999999996], [0.345, -0.4017, 0.36106399999999994], [0.3435, -0.4053, 0.356224], [0.342, -0.4017, 0.365904], [0.3414, -0.3999, 0.36058], [0.34709999999999996, -0.4023, 0.36784], [0.34559999999999996, -0.4053, 0.36058], [0.3423, -0.4053, 0.369776], [0.3465, -0.405, 0.36251599999999995], [0.3432, -0.4089, 0.36058]]"
"[[0.3435, -0.4065, 0.37268], [0.3438, -0.4029, 0.36687200000000003], [0.3447, -0.4038, 0.35816], [0.3429, -0.4062, 0.36251599999999995], [0.34409999999999996, -0.411, 0.35670799999999997], [0.3405, -0.4044, 0.36929199999999995], [0.3438, -0.4107, 0.36784], [0.3462, -0.4092, 0.359612], [0.3423, -0.40859999999999996, 0.360096], [0.3465, -0.40259999999999996, 0.360096]]"
