"Sensor 2 Measurement (x, y, z)"
"[[0.2532, 0.3405, 0.20860399999999998], [0.2547, 0.34409999999999996, 0.20085999999999998], [0.25859999999999994, 0.3384, 0.197956], [0.2577, 0.3369, 0.20376399999999997], [0.25529999999999997, 0.3417, 0.213928], [0.25709999999999994, 0.3324, 0.20812], [0.26009999999999994, 0.336, 0.207636], [0.2547, 0.3372, 0.20860399999999998], [0.25439999999999996, 0.3384, 0.204732], [0.2556, 0.34109999999999996, 0.20812]]"
"[[0.255, 0.3417, 0.215864], [0.25529999999999997, 0.34409999999999996, 0.20376399999999997], [0.25739999999999996, 0.3378, 0.209572], [0.2577, 0.339, 0.209572], [0.25589999999999996, 0.3408, 0.212476], [0.2547, 0.3417, 0.20424799999999999], [0.258, 0.3402, 0.204732], [0.2592, 0.3405, 0.20715199999999998], [0.2562, 0.3369, 0.20860399999999998], [0.25229999999999997, 0.3435, 0.197956]]"
"[[0.2565, 0.33809999999999996, 0.210056], [0.2562, 0.3432, 0.20328], [0.2505, 0.3417, 0.21150799999999997], [0.25709999999999994, 0.3453, 0.200376], [0.2637, 0.3393, 0.20666800000000002], [0.26039999999999996, 0.3453, 0.209088], [0.25739999999999996, 0.3375, 0.199892], [0.25289999999999996, 0.3387, 0.206184], [0.2625, 0.3405, 0.20328], [0.25859999999999994, 0.3447, 0.20715199999999998]]"
"[[0.25229999999999997, 0.3444, 0.215864], [0.2565, 0.3432, 0.205216], [0.2607, 0.3423, 0.21199199999999999], [0.25859999999999994, 0.3453, 0.2057], [0.25229999999999997, 0.33809999999999996, 0.209088], [0.25709999999999994, 0.3399, 0.20666800000000002], [0.25680000000000003, 0.3375, 0.202312], [0.25529999999999997, 0.3384, 0.20715199999999998], [0.25830000000000003, 0.3372, 0.21441200000000002], [0.2577, 0.3417, 0.20376399999999997]]"
"[[0.2565, 0.34109999999999996, 0.204732], [0.25139999999999996, 0.3393, 0.209572], [0.2517, 0.339, 0.201344], [0.255, 0.3369, 0.20812], [0.25379999999999997, 0.3444, 0.212476], [0.2577, 0.3435, 0.20328], [0.25830000000000003, 0.342, 0.20715199999999998], [0.2535, 0.3462, 0.19650399999999998], [0.2547, 0.34409999999999996, 0.21150799999999997], [0.25379999999999997, 0.3387, 0.209572]]"
"[[0.25709999999999994, 0.3423, 0.21199199999999999], [0.25439999999999996, 0.3393, 0.200376], [0.25529999999999997, 0.3414, 0.21150799999999997], [0.26039999999999996, 0.3399, 0.20328], [0.25589999999999996, 0.3408, 0.19844], [0.2577, 0.3387, 0.206184], [0.2511, 0.3408, 0.209572], [0.258, 0.3438, 0.206184], [0.25439999999999996, 0.34259999999999996, 0.20812], [0.25980000000000003, 0.3417, 0.218768]]"
