"Sensor 11 Average (x, y, z)"
"[-0.04866, 0.01752, 0.272734]"
"[-0.04452, 0.01731, 0.27491200000000005]"
"[-0.04572, 0.018359999999999998, 0.27384719999999996]"
"[-0.04545, 0.01878, 0.27588]"
"[-0.04443, 0.017939999999999998, 0.27534759999999997]"
"[-0.03834, 0.014969999999999999, 0.2539064]"
"[-0.03888, 0.01446, 0.25100239999999996]"
"[-0.03819, 0.01659, 0.2527932]"
"[-0.04214999999999999, 0.014879999999999999, 0.24863079999999999]"
"[-0.04041, 0.014339999999999999, 0.24795319999999998]"
