"Sensor 6 Average (x, y, z)"
"[-0.08193, 0.07626, 0.2164448]"
"[-0.08202, 0.07506, 0.21900999999999998]"
"[-0.08184000000000001, 0.07583999999999999, 0.2205104]"
"[-0.08265, 0.07368000000000001, 0.2217688]"
"[-0.08127, 0.0768, 0.2218172]"
"[-0.08628000000000001, 0.045270000000000005, 0.2072004]"
"[-0.08628000000000001, 0.0456, 0.2057484]"
"[-0.08678999999999999, 0.04551, 0.2057968]"
"[-0.08436, 0.04497, 0.2043932]"
"[-0.08598, 0.046619999999999995, 0.20342520000000003]"
