"Sensor 3 Average (x, y, z)"
"[-0.046979999999999994, 0.10332, 0.21668679999999996]"
"[-0.04733999999999999, 0.10317, 0.2177516]"
"[-0.04425, 0.10197, 0.21692879999999998]"
"[-0.04557, 0.10271999999999999, 0.2211396]"
"[-0.04377, 0.10107, 0.2179452]"
"[-0.03741, 0.10083, 0.208362]"
"[-0.037500000000000006, 0.0996, 0.2029896]"
"[-0.03741, 0.09894, 0.203038]"
"[-0.03966, 0.09714, 0.20269919999999997]"
"[-0.03846, 0.09611999999999998, 0.20129560000000002]"
