"Sensor 13 Measurement (x, y, z)"
"[[-0.9551999999999999, -0.5103, 0.8518399999999999], [-0.9551999999999999, -0.5151, 0.855228], [-0.9491999999999999, -0.5124, 0.8445799999999999], [-0.954, -0.5141999999999999, 0.857164], [-0.9525, -0.5151, 0.83974], [-0.9512999999999999, -0.5163, 0.855228], [-0.9528, -0.5109, 0.850872], [-0.9501, -0.513, 0.850872], [-0.9515999999999999, -0.5136000000000001, 0.8576480000000001], [-0.9519, -0.51, 0.840224]]"
"[[-1.0206, -0.5004, 0.913308], [-1.0232999999999999, -0.5013, 0.916212], [-1.0221, -0.4992, 0.912824], [-1.0172999999999999, -0.498, 0.9200839999999999], [-1.0211999999999999, -0.5022, 0.9152440000000001], [-1.02, -0.5004, 0.911856], [-1.0266, -0.5025, 0.9181480000000001], [-1.0257, -0.49679999999999996, 0.92202], [-1.0263, -0.5004, 0.9181480000000001], [-1.0235999999999998, -0.498, 0.9152440000000001]]"
