"Sensor 16 Average (x, y, z)"
"[0.6008699999999999, -0.9860700000000001, 1.9089443999999998]"
"[0.6826499999999999, -0.9579900000000001, 2.0441255999999997]"
