"Sensor 9 Measurement (x, y, z)"
"[[-1.1817, -0.1407, 1.104004], [-1.1877, -0.14429999999999998, 1.115136], [-1.1859, -0.138, 1.119008], [-1.1895, -0.1389, 1.10352], [-1.1841, -0.1425, 1.102552], [-1.1799, -0.1395, 1.1044880000000001], [-1.1856, -0.14279999999999998, 1.106908], [-1.1778, -0.1479, 1.106424], [-1.1853, -0.1377, 1.100616], [-1.188, -0.1395, 1.1122319999999999]]"
"[[-1.2375, -0.06720000000000001, 1.16402], [-1.2350999999999999, -0.06659999999999999, 1.155308], [-1.2398999999999998, -0.0744, 1.157244], [-1.2342, -0.075, 1.1732159999999998], [-1.2426, -0.0747, 1.157244], [-1.2368999999999999, -0.0717, 1.1635360000000001], [-1.2378, -0.0696, 1.166924], [-1.2381, -0.0735, 1.158212], [-1.2353999999999998, -0.0678, 1.1620840000000001], [-1.2372, -0.0747, 1.155308]]"
