"Sensor 2 Average (x, y, z)"
"[-0.63372, 0.9459299999999999, 0.9783575999999998]"
"[-0.6066900000000001, 0.99729, 0.9248756]"
