"Sensor 1 Measurement (x, y, z)"
"[[-0.7419, 0.5841000000000001, 0.576444], [-0.7434, 0.5873999999999999, 0.584188], [-0.7373999999999999, 0.594, 0.5808], [-0.7341, 0.5919, 0.579348], [-0.7346999999999999, 0.5871000000000001, 0.581284], [-0.7413, 0.5955, 0.57112], [-0.7376999999999999, 0.6, 0.576444], [-0.7397999999999999, 0.5925, 0.580316], [-0.7461, 0.5892, 0.5817680000000001], [-0.7416, 0.5844, 0.579832]]"
"[[-0.732, 0.6282, 0.561924], [-0.7283999999999999, 0.6279, 0.5541799999999999], [-0.7218, 0.6287999999999999, 0.5507920000000001], [-0.7286999999999999, 0.6345, 0.555148], [-0.726, 0.6296999999999999, 0.54934], [-0.7283999999999999, 0.6276, 0.543048], [-0.7296, 0.6243, 0.5599879999999999], [-0.7323, 0.6336, 0.550308], [-0.7278, 0.6282, 0.548372], [-0.7272, 0.6287999999999999, 0.5570839999999999]]"
