"Sensor 1 Average (x, y, z)"
"[-0.71772, 0.6070200000000001, 0.48346759999999994]"
"[-0.70614, 0.64557, 0.4573315999999999]"
