"Sensor 15 Measurement (x, y, z)"
"[[-0.2799, -1.0923, 2.229304], [-0.2832, -1.0943999999999998, 2.229788], [-0.2769, -1.0965, 2.2346280000000003], [-0.2838, -1.0932, 2.2312399999999997], [-0.2799, -1.0968, 2.225916], [-0.28109999999999996, -1.0902, 2.2244639999999998], [-0.2817, -1.092, 2.2346280000000003], [-0.2829, -1.0953, 2.225916], [-0.28409999999999996, -1.0985999999999998, 2.232208], [-0.2805, -1.0905, 2.229788]]"
"[[-0.27209999999999995, -1.0817999999999999, 2.4301639999999995], [-0.26609999999999995, -1.0785, 2.4282280000000003], [-0.26580000000000004, -1.0757999999999999, 2.4180639999999998], [-0.27059999999999995, -1.0794, 2.427744], [-0.26339999999999997, -1.0791, 2.4320999999999997], [-0.2652, -1.0763999999999998, 2.423388], [-0.2667, -1.0868999999999998, 2.421452], [-0.2694, -1.0817999999999999, 2.421936], [-0.26489999999999997, -1.0803, 2.4253240000000003], [-0.26759999999999995, -1.0803, 2.431616]]"
