"Sensor 11 Measurement (x, y, z)"
"[[-0.32159999999999994, -0.19679999999999997, 2.9717599999999997], [-0.32009999999999994, -0.19379999999999997, 2.97418], [-0.3123, -0.1905, 2.981924], [-0.31889999999999996, -0.18869999999999998, 2.97418], [-0.3153, -0.19019999999999998, 2.976116], [-0.31889999999999996, -0.1905, 2.978052], [-0.3183, -0.1941, 2.969824], [-0.3177, -0.19229999999999997, 2.9799879999999996], [-0.31439999999999996, -0.1848, 2.969824], [-0.32009999999999994, -0.1896, 2.972244]]"
"[[-0.28859999999999997, -0.0579, 3.1242199999999998], [-0.2829, -0.06, 3.104376], [-0.2913, -0.051, 3.1242199999999998], [-0.2838, -0.059699999999999996, 3.11212], [-0.2874, -0.0588, 3.117928], [-0.285, -0.057, 3.125188], [-0.28409999999999996, -0.06269999999999999, 3.117928], [-0.2832, -0.0573, 3.1218], [-0.2904, -0.05909999999999999, 3.1184119999999997], [-0.2808, -0.05909999999999999, 3.122768]]"
