"Sensor 4 Average (x, y, z)"
"[0.44088000000000005, 1.1349, 1.1970771999999998]"
"[0.45015, 1.16853, 1.098196]"
