"Sensor 5 Average (x, y, z)"
"[-1.02042, 0.40686, 0.81675]"
"[-1.03038, 0.48312, 0.8189280000000002]"
