"Sensor 6 Average (x, y, z)"
"[-0.98673, 0.6654000000000001, 1.6715908]"
"[-0.98085, 0.7770000000000001, 1.6825291999999998]"
