"Sensor 7 Average (x, y, z)"
"[-0.30269999999999997, 0.9292199999999998, 2.4447808]"
"[-0.26853000000000005, 1.0715099999999997, 2.4338423999999996]"
