"Sensor 3 Measurement (x, y, z)"
"[[-0.17429999999999998, 1.1763, 1.412796], [-0.1716, 1.1796, 1.4181199999999998], [-0.177, 1.1768999999999998, 1.425864], [-0.1689, 1.1810999999999998, 1.414248], [-0.1818, 1.1793, 1.424896], [-0.1818, 1.1835, 1.418604], [-0.17579999999999998, 1.1799, 1.4239279999999999], [-0.17729999999999999, 1.1802000000000001, 1.42054], [-0.17129999999999998, 1.1778, 1.423444], [-0.1818, 1.1765999999999999, 1.421992]]"
"[[-0.1485, 1.2290999999999999, 1.332936], [-0.1467, 1.2306, 1.329548], [-0.14579999999999999, 1.2312, 1.339228], [-0.15, 1.227, 1.336808], [-0.1431, 1.2293999999999998, 1.34552], [-0.14909999999999998, 1.2342, 1.3435840000000001], [-0.1554, 1.2327000000000001, 1.336324], [-0.15, 1.2290999999999999, 1.3431], [-0.1455, 1.2225, 1.336324], [-0.1512, 1.2285, 1.34068]]"
