"Sensor 9 Average (x, y, z)"
"[-1.17672, -0.07001999999999997, 0.9793740000000001]"
"[-1.2296399999999998, -0.0003599999999999992, 1.0331948]"
