"Sensor 4 Measurement (x, y, z)"
"[[0.4545, 1.0943999999999998, 1.280664], [0.45630000000000004, 1.0965, 1.271952], [0.45630000000000004, 1.0947, 1.28986], [0.4587, 1.092, 1.281148], [0.4515, 1.0914, 1.280664], [0.453, 1.0923, 1.28986], [0.4485, 1.0974, 1.282116], [0.4467, 1.098, 1.28502], [0.44909999999999994, 1.0928999999999998, 1.2859880000000001], [0.456, 1.0926, 1.2826]]"
"[[0.4632, 1.1319, 1.18096], [0.4605, 1.1259, 1.19064], [0.46409999999999996, 1.131, 1.190156], [0.45959999999999995, 1.1292, 1.1848319999999999], [0.459, 1.1300999999999999, 1.181444], [0.46229999999999993, 1.1274, 1.179992], [0.4659, 1.125, 1.1761199999999998], [0.4617, 1.1202, 1.193544], [0.4644, 1.1265, 1.179508], [0.46259999999999996, 1.1313, 1.183864]]"
