"Sensor 6 Measurement (x, y, z)"
"[[-0.9873, 0.6465, 1.780152], [-0.9855, 0.642, 1.794672], [-0.9896999999999999, 0.6371999999999999, 1.7811199999999998], [-0.9866999999999999, 0.6393, 1.784992], [-0.9890999999999999, 0.6381, 1.7840239999999998], [-0.9849, 0.6414, 1.774828], [-0.9845999999999999, 0.6461999999999999, 1.77386], [-0.9825, 0.6431999999999999, 1.7869279999999998], [-0.9947999999999999, 0.6474, 1.7791839999999999], [-0.9800999999999999, 0.6486000000000001, 1.7743440000000001]]"
"[[-0.981, 0.7575, 1.787412], [-0.9819, 0.7556999999999999, 1.7883799999999999], [-0.9822, 0.7554, 1.7927359999999999], [-0.981, 0.753, 1.79322], [-0.9806999999999999, 0.7577999999999999, 1.794672], [-0.9789, 0.7563, 1.799996], [-0.9813, 0.7542, 1.792252], [-0.9825, 0.747, 1.7912839999999999], [-0.978, 0.7556999999999999, 1.7912839999999999], [-0.9789, 0.7533, 1.792252]]"
