"Sensor 11 Average (x, y, z)"
"[-0.34215, -0.18747, 2.8570035999999996]"
"[-0.31013999999999997, -0.054599999999999996, 3.0010904]"
