"Sensor 10 Average (x, y, z)"
"[-1.1267399999999999, -0.12452999999999997, 2.0192964]"
"[-1.1667599999999998, -0.018419999999999992, 2.1382152000000003]"
