"Sensor 14 Measurement (x, y, z)"
"[[-0.8991, -0.8205, 1.646568], [-0.9015, -0.8199, 1.639308], [-0.8964, -0.8201999999999999, 1.639308], [-0.8916000000000001, -0.8141999999999999, 1.639308], [-0.8987999999999999, -0.8192999999999999, 1.6388239999999998], [-0.8934, -0.8115, 1.64318], [-0.8936999999999999, -0.8157, 1.649956], [-0.9024, -0.8181, 1.6504400000000001], [-0.8981999999999999, -0.8184, 1.635436], [-0.9041999999999999, -0.8175, 1.643664]]"
"[[-0.9596999999999999, -0.8016, 1.793704], [-0.9605999999999999, -0.81, 1.8029], [-0.963, -0.8091, 1.794672], [-0.9581999999999999, -0.8118, 1.786444], [-0.9545999999999999, -0.8058, 1.7898319999999999], [-0.9531, -0.8124, 1.794672], [-0.9534, -0.8001, 1.787412], [-0.9591, -0.8081999999999999, 1.790316], [-0.9594, -0.8067, 1.804352], [-0.9594, -0.8058, 1.796124]]"
