"Sensor 8 Measurement (x, y, z)"
"[[0.7011000000000001, 0.7838999999999999, 2.26512], [0.6984, 0.7821, 2.25786], [0.6969, 0.7746000000000001, 2.260764], [0.7005, 0.7751999999999999, 2.260764], [0.6941999999999999, 0.7815, 2.252052], [0.6978, 0.7757999999999999, 2.26754], [0.6951, 0.7866000000000001, 2.261732], [0.6962999999999999, 0.7845, 2.2597959999999997], [0.7005, 0.7803, 2.2626999999999997], [0.6986999999999999, 0.7751999999999999, 2.263184]]"
"[[0.7386, 0.8919, 2.2055879999999997], [0.7367999999999999, 0.8901, 2.2060720000000003], [0.7362, 0.891, 2.203652], [0.7373999999999999, 0.9008999999999999, 2.2118800000000003], [0.7397999999999999, 0.894, 2.207524], [0.7397999999999999, 0.8921999999999999, 2.201716], [0.7434, 0.8934, 2.210912], [0.7373999999999999, 0.8921999999999999, 2.206556], [0.7427999999999999, 0.8976000000000001, 2.205104], [0.7356, 0.8934, 2.2089760000000003]]"
