"Sensor 12 Average (x, y, z)"
"[0.75249, -0.16841999999999996, 2.518978]"
"[0.8292, -0.05061, 2.5813656000000003]"
