"Sensor 14 Average (x, y, z)"
"[-0.8980799999999999, -0.79755, 1.5455571999999997]"
"[-0.9582, -0.78717, 1.6970008]"
