"Sensor 8 Average (x, y, z)"
"[0.6825, 0.7920299999999999, 2.1644963999999995]"
"[0.72333, 0.9057299999999999, 2.1101432]"
