"Sensor 3 Average (x, y, z)"
"[-0.19668, 1.2364500000000003, 1.3088812]"
"[-0.16905, 1.2867600000000001, 1.2268432]"
