"Sensor 13 Average (x, y, z)"
"[-0.94365, -0.4706699999999999, 0.7514100000000001]"
"[-1.01394, -0.4575, 0.8173792000000001]"
