"Sensor 12 Measurement (x, y, z)"
"[[0.7725, -0.19979999999999998, 2.638284], [0.7755, -0.1989, 2.643124], [0.7661999999999999, -0.2016, 2.644092], [0.7731, -0.20579999999999998, 2.6436079999999995], [0.7653, -0.2052, 2.640704], [0.7629, -0.2004, 2.639252], [0.765, -0.19979999999999998, 2.634896], [0.7713, -0.20279999999999998, 2.633928], [0.7697999999999999, -0.20429999999999998, 2.632476], [0.7746000000000001, -0.2079, 2.636348]]"
"[[0.8481000000000001, -0.08489999999999999, 2.69346], [0.8421000000000001, -0.0858, 2.702172], [0.8466, -0.0852, 2.702172], [0.8423999999999999, -0.087, 2.696364], [0.8432999999999999, -0.0846, 2.7016880000000003], [0.8469, -0.0873, 2.702656], [0.843, -0.08070000000000001, 2.70314], [0.8543999999999999, -0.08489999999999999, 2.6987840000000003], [0.8532, -0.08639999999999999, 2.7099159999999998], [0.8432999999999999, -0.08159999999999999, 2.700236]]"
