"Sensor 15 Average (x, y, z)"
"[-0.26393999999999995, -1.06776, 2.1452332000000003]"
"[-0.24971999999999991, -1.0538099999999997, 2.3414468000000004]"
