"Sensor 10 Measurement (x, y, z)"
"[[-1.1288999999999998, -0.1497, 2.143152], [-1.1271, -0.14909999999999998, 2.145572], [-1.1274, -0.1455, 2.153316], [-1.1256, -0.1482, 2.149444], [-1.1337000000000002, -0.14759999999999998, 2.147024], [-1.1288999999999998, -0.14579999999999999, 2.150896], [-1.1247, -0.1452, 2.14412], [-1.1342999999999999, -0.1407, 2.1538], [-1.1288999999999998, -0.1503, 2.1475079999999998], [-1.131, -0.1503, 2.146056]]"
"[[-1.1745, -0.0423, 2.26996], [-1.1693999999999998, -0.0471, 2.268992], [-1.1690999999999998, -0.0387, 2.2656039999999997], [-1.1658, -0.041699999999999994, 2.264152], [-1.1703, -0.0396, 2.269476], [-1.167, -0.039299999999999995, 2.2656039999999997], [-1.1652, -0.035699999999999996, 2.268992], [-1.1648999999999998, -0.042, 2.2685079999999997], [-1.1703, -0.0414, 2.267056], [-1.1742000000000001, -0.0435, 2.261732]]"
