"Sensor 7 Measurement (x, y, z)"
"[[-0.2742, 0.879, 2.5802039999999997], [-0.2763, 0.8799, 2.5743959999999997], [-0.2712, 0.8724, 2.576332], [-0.2703, 0.8811, 2.5802039999999997], [-0.26789999999999997, 0.882, 2.5743959999999997], [-0.2748, 0.8796, 2.575364], [-0.2703, 0.8777999999999999, 2.57246], [-0.27509999999999996, 0.8754, 2.5748800000000003], [-0.2817, 0.8736, 2.5777840000000003], [-0.2727, 0.8742, 2.5816559999999997]]"
"[[-0.24359999999999998, 1.0182, 2.568104], [-0.2325, 1.0188, 2.5690720000000002], [-0.2448, 1.0136999999999998, 2.5690720000000002], [-0.234, 1.0221, 2.5656839999999996], [-0.2382, 1.0179, 2.5627799999999996], [-0.23639999999999997, 1.0188, 2.5647159999999998], [-0.23879999999999998, 1.0227, 2.570524], [-0.2412, 1.0194, 2.568104], [-0.24209999999999998, 1.0215, 2.55794], [-0.2412, 1.0248, 2.562296]]"
