"Sensor 5 Measurement (x, y, z)"
"[[-1.0253999999999999, 0.3753, 0.944284], [-1.0263, 0.3708, 0.9365399999999999], [-1.0266, 0.3756, 0.9462200000000001], [-1.0329, 0.3747, 0.944284], [-1.0275, 0.3747, 0.946704], [-1.0253999999999999, 0.3783, 0.9360559999999999], [-1.0305, 0.3765, 0.942348], [-1.0248, 0.37139999999999995, 0.9462200000000001], [-1.0251, 0.3738, 0.9438], [-1.0272000000000001, 0.3708, 0.954932]]"
"[[-1.044, 0.45089999999999997, 0.9418639999999999], [-1.0352999999999999, 0.45030000000000003, 0.946704], [-1.038, 0.4512, 0.952028], [-1.0386, 0.45, 0.9559], [-1.0373999999999999, 0.45059999999999995, 0.94138], [-1.0362, 0.45539999999999997, 0.9491240000000001], [-1.0341, 0.447, 0.9462200000000001], [-1.0377, 0.45180000000000003, 0.9462200000000001], [-1.0332000000000001, 0.44489999999999996, 0.9360559999999999], [-1.0368, 0.45239999999999997, 0.9476720000000001]]"
