"Sensor 4 Measurement (x, y, z)"
"[[0.342, -0.4032, 0.365904], [0.3444, -0.4023, 0.36880799999999997], [0.3432, -0.3999, 0.364936], [0.3477, -0.4023, 0.371712], [0.342, -0.4005, 0.360096], [0.3459, -0.4023, 0.36542], [0.3369, -0.40859999999999996, 0.36058], [0.3483, -0.4035, 0.36058], [0.34259999999999996, -0.4077, 0.36880799999999997], [0.3414, -0.40409999999999996, 0.36058]]"
"[[0.345, -0.40709999999999996, 0.363], [0.3432, -0.4053, 0.37074399999999996], [0.3405, -0.4083, 0.36251599999999995], [0.3483, -0.40859999999999996, 0.363484], [0.3432, -0.4095, 0.359128], [0.3444, -0.4068, 0.369776], [0.3453, -0.4047, 0.365904], [0.3372, -0.40109999999999996, 0.36251599999999995], [0.3468, -0.4005, 0.368324], [0.3417, -0.4029, 0.36058]]"
"[[0.3432, -0.4062, 0.361548], [0.3444, -0.4044, 0.371228], [0.3474, -0.40109999999999996, 0.351868], [0.3408, -0.4029, 0.36251599999999995], [0.33809999999999996, -0.40709999999999996, 0.361548], [0.3492, -0.4062, 0.36929199999999995], [0.33809999999999996, -0.4014, 0.36396799999999996], [0.3447, -0.4059, 0.36251599999999995], [0.3417, -0.4095, 0.364452], [0.348, -0.405, 0.36396799999999996]]"
