"Sensor 1 Measurement (x, y, z)"
"[[-0.28709999999999997, 0.237, 0.121484], [-0.2946, 0.2385, 0.110836], [-0.29159999999999997, 0.2295, 0.123904], [-0.2889, 0.2391, 0.117612], [-0.29009999999999997, 0.24, 0.114708], [-0.29309999999999997, 0.2376, 0.12584], [-0.2889, 0.2427, 0.131648], [-0.28859999999999997, 0.2382, 0.12584], [-0.2883, 0.23729999999999998, 0.126324], [-0.291, 0.23729999999999998, 0.117612]]"
"[[-0.28859999999999997, 0.2376, 0.11422399999999999], [-0.2955, 0.2361, 0.117612], [-0.28859999999999997, 0.2385, 0.121], [-0.291, 0.23129999999999998, 0.11906399999999999], [-0.294, 0.23579999999999998, 0.117128], [-0.2847, 0.23429999999999998, 0.117128], [-0.2895, 0.23489999999999997, 0.11519199999999999], [-0.2919, 0.23579999999999998, 0.11519199999999999], [-0.2919, 0.2361, 0.13068000000000002], [-0.2853, 0.23879999999999998, 0.12245199999999999]]"
"[[-0.291, 0.23579999999999998, 0.120032], [-0.2889, 0.2433, 0.114708], [-0.2874, 0.2337, 0.117612], [-0.2925, 0.2361, 0.12342], [-0.2859, 0.2295, 0.110836], [-0.29519999999999996, 0.23489999999999997, 0.12293599999999999], [-0.288, 0.23429999999999998, 0.105512], [-0.28859999999999997, 0.2367, 0.120032], [-0.291, 0.2382, 0.117128], [-0.2862, 0.2316, 0.121968]]"
