"Sensor 2 Measurement (x, y, z)"
"[[0.2592, 0.3387, 0.20328], [0.25529999999999997, 0.3348, 0.201828], [0.2547, 0.3357, 0.20376399999999997], [0.2577, 0.3387, 0.21441200000000002], [0.2577, 0.3393, 0.209572], [0.25980000000000003, 0.3399, 0.209572], [0.26189999999999997, 0.3402, 0.20666800000000002], [0.25439999999999996, 0.34409999999999996, 0.20376399999999997], [0.25739999999999996, 0.3405, 0.2057], [0.258, 0.3369, 0.20812]]"
"[[0.25739999999999996, 0.3429, 0.21441200000000002], [0.25529999999999997, 0.342, 0.21150799999999997], [0.25229999999999997, 0.339, 0.204732], [0.25709999999999994, 0.3384, 0.20812], [0.2577, 0.33659999999999995, 0.213928], [0.255, 0.3408, 0.211024], [0.2595, 0.342, 0.202312], [0.26309999999999995, 0.3378, 0.20812], [0.25589999999999996, 0.33659999999999995, 0.212476], [0.26009999999999994, 0.33809999999999996, 0.204732]]"
"[[0.26130000000000003, 0.3384, 0.19892400000000002], [0.25680000000000003, 0.33809999999999996, 0.210056], [0.25379999999999997, 0.3342, 0.204732], [0.2565, 0.339, 0.211024], [0.25980000000000003, 0.3468, 0.209088], [0.2607, 0.3429, 0.20666800000000002], [0.25079999999999997, 0.3408, 0.204732], [0.25680000000000003, 0.3405, 0.20860399999999998], [0.26159999999999994, 0.3405, 0.19747199999999998], [0.25709999999999994, 0.34109999999999996, 0.2057]]"
