"Sensor 4 Average (x, y, z)"
"[0.34344, -0.40343999999999997, 0.3647424]"
"[0.34356, -0.40548, 0.36459719999999995]"
"[0.34356, -0.40496999999999994, 0.36329039999999996]"
