"Sensor 5 Average (x, y, z)"
"[-0.10836, 0.035129999999999995, 0.2123792]"
"[-0.10761, 0.03516, 0.2126696]"
"[-0.10656, 0.03498, 0.2118952]"
"[-0.10679999999999999, 0.0348, 0.2119436]"
"[-0.10631999999999998, 0.032999999999999995, 0.21533159999999998]"
"[-0.10734, 0.03261, 0.213928]"
"[-0.09558, 0.028109999999999996, 0.1996016]"
"[-0.09285, 0.02946, 0.19471320000000003]"
"[-0.09467999999999999, 0.02814, 0.19524560000000002]"
"[-0.09398999999999999, 0.026129999999999997, 0.1936968]"
