"Sensor 3 Average (x, y, z)"
"[-0.24602999999999997, -0.22088999999999998, 0.157058]"
"[-0.2472, -0.2226, 0.1560416]"
"[-0.2448, -0.22032, 0.153912]"
"[-0.24444, -0.22190999999999997, 0.1582196]"
"[-0.24369000000000002, -0.21846000000000002, 0.1544444]"
"[-0.24447000000000002, -0.22193999999999997, 0.15381519999999999]"
"[-0.2448, -0.22005, 0.1568644]"
