"Sensor 1 Average (x, y, z)"
"[-0.27954, 0.16235999999999998, 0.211992]"
"[-0.27885, 0.16446, 0.2114112]"
"[-0.27939, 0.16385999999999998, 0.210298]"
"[-0.27951, 0.16487999999999997, 0.21291159999999998]"
"[-0.2787, 0.16323, 0.21276640000000002]"
"[-0.27999, 0.16458, 0.21087879999999998]"
"[-0.28059, 0.16362, 0.21116919999999997]"
