"Sensor 4 Average (x, y, z)"
"[0.20798999999999998, -0.28965, 0.1496044]"
"[0.20811000000000002, -0.28974, 0.14684559999999997]"
"[0.20778, -0.28917, 0.15216960000000002]"
"[0.20628000000000002, -0.29139, 0.14883]"
"[0.20655, -0.29076, 0.14539359999999996]"
"[0.20649, -0.28896, 0.15004]"
"[0.20568, -0.29175, 0.14965279999999997]"
