"Sensor 2 Average (x, y, z)"
"[0.23420999999999997, 0.23879999999999998, 0.26721639999999997]"
"[0.23424, 0.24003000000000002, 0.26982999999999996]"
"[0.23487, 0.24291000000000001, 0.26702279999999995]"
"[0.23598, 0.24071999999999996, 0.2648932]"
"[0.23399999999999999, 0.24014999999999995, 0.2683296]"
"[0.23328, 0.24015, 0.2692492]"
"[0.23436000000000004, 0.23958, 0.2676036]"
