X,Y,Z,MagneticField_X,MagneticField_Y,MagneticField_Z
0,0,0,3.892765332353526e-05,0.00010870363569592334,-6.61647692496159e-05
