X,Y,Z,MagneticField_X,MagneticField_Y,MagneticField_Z
0,0,0,-3.0603501039588865e-07,-9.156567511321712e-05,-3.188884808420778e-05
