"Sensor 11 Average (x, y, z)"
"[-0.015210000000000001, -0.06743999999999999, 0.309276]"
"[-0.015269999999999999, -0.07014, 0.3055008]"
"[-0.014609999999999998, -0.06828, 0.3084532]"
"[-0.013019999999999999, -0.06791999999999998, 0.3096632]"
"[-0.01266, -0.06891, 0.3080176]"
"[-0.013499999999999998, -0.06411, 0.2863828]"
"[-0.02244, -0.06468, 0.280478]"
"[-0.02262, -0.06384, 0.2796068]"
"[-0.026219999999999997, -0.06320999999999999, 0.2782032]"
"[-0.0261, -0.06099, 0.2811556]"
