"Sensor 3 Average (x, y, z)"
"[-0.013530000000000004, 0.05355, 0.2866732]"
"[-0.01287, 0.051660000000000005, 0.289916]"
"[-0.01158, 0.05187, 0.2897708]"
"[-0.012929999999999997, 0.05229, 0.29127120000000006]"
"[-0.01437, 0.052320000000000005, 0.2892384]"
"[-0.016620000000000003, 0.05622, 0.2693944]"
"[-0.01935, 0.0555, 0.26673240000000004]"
"[-0.02103, 0.05331, 0.26344120000000004]"
"[-0.02244, 0.0555, 0.2616988]"
"[-0.022139999999999993, 0.053520000000000005, 0.2637316]"
