"Sensor 8 Average (x, y, z)"
"[0.04893, -0.00639, 0.29703080000000004]"
"[0.04647, -0.00468, 0.297902]"
"[0.04812000000000001, -0.007139999999999999, 0.2932072]"
"[0.04938000000000001, -0.00894, 0.2947076]"
"[0.0492, -0.008400000000000001, 0.294272]"
"[0.04248, -0.004979999999999998, 0.27510559999999995]"
"[0.036449999999999996, -0.008130000000000002, 0.27670279999999997]"
"[0.03207, -0.00744, 0.27225]"
"[0.03564, -0.00651, 0.27113679999999996]"
"[0.03282, -0.009480000000000002, 0.2750088]"
