"Sensor 3 Measurement (x, y, z)"
"[[-0.0050999999999999995, -0.2097, 0.095348], [-0.0111, -0.2112, 0.092444], [-0.0114, -0.2082, 0.094864], [-0.0111, -0.2097, 0.085668], [-0.012, -0.2052, 0.096316], [-0.0111, -0.21359999999999998, 0.09970399999999999], [-0.0050999999999999995, -0.20879999999999999, 0.09196], [-0.008400000000000001, -0.2046, 0.093412], [-0.014399999999999998, -0.2061, 0.093412], [-0.0081, -0.20729999999999998, 0.097768]]"
"[[-0.0003, -0.2004, 0.07501999999999999], [0.003, -0.2094, 0.068728], [0.007199999999999999, -0.2064, 0.073568], [0.0050999999999999995, -0.2055, 0.073568], [0.0081, -0.2061, 0.064372], [0.0006, -0.2004, 0.06921200000000001], [0.0035999999999999995, -0.2076, 0.07308400000000001], [0.0045, -0.2007, 0.067276], [0.009, -0.1986, 0.07550399999999999], [0.006, -0.2055, 0.077924]]"
"[[0.0162, -0.2115, 0.068244], [0.015, -0.2022, 0.06921200000000001], [0.020099999999999996, -0.2112, 0.068728], [0.0231, -0.2103, 0.063404], [0.0165, -0.20579999999999998, 0.07017999999999999], [0.020399999999999998, -0.2085, 0.073568], [0.018, -0.2046, 0.073568], [0.0153, -0.2115, 0.07405199999999999], [0.0189, -0.2097, 0.0726], [0.0174, -0.207, 0.073568]]"
