"Sensor 1 Measurement (x, y, z)"
"[[-0.0837, -0.135, 0.0605], [-0.081, -0.12840000000000001, 0.0605], [-0.08159999999999999, -0.13140000000000002, 0.063888], [-0.0876, -0.13019999999999998, 0.06534000000000001], [-0.08070000000000001, -0.1326, 0.063404], [-0.0858, -0.13290000000000002, 0.058564], [-0.07709999999999999, -0.1335, 0.056628], [-0.08220000000000001, -0.12929999999999997, 0.063404], [-0.0915, -0.1305, 0.06630799999999999], [-0.0777, -0.12719999999999998, 0.06630799999999999]]"
"[[-0.072, -0.12179999999999999, 0.037268], [-0.0702, -0.12869999999999998, 0.04114], [-0.06570000000000001, -0.12869999999999998, 0.035816], [-0.0726, -0.1281, 0.04598], [-0.0726, -0.1266, 0.046948000000000004], [-0.06989999999999999, -0.1245, 0.04114], [-0.069, -0.13079999999999997, 0.044528], [-0.0717, -0.13079999999999997, 0.037751999999999994], [-0.0717, -0.12539999999999998, 0.046948000000000004], [-0.0687, -0.129, 0.04356]]"
"[[-0.061799999999999994, -0.1407, 0.03872], [-0.06570000000000001, -0.1407, 0.03387999999999999], [-0.06989999999999999, -0.13979999999999998, 0.041623999999999994], [-0.0648, -0.1434, 0.036784], [-0.06539999999999999, -0.14279999999999998, 0.047432], [-0.06269999999999999, -0.1419, 0.044044], [-0.0648, -0.1422, 0.047432], [-0.066, -0.1431, 0.046464], [-0.0675, -0.1359, 0.0484], [-0.059699999999999996, -0.1419, 0.047916]]"
