"Sensor 7 Measurement (x, y, z)"
"[[-0.0057, -0.1776, 0.10357599999999999], [-0.0006, -0.1671, 0.1089], [-0.0033, -0.16979999999999998, 0.112288], [-0.0035999999999999995, -0.1716, 0.112288], [-0.0111, -0.17129999999999998, 0.102608], [-0.0021000000000000003, -0.1746, 0.101156], [-0.004200000000000001, -0.1665, 0.102608], [-0.0075, -0.1722, 0.11519199999999999], [-0.0069, -0.1674, 0.108416], [-0.0096, -0.1746, 0.105512]]"
"[[0.0087, -0.17129999999999998, 0.0847], [0.0162, -0.1716, 0.087604], [0.012, -0.1734, 0.080344], [0.0093, -0.1755, 0.075988], [0.015899999999999997, -0.17129999999999998, 0.080828], [0.0099, -0.1776, 0.08712], [0.0111, -0.168, 0.076472], [0.0078, -0.1689, 0.08228], [0.012299999999999998, -0.1692, 0.0847], [0.010199999999999999, -0.1671, 0.085184]]"
"[[0.0165, -0.17129999999999998, 0.089056], [0.0219, -0.1695, 0.081312], [0.020399999999999998, -0.1695, 0.078408], [0.0183, -0.1752, 0.07986], [0.0198, -0.16979999999999998, 0.081796], [0.0183, -0.1749, 0.081312], [0.0219, -0.1731, 0.08276399999999999], [0.0237, -0.1704, 0.08276399999999999], [0.0162, -0.1737, 0.079376], [0.0228, -0.1764, 0.07550399999999999]]"
