"Sensor 2 Measurement (x, y, z)"
"[[-0.043199999999999995, -0.156, 0.07744], [-0.0501, -0.1563, 0.083732], [-0.0501, -0.1533, 0.071148], [-0.043199999999999995, -0.1551, 0.07501999999999999], [-0.0423, -0.1575, 0.074536], [-0.04019999999999999, -0.1539, 0.080344], [-0.04769999999999999, -0.15719999999999998, 0.07308400000000001], [-0.0456, -0.1539, 0.086152], [-0.0447, -0.1515, 0.07550399999999999], [-0.0444, -0.16140000000000002, 0.075988]]"
"[[-0.026099999999999998, -0.1548, 0.053723999999999994], [-0.029099999999999997, -0.1527, 0.055176], [-0.030899999999999997, -0.1515, 0.059048], [-0.0276, -0.1524, 0.053723999999999994], [-0.0339, -0.1548, 0.056144], [-0.028799999999999996, -0.1554, 0.051787999999999994], [-0.027, -0.1509, 0.04598], [-0.0285, -0.15, 0.057111999999999996], [-0.0258, -0.1563, 0.056628], [-0.0276, -0.15, 0.061952]]"
"[[-0.0252, -0.1626, 0.056144], [-0.0219, -0.15990000000000001, 0.050336], [-0.0192, -0.1665, 0.059048], [-0.0183, -0.1641, 0.062436], [-0.0186, -0.16229999999999997, 0.051304], [-0.0141, -0.1611, 0.050336], [-0.020399999999999998, -0.1611, 0.059048], [-0.0165, -0.1659, 0.056628], [-0.021599999999999998, -0.1722, 0.058564], [-0.024599999999999997, -0.1635, 0.054692]]"
