"Sensor 15 Measurement (x, y, z)"
"[[-0.039, -0.0867, 0.063888], [-0.048600000000000004, -0.08639999999999999, 0.056628], [-0.04019999999999999, -0.0933, 0.060016], [-0.0399, -0.08639999999999999, 0.060984], [-0.0399, -0.087, 0.0605], [-0.0438, -0.0861, 0.056144], [-0.0441, -0.08489999999999999, 0.059531999999999995], [-0.039299999999999995, -0.0867, 0.053239999999999996], [-0.0399, -0.09209999999999999, 0.0605], [-0.041100000000000005, -0.0852, 0.049367999999999995]]"
"[[-0.024300000000000002, -0.07859999999999999, 0.032912], [-0.024599999999999997, -0.0789, 0.0363], [-0.03, -0.0861, 0.025168], [-0.023399999999999997, -0.08639999999999999, 0.028072], [-0.030299999999999997, -0.0861, 0.028072], [-0.0282, -0.0882, 0.027104], [-0.0306, -0.0885, 0.0363], [-0.0294, -0.0843, 0.027588], [-0.0198, -0.0846, 0.036784], [-0.0297, -0.0831, 0.025652]]"
"[[-0.0231, -0.081, 0.035332], [-0.024, -0.0852, 0.025652], [-0.0249, -0.08489999999999999, 0.030008], [-0.026099999999999998, -0.084, 0.030976], [-0.0255, -0.0861, 0.030976], [-0.020099999999999996, -0.087, 0.0363], [-0.0231, -0.08339999999999999, 0.0363], [-0.0192, -0.08489999999999999, 0.034364], [-0.027899999999999998, -0.09029999999999999, 0.027104], [-0.0252, -0.0855, 0.038236]]"
