"Sensor 4 Measurement (x, y, z)"
"[[0.0057, -0.1926, 0.066792], [-0.0048, -0.19079999999999997, 0.07017999999999999], [0.0003, -0.19679999999999997, 0.06921200000000001], [0.004200000000000001, -0.19290000000000002, 0.07308400000000001], [0.0066, -0.1941, 0.07308400000000001], [0.003, -0.19229999999999997, 0.080828], [0.0096, -0.19440000000000002, 0.073568], [0.0015, -0.1878, 0.07017999999999999], [0.0035999999999999995, -0.1926, 0.083732], [0.0033, -0.195, 0.07889199999999999]]"
"[[0.0147, -0.19019999999999998, 0.052756], [0.015, -0.189, 0.046464], [0.0156, -0.1869, 0.057595999999999994], [0.018, -0.1875, 0.0484], [0.0219, -0.1875, 0.051304], [0.0189, -0.19169999999999998, 0.060984], [0.016800000000000002, -0.18869999999999998, 0.053239999999999996], [0.0162, -0.189, 0.055659999999999994], [0.020399999999999998, -0.1866, 0.055659999999999994], [0.0225, -0.19140000000000001, 0.049851999999999994]]"
"[[0.0276, -0.1827, 0.050336], [0.0282, -0.1935, 0.053723999999999994], [0.0276, -0.19290000000000002, 0.051304], [0.028799999999999996, -0.1848, 0.054208], [0.029099999999999997, -0.19140000000000001, 0.048884], [0.030299999999999997, -0.1869, 0.050336], [0.028799999999999996, -0.1866, 0.0484], [0.033299999999999996, -0.1899, 0.054208], [0.0324, -0.1851, 0.052272], [0.03269999999999999, -0.1866, 0.049851999999999994]]"
