"Sensor 6 Measurement (x, y, z)"
"[[-0.045899999999999996, -0.1191, 0.077924], [-0.041699999999999994, -0.12329999999999999, 0.0726], [-0.046799999999999994, -0.1245, 0.08276399999999999], [-0.0426, -0.1281, 0.08712], [-0.042, -0.1245, 0.07986], [-0.0531, -0.12119999999999999, 0.08228], [-0.0441, -0.12840000000000001, 0.071148], [-0.0414, -0.12419999999999999, 0.081312], [-0.0516, -0.12119999999999999, 0.072116], [-0.0447, -0.12719999999999998, 0.07308400000000001]]"
"[[-0.0297, -0.12, 0.057595999999999994], [-0.0282, -0.1173, 0.058564], [-0.033, -0.11969999999999999, 0.056628], [-0.0264, -0.1188, 0.060984], [-0.033600000000000005, -0.11789999999999999, 0.050336], [-0.0264, -0.1215, 0.058564], [-0.0312, -0.11969999999999999, 0.055659999999999994], [-0.0252, -0.1188, 0.052272], [-0.0231, -0.1221, 0.049851999999999994], [-0.0297, -0.11939999999999999, 0.055659999999999994]]"
"[[-0.0222, -0.12929999999999997, 0.060984], [-0.021599999999999998, -0.1221, 0.048884], [-0.024599999999999997, -0.126, 0.057595999999999994], [-0.030299999999999997, -0.12569999999999998, 0.059048], [-0.0219, -0.1278, 0.049851999999999994], [-0.0237, -0.12359999999999999, 0.057595999999999994], [-0.0225, -0.11969999999999999, 0.049851999999999994], [-0.0252, -0.12869999999999998, 0.055176], [-0.0225, -0.12569999999999998, 0.049851999999999994], [-0.0282, -0.12419999999999999, 0.056628]]"
