"Sensor 16 Measurement (x, y, z)"
"[[-0.0423, -0.0837, 0.06534000000000001], [-0.040799999999999996, -0.0798, 0.071632], [-0.0444, -0.08189999999999999, 0.068244], [-0.0471, -0.08009999999999999, 0.057595999999999994], [-0.0423, -0.08159999999999999, 0.071632], [-0.0324, -0.0735, 0.076956], [-0.0354, -0.0828, 0.06630799999999999], [-0.039299999999999995, -0.0858, 0.0605], [-0.0372, -0.08189999999999999, 0.071148], [-0.045, -0.0756, 0.063888]]"
"[[-0.027899999999999998, -0.0663, 0.034364], [-0.0249, -0.0717, 0.030008], [-0.0315, -0.075, 0.044044], [-0.0228, -0.06839999999999999, 0.035816], [-0.0264, -0.0726, 0.041623999999999994], [-0.0252, -0.0726, 0.03387999999999999], [-0.026099999999999998, -0.0777, 0.04114], [-0.024599999999999997, -0.0702, 0.039688], [-0.021, -0.075, 0.037751999999999994], [-0.0237, -0.07529999999999999, 0.047432]]"
"[[-0.0273, -0.0717, 0.042108], [-0.0252, -0.0747, 0.046464], [-0.021599999999999998, -0.078, 0.044528], [-0.0273, -0.0717, 0.039688], [-0.0237, -0.075, 0.043076], [-0.0183, -0.072, 0.044044], [-0.0162, -0.0717, 0.04598], [-0.0249, -0.072, 0.036784], [-0.0189, -0.0789, 0.039204], [-0.0186, -0.0708, 0.03872]]"
