"Sensor 5 Measurement (x, y, z)"
"[[-0.05759999999999999, -0.1281, 0.093412], [-0.055799999999999995, -0.12539999999999998, 0.088572], [-0.0552, -0.1281, 0.08228], [-0.0531, -0.12869999999999998, 0.088572], [-0.0528, -0.13229999999999997, 0.094864], [-0.049199999999999994, -0.1173, 0.087604], [-0.054299999999999994, -0.1311, 0.080828], [-0.0549, -0.13440000000000002, 0.088088], [-0.050699999999999995, -0.12990000000000002, 0.085184], [-0.0528, -0.1278, 0.093412]]"
"[[-0.031799999999999995, -0.12419999999999999, 0.064372], [-0.0435, -0.11939999999999999, 0.06775999999999999], [-0.035699999999999996, -0.1224, 0.067276], [-0.0378, -0.13169999999999998, 0.06534000000000001], [-0.0414, -0.12119999999999999, 0.06630799999999999], [-0.0429, -0.126, 0.066792], [-0.0414, -0.1248, 0.063404], [-0.03269999999999999, -0.12990000000000002, 0.07017999999999999], [-0.04019999999999999, -0.13229999999999997, 0.0605], [-0.0405, -0.1191, 0.057595999999999994]]"
"[[-0.0387, -0.13319999999999999, 0.060016], [-0.0354, -0.1389, 0.070664], [-0.039299999999999995, -0.13319999999999999, 0.061952], [-0.03, -0.1419, 0.071148], [-0.0396, -0.13169999999999998, 0.068728], [-0.0399, -0.1371, 0.064856], [-0.0348, -0.13079999999999997, 0.063404], [-0.033, -0.135, 0.052272], [-0.0312, -0.13169999999999998, 0.05808], [-0.0363, -0.13229999999999997, 0.06630799999999999]]"
