"Sensor 9 Measurement (x, y, z)"
"[[-0.046799999999999994, -0.1392, 0.072116], [-0.0528, -0.1401, 0.091476], [-0.0546, -0.1434, 0.088572], [-0.0471, -0.13440000000000002, 0.086152], [-0.0456, -0.1386, 0.085668], [-0.0519, -0.1455, 0.091476], [-0.0465, -0.14579999999999999, 0.088088], [-0.0525, -0.141, 0.089056], [-0.0462, -0.1392, 0.087604], [-0.0513, -0.1425, 0.08954]]"
"[[-0.03269999999999999, -0.13319999999999999, 0.060984], [-0.0384, -0.1425, 0.06534000000000001], [-0.0405, -0.138, 0.07308400000000001], [-0.036, -0.135, 0.069696], [-0.033299999999999996, -0.1389, 0.060984], [-0.0378, -0.1416, 0.057595999999999994], [-0.031799999999999995, -0.13979999999999998, 0.063888], [-0.0384, -0.14129999999999998, 0.055659999999999994], [-0.0387, -0.1419, 0.057111999999999996], [-0.030899999999999997, -0.13319999999999999, 0.054208]]"
"[[-0.033, -0.14429999999999998, 0.064372], [-0.0363, -0.1401, 0.065824], [-0.027, -0.1407, 0.061467999999999995], [-0.029099999999999997, -0.1467, 0.061952], [-0.0285, -0.1467, 0.061952], [-0.0297, -0.1482, 0.061952], [-0.0396, -0.14129999999999998, 0.063888], [-0.028799999999999996, -0.1419, 0.067276], [-0.0315, -0.14279999999999998, 0.069696], [-0.0312, -0.1395, 0.0605]]"
