"Sensor 10 Measurement (x, y, z)"
"[[-0.0345, -0.1047, 0.095832], [-0.0354, -0.1092, 0.095348], [-0.0339, -0.1005, 0.09099199999999999], [-0.0384, -0.1056, 0.091476], [-0.039299999999999995, -0.1071, 0.085184], [-0.032100000000000004, -0.108, 0.091476], [-0.0378, -0.10529999999999999, 0.09437999999999999], [-0.0339, -0.1032, 0.097284], [-0.036899999999999995, -0.105, 0.112772], [-0.040799999999999996, -0.0993, 0.09970399999999999]]"
"[[-0.0225, -0.102, 0.073568], [-0.020099999999999996, -0.0987, 0.075988], [-0.0249, -0.09720000000000001, 0.072116], [-0.0255, -0.10679999999999999, 0.063888], [-0.0222, -0.099, 0.070664], [-0.0264, -0.1005, 0.071632], [-0.027899999999999998, -0.1062, 0.071632], [-0.024599999999999997, -0.1065, 0.073568], [-0.0282, -0.1074, 0.063888], [-0.0198, -0.1059, 0.063404]]"
"[[-0.0174, -0.1074, 0.0726], [-0.0198, -0.10439999999999999, 0.066792], [-0.0207, -0.1089, 0.078408], [-0.0177, -0.10679999999999999, 0.064856], [-0.0174, -0.1005, 0.07550399999999999], [-0.020399999999999998, -0.1107, 0.066792], [-0.020099999999999996, -0.1023, 0.064856], [-0.021, -0.10289999999999999, 0.073568], [-0.0213, -0.108, 0.06775999999999999], [-0.0186, -0.1095, 0.070664]]"
