"Sensor 12 Measurement (x, y, z)"
"[[0.0015, -0.117, 0.09970399999999999], [0.006, -0.11189999999999999, 0.100672], [-0.0015, -0.11969999999999999, 0.091476], [0.005399999999999999, -0.12269999999999999, 0.093412], [0.0081, -0.1221, 0.09873599999999999], [0.0006, -0.11789999999999999, 0.10212399999999999], [0.007199999999999999, -0.12269999999999999, 0.108416], [-0.0006, -0.1143, 0.08954], [0.0063, -0.1206, 0.095348], [-0.0003, -0.1155, 0.10212399999999999]]"
"[[0.018, -0.11370000000000001, 0.071148], [0.0132, -0.11189999999999999, 0.074536], [0.0186, -0.11489999999999999, 0.06921200000000001], [0.015, -0.11639999999999999, 0.07405199999999999], [0.0189, -0.1158, 0.071632], [0.0213, -0.11789999999999999, 0.07501999999999999], [0.0198, -0.1089, 0.084216], [0.017099999999999997, -0.114, 0.068728], [0.0207, -0.1107, 0.068244], [0.0189, -0.11189999999999999, 0.08324799999999999]]"
"[[0.021599999999999998, -0.1095, 0.07405199999999999], [0.0222, -0.1056, 0.07308400000000001], [0.021599999999999998, -0.1128, 0.077924], [0.021, -0.11309999999999999, 0.069696], [0.0213, -0.1083, 0.061952], [0.020399999999999998, -0.11519999999999998, 0.072116], [0.024, -0.1125, 0.075988], [0.0249, -0.11339999999999999, 0.072116], [0.024300000000000002, -0.11189999999999999, 0.070664], [0.027, -0.1107, 0.0726]]"
