"Sensor 11 Measurement (x, y, z)"
"[[-0.003, -0.09809999999999999, 0.085184], [0.0033, -0.0963, 0.095832], [0.004200000000000001, -0.0909, 0.097768], [-0.0026999999999999997, -0.0891, 0.09873599999999999], [0.0078, -0.0975, 0.09389600000000001], [-0.0003, -0.0978, 0.0968], [-0.0026999999999999997, -0.096, 0.094864], [0.0045, -0.09, 0.09970399999999999], [0.0015, -0.09179999999999999, 0.09050799999999999], [-0.0012, -0.0861, 0.092444]]"
"[[0.0132, -0.0858, 0.066792], [0.0132, -0.0858, 0.08228], [0.0132, -0.08639999999999999, 0.07308400000000001], [0.0126, -0.0882, 0.0726], [0.015, -0.0843, 0.068244], [0.0225, -0.087, 0.069696], [0.0063, -0.0891, 0.075988], [0.0126, -0.0876, 0.073568], [0.0189, -0.0933, 0.06775999999999999], [0.018, -0.0939, 0.059531999999999995]]"
"[[0.0219, -0.084, 0.06921200000000001], [0.0213, -0.096, 0.0726], [0.0183, -0.0942, 0.063404], [0.021599999999999998, -0.0894, 0.072116], [0.0195, -0.0909, 0.074536], [0.0183, -0.0927, 0.064372], [0.0219, -0.09029999999999999, 0.07017999999999999], [0.017099999999999997, -0.0867, 0.071632], [0.017099999999999997, -0.0924, 0.078408], [0.0186, -0.0915, 0.071148]]"
