"Sensor 14 Measurement (x, y, z)"
"[[-0.027, -0.0693, 0.061952], [-0.0306, -0.0726, 0.064372], [-0.024, -0.0747, 0.066792], [-0.0306, -0.0759, 0.062436], [-0.0231, -0.07859999999999999, 0.064856], [-0.03, -0.0777, 0.057111999999999996], [-0.027, -0.0726, 0.060984], [-0.0231, -0.0744, 0.069696], [-0.0258, -0.0735, 0.068244], [-0.027, -0.0777, 0.06921200000000001]]"
"[[-0.010199999999999999, -0.0732, 0.041623999999999994], [-0.0153, -0.0726, 0.04598], [-0.015899999999999997, -0.075, 0.043076], [-0.0093, -0.0639, 0.035332], [-0.0087, -0.0693, 0.034364], [-0.0099, -0.0693, 0.045495999999999995], [-0.0138, -0.06659999999999999, 0.03872], [-0.015899999999999997, -0.06269999999999999, 0.043076], [-0.0075, -0.061799999999999994, 0.039204], [-0.011699999999999999, -0.060599999999999994, 0.045495999999999995]]"
"[[-0.0132, -0.06659999999999999, 0.042108], [-0.0066, -0.0693, 0.03387999999999999], [-0.0129, -0.0693, 0.051304], [-0.008400000000000001, -0.06839999999999999, 0.040656], [-0.012, -0.0693, 0.0484], [-0.0153, -0.069, 0.037268], [-0.0087, -0.0681, 0.040656], [-0.009, -0.0735, 0.046948000000000004], [-0.0114, -0.0675, 0.044528], [-0.0066, -0.0705, 0.045012]]"
