"Sensor 8 Measurement (x, y, z)"
"[[0.0, -0.12329999999999999, 0.0726], [-0.0006, -0.1239, 0.06630799999999999], [0.0075, -0.12689999999999999, 0.072116], [-0.0015, -0.126, 0.07405199999999999], [0.0003, -0.13290000000000002, 0.063888], [0.0003, -0.12719999999999998, 0.07550399999999999], [0.0, -0.13169999999999998, 0.071632], [-0.0039, -0.12329999999999999, 0.075988], [0.0017999999999999997, -0.13019999999999998, 0.070664], [0.006, -0.1263, 0.076956]]"
"[[0.0162, -0.12329999999999999, 0.04598], [0.0231, -0.12419999999999999, 0.054692], [0.016800000000000002, -0.12419999999999999, 0.051304], [0.017099999999999997, -0.12179999999999999, 0.0484], [0.0138, -0.1281, 0.051787999999999994], [0.012299999999999998, -0.117, 0.052272], [0.0132, -0.1155, 0.053239999999999996], [0.0147, -0.1266, 0.055176], [0.0147, -0.12539999999999998, 0.053239999999999996], [0.020099999999999996, -0.11969999999999999, 0.056144]]"
"[[0.0219, -0.12569999999999998, 0.047916], [0.0228, -0.12539999999999998, 0.054692], [0.021599999999999998, -0.1221, 0.061467999999999995], [0.0306, -0.1239, 0.05808], [0.020399999999999998, -0.12179999999999999, 0.0605], [0.0237, -0.1263, 0.03872], [0.0219, -0.12419999999999999, 0.056628], [0.0177, -0.11789999999999999, 0.055659999999999994], [0.0222, -0.1161, 0.047916], [0.0249, -0.12329999999999999, 0.0605]]"
