"Sensor 13 Measurement (x, y, z)"
"[[-0.0423, -0.0789, 0.057595999999999994], [-0.048, -0.0837, 0.066792], [-0.051, -0.0825, 0.059531999999999995], [-0.041699999999999994, -0.0792, 0.063888], [-0.0441, -0.084, 0.061467999999999995], [-0.0435, -0.08339999999999999, 0.068244], [-0.045899999999999996, -0.08009999999999999, 0.058564], [-0.0453, -0.0792, 0.055176], [-0.0453, -0.0831, 0.060984], [-0.04769999999999999, -0.08159999999999999, 0.06630799999999999]]"
"[[-0.03269999999999999, -0.08070000000000001, 0.039688], [-0.0264, -0.0774, 0.03387999999999999], [-0.03, -0.075, 0.037751999999999994], [-0.033299999999999996, -0.08070000000000001, 0.034848], [-0.028799999999999996, -0.0756, 0.032428], [-0.0339, -0.0726, 0.036784], [-0.0348, -0.0765, 0.032912], [-0.0339, -0.0741, 0.042592], [-0.0294, -0.072, 0.039688], [-0.0348, -0.0747, 0.033396]]"
"[[-0.03269999999999999, -0.08070000000000001, 0.029524], [-0.031799999999999995, -0.0795, 0.043076], [-0.030899999999999997, -0.081, 0.028555999999999998], [-0.034199999999999994, -0.08339999999999999, 0.030008], [-0.028799999999999996, -0.081, 0.035816], [-0.028799999999999996, -0.0825, 0.039204], [-0.0345, -0.0843, 0.036784], [-0.0264, -0.08489999999999999, 0.040172], [-0.0312, -0.0792, 0.034364], [-0.031799999999999995, -0.0831, 0.049367999999999995]]"
