"Sensor 11 Measurement (x, y, z)"
"[[-0.0075, 0.0087, -0.000484], [-0.0063, 0.0135, 0.006292], [-0.0045, 0.004200000000000001, 0.006292], [-0.0045, 0.0035999999999999995, 0.00726], [-0.0066, 0.006, -0.00484], [-0.0033, 0.0026999999999999997, 0.010164], [-0.0078, 0.009, 0.003388], [-0.0003, 0.0045, -0.001936], [-0.0015, 0.0026999999999999997, 0.00484], [-0.0015, 0.0105, 0.002904]]"
"[[-0.0021000000000000003, 0.0012, 0.00968], [-0.0096, -0.0003, -0.002904], [-0.0015, 0.0045, 0.012584], [-0.005399999999999999, 0.0050999999999999995, 0.004356], [-0.0075, 0.0026999999999999997, -0.001936], [-0.0006, 0.0017999999999999997, 0.008712], [-0.005399999999999999, 0.0099, 0.012584], [-0.0017999999999999997, 0.0057, 0.003388], [-0.0039, -0.0017999999999999997, 0.010648], [-0.0033, 0.010199999999999999, 0.004356]]"
"[[-0.004200000000000001, 0.0026999999999999997, 0.006776], [-0.0066, 0.0039, -0.000968], [-0.0069, 0.0035999999999999995, 0.011132], [-0.0050999999999999995, 0.0026999999999999997, 0.009196], [-0.0066, 0.007199999999999999, 0.005808], [-0.0008999999999999999, 0.0057, 0.006292], [-0.0033, 0.0021000000000000003, -0.006776], [-0.0045, 0.004200000000000001, 0.006292], [-0.0035999999999999995, 0.0024, -0.003388], [-0.0015, 0.0003, -0.000968]]"
