"Sensor 14 Measurement (x, y, z)"
"[[0.0024, 0.003, -0.028072], [0.0075, 0.0012, -0.023232], [0.0039, 0.0024, -0.026619999999999998], [-0.0015, 0.0087, -0.026619999999999998], [0.007199999999999999, 0.0099, -0.030008], [0.0081, 0.0066, -0.034848], [-0.0017999999999999997, 0.011699999999999999, -0.01936], [0.0066, 0.004200000000000001, -0.023232], [0.0003, 0.0033, -0.026619999999999998], [-0.0045, 0.0081, -0.02178]]"
"[[0.0035999999999999995, 0.0039, -0.032428], [0.0035999999999999995, 0.012, -0.034848], [-0.0012, 0.0057, -0.026136], [0.0063, 0.003, -0.020328], [0.0026999999999999997, 0.0012, -0.021296], [0.0035999999999999995, 0.004200000000000001, -0.015972], [-0.0017999999999999997, 0.0017999999999999997, -0.025652], [0.007199999999999999, 0.0066, -0.03146], [0.009, 0.0033, -0.024683999999999998], [0.0050999999999999995, 0.0069, -0.026136]]"
"[[0.0048, 0.008400000000000001, -0.035816], [0.0048, 0.010199999999999999, -0.027104], [0.0048, 0.0063, -0.032912], [0.0045, 0.006, -0.025652], [0.0026999999999999997, 0.0105, -0.030492], [0.0017999999999999997, -0.0012, -0.02904], [0.0008999999999999999, 0.006, -0.028555999999999998], [0.0050999999999999995, 0.0087, -0.025168], [0.0045, 0.0111, -0.025168], [0.0033, 0.0057, -0.025652]]"
