"Sensor 6 Measurement (x, y, z)"
"[[-0.0033, -0.021, -0.012584], [0.0066, -0.0177, -0.00726], [0.0035999999999999995, -0.012, -0.008712], [0.0045, -0.016800000000000002, -0.015972], [0.0006, -0.0198, -0.015004], [0.0017999999999999997, -0.012299999999999998, -0.01452], [0.003, -0.0213, -0.009196], [0.0035999999999999995, -0.016800000000000002, -0.011132], [0.0081, -0.0147, -0.019844], [0.0, -0.0207, -0.00484]]"
"[[0.0008999999999999999, -0.0183, -0.018875999999999997], [-0.0006, -0.0153, -0.012584], [0.0012, -0.0141, -0.013068], [0.0048, -0.0156, -0.013552], [0.003, -0.0177, -0.01936], [0.011699999999999999, -0.010199999999999999, -0.010648], [0.0017999999999999997, -0.0147, -0.007744], [0.0063, -0.018, -0.016456], [0.0048, -0.0147, -0.010648], [0.003, -0.0138, -0.006776]]"
"[[0.005399999999999999, -0.0129, -0.005324], [-0.004200000000000001, -0.020099999999999996, -0.016456], [0.0017999999999999997, -0.0126, -0.011616], [0.006, -0.0177, -0.011616], [0.004200000000000001, -0.0153, -0.017908], [0.0063, -0.0195, -0.01452], [0.0006, -0.0195, -0.01452], [0.0008999999999999999, -0.011699999999999999, -0.019844], [0.0017999999999999997, -0.0129, -0.020328], [-0.0048, -0.015899999999999997, -0.021296]]"
