"Sensor 13 Measurement (x, y, z)"
"[[-0.0132, -0.030299999999999997, -0.013068], [-0.0135, -0.0228, -0.023232], [-0.017099999999999997, -0.0198, -0.020811999999999997], [-0.0198, -0.030299999999999997, -0.02178], [-0.0135, -0.0231, -0.020328], [-0.016800000000000002, -0.020099999999999996, -0.028072], [-0.0165, -0.0228, -0.021296], [-0.0177, -0.0228, -0.032428], [-0.0138, -0.0249, -0.020328], [-0.0141, -0.0252, -0.01936]]"
"[[-0.0189, -0.0252, -0.015488], [-0.018, -0.0213, -0.015488], [-0.015899999999999997, -0.024300000000000002, -0.017424], [-0.0147, -0.026699999999999998, -0.017908], [-0.0129, -0.027, -0.024683999999999998], [-0.0081, -0.028799999999999996, -0.016939999999999997], [-0.0189, -0.021599999999999998, -0.018875999999999997], [-0.0126, -0.0264, -0.02178], [-0.0186, -0.0195, -0.015972], [-0.020399999999999998, -0.0297, -0.028555999999999998]]"
"[[-0.0213, -0.027, -0.020328], [-0.0186, -0.027899999999999998, -0.024683999999999998], [-0.015899999999999997, -0.0225, -0.021296], [-0.0135, -0.0255, -0.012584], [-0.0186, -0.027, -0.023232], [-0.0192, -0.026099999999999998, -0.015004], [-0.0231, -0.0231, -0.02178], [-0.0207, -0.020399999999999998, -0.016939999999999997], [-0.0126, -0.021, -0.015004], [-0.0141, -0.0258, -0.0242]]"
