"Sensor 5 Measurement (x, y, z)"
"[[0.003, -0.0282, -0.001452], [0.0066, -0.0282, 0.006776], [0.0021000000000000003, -0.0273, 0.00242], [0.0, -0.0255, -0.003872], [-0.0003, -0.0249, -0.001936], [0.0015, -0.0282, -0.000484], [-0.0021000000000000003, -0.0249, -0.000484], [0.0006, -0.027899999999999998, -0.00242], [0.0081, -0.024, 0.005324], [0.0045, -0.0213, 0.002904]]"
"[[0.0063, -0.0225, -0.001936], [0.004200000000000001, -0.026099999999999998, 0.001936], [0.0021000000000000003, -0.03, -0.001452], [-0.0021000000000000003, -0.030299999999999997, 0.005324], [0.0003, -0.026099999999999998, -0.00242], [0.0033, -0.023399999999999997, -0.001452], [0.0024, -0.0273, 0.004356], [0.006, -0.0294, 0.002904], [0.0045, -0.0195, -0.001452], [0.0, -0.0276, 0.001936]]"
"[[0.0078, -0.023399999999999997, 0.003388], [0.0048, -0.023399999999999997, 0.000484], [0.0045, -0.0306, -0.008712], [0.0024, -0.024599999999999997, -0.000968], [0.005399999999999999, -0.030899999999999997, 0.005324], [0.0012, -0.0324, 0.005324], [0.0006, -0.0255, 0.001936], [0.006, -0.03, 0.005808], [-0.0021000000000000003, -0.027, -0.009196], [0.0035999999999999995, -0.028799999999999996, 0.004356]]"
