"Sensor 9 Measurement (x, y, z)"
"[[0.0021000000000000003, -0.050699999999999995, -0.003872], [0.0008999999999999999, -0.0549, -0.001936], [0.0017999999999999997, -0.0456, -0.005808], [0.0024, -0.0456, -0.005324], [0.0006, -0.0537, 0.000968], [0.0012, -0.053399999999999996, -0.005324], [-0.0026999999999999997, -0.0498, -0.005808], [-0.0017999999999999997, -0.054299999999999994, -0.00726], [-0.008400000000000001, -0.0588, -0.007744], [0.0024, -0.055799999999999995, -0.003388]]"
"[[0.0024, -0.0501, -0.001936], [0.0024, -0.054, -0.006776], [0.0003, -0.0555, 0.0], [0.0026999999999999997, -0.0546, -0.003872], [0.0, -0.0549, -0.0121], [0.0017999999999999997, -0.0525, -0.005324], [0.0015, -0.050699999999999995, -0.008228], [-0.0008999999999999999, -0.0519, -0.005324], [0.0035999999999999995, -0.054, -0.00484], [0.0039, -0.046799999999999994, -0.003872]]"
"[[0.0048, -0.0519, -0.006776], [0.0, -0.052199999999999996, 0.001452], [0.0006, -0.0513, 0.0], [-0.0048, -0.0525, -0.003388], [-0.0026999999999999997, -0.056100000000000004, -0.003872], [0.0033, -0.0519, -0.00242], [0.0017999999999999997, -0.0531, 0.005808], [-0.0033, -0.0495, -0.00484], [-0.0026999999999999997, -0.0525, -0.000968], [0.0012, -0.0501, -0.014036]]"
