"Sensor 7 Measurement (x, y, z)"
"[[0.0138, -0.04769999999999999, 0.014036], [0.0153, -0.0423, 0.019844], [0.0195, -0.046799999999999994, 0.019844], [0.0189, -0.0528, 0.016456], [0.0231, -0.0429, 0.008712], [0.0165, -0.0453, 0.008712], [0.0207, -0.0447, 0.011616], [0.0186, -0.0447, 0.00968], [0.0186, -0.0423, 0.017908], [0.0213, -0.0462, 0.012584]]"
"[[0.0195, -0.04769999999999999, 0.015004], [0.0165, -0.046799999999999994, 0.00968], [0.0198, -0.049199999999999994, 0.015004], [0.018, -0.0495, 0.012584], [0.0264, -0.0453, 0.016939999999999997], [0.0219, -0.04769999999999999, 0.018875999999999997], [0.0177, -0.052199999999999996, 0.015004], [0.0231, -0.0528, 0.009196], [0.0219, -0.0465, 0.012584], [0.0228, -0.049199999999999994, 0.0121]]"
"[[0.015899999999999997, -0.0513, 0.014036], [0.0213, -0.053399999999999996, 0.01452], [0.0177, -0.0366, 0.017424], [0.0192, -0.049199999999999994, 0.014036], [0.0198, -0.0462, 0.022264], [0.0177, -0.048600000000000004, 0.011616], [0.0156, -0.048299999999999996, 0.01452], [0.0297, -0.0384, 0.005808], [0.0252, -0.048299999999999996, 0.00484], [0.0192, -0.0516, 0.013552]]"
