"Sensor 16 Measurement (x, y, z)"
"[[-0.0396, -0.0024, -0.01936], [-0.0363, 0.010199999999999999, -0.013068], [-0.0396, 0.005399999999999999, -0.015004], [-0.041100000000000005, 0.0035999999999999995, -0.022264], [-0.039299999999999995, 0.010199999999999999, -0.013068], [-0.0372, 0.0081, -0.020811999999999997], [-0.040799999999999996, 0.0063, -0.030492], [-0.0351, 0.0066, -0.03146], [-0.039, 0.008400000000000001, -0.019844], [-0.033299999999999996, 0.0012, -0.01936]]"
"[[-0.0339, 0.0057, -0.024683999999999998], [-0.0324, 0.0126, -0.0242], [-0.0366, 0.0093, -0.02904], [-0.043199999999999995, 0.0006, -0.020811999999999997], [-0.039, 0.0057, -0.020811999999999997], [-0.036, 0.0105, -0.010648], [-0.036, 0.0069, -0.018875999999999997], [-0.0372, 0.0081, -0.025652], [-0.0345, 0.008400000000000001, -0.025652], [-0.0441, 0.005399999999999999, -0.016939999999999997]]"
"[[-0.039299999999999995, 0.0050999999999999995, -0.028555999999999998], [-0.04019999999999999, 0.0066, -0.01936], [-0.0381, 0.0087, -0.016456], [-0.0297, 0.0035999999999999995, -0.023232], [-0.0354, 0.0075, -0.020811999999999997], [-0.041100000000000005, 0.0039, -0.026619999999999998], [-0.0345, 0.0078, -0.018392], [-0.0345, 0.0069, -0.021296], [-0.0405, 0.007199999999999999, -0.026619999999999998], [-0.033299999999999996, 0.0069, -0.030492]]"
