"Sensor 10 Measurement (x, y, z)"
"[[-0.0081, 0.0075, 0.010164], [-0.0017999999999999997, 0.0063, 0.006776], [0.005399999999999999, 0.0021000000000000003, 0.003872], [-0.0017999999999999997, 0.003, 0.01452], [0.0048, -0.0015, 0.011132], [-0.0026999999999999997, 0.0006, 0.00484], [-0.0026999999999999997, 0.0075, 0.00242], [0.0012, 0.004200000000000001, 0.003872], [-0.005399999999999999, 0.0008999999999999999, 0.008228], [-0.0063, -0.0033, 0.006292]]"
"[[-0.0003, 0.0003, 0.011132], [-0.0003, 0.004200000000000001, 0.006292], [-0.004200000000000001, 0.0024, 0.008228], [-0.003, 0.0050999999999999995, 0.013068], [0.0039, 0.005399999999999999, 0.0121], [0.0, 0.0021000000000000003, 0.010164], [0.0008999999999999999, -0.0017999999999999997, 0.0121], [0.0012, 0.005399999999999999, 0.000968], [-0.0033, 0.0039, 0.003872], [0.0003, -0.003, 0.011616]]"
"[[-0.0017999999999999997, 0.0035999999999999995, 0.00484], [-0.0008999999999999999, 0.0015, 0.011132], [0.0017999999999999997, -0.0003, 0.009196], [0.0015, 0.0075, 0.000968], [0.0017999999999999997, -0.0015, 0.001936], [-0.0021000000000000003, 0.0015, 0.003388], [-0.0045, 0.006, 0.005808], [-0.0006, 0.004200000000000001, 0.002904], [-0.0008999999999999999, 0.0048, 0.006776], [-0.0039, 0.0035999999999999995, 0.008228]]"
