"Sensor 8 Measurement (x, y, z)"
"[[-0.0129, 0.010199999999999999, -0.022264], [-0.020399999999999998, 0.015, -0.020328], [-0.0186, 0.0126, -0.025652], [-0.0165, 0.0147, -0.020328], [-0.0219, 0.0105, -0.024683999999999998], [-0.0162, 0.0156, -0.020328], [-0.0174, 0.0135, -0.017424], [-0.0177, 0.0111, -0.022264], [-0.017099999999999997, 0.011699999999999999, -0.012584], [-0.0165, 0.0153, -0.02178]]"
"[[-0.0192, 0.0147, -0.016939999999999997], [-0.0219, 0.0114, -0.013552], [-0.016800000000000002, 0.0126, -0.015488], [-0.020399999999999998, 0.0177, -0.012584], [-0.0192, 0.011699999999999999, -0.015972], [-0.015899999999999997, 0.0207, -0.017908], [-0.016800000000000002, 0.015, -0.008228], [-0.0198, 0.014399999999999998, -0.01452], [-0.021, 0.0147, -0.014036], [-0.0165, 0.016800000000000002, -0.018875999999999997]]"
"[[-0.018, 0.010799999999999999, -0.025652], [-0.0189, 0.020099999999999996, -0.017424], [-0.0213, 0.0156, -0.011132], [-0.0156, 0.020099999999999996, -0.010164], [-0.0198, 0.0129, -0.016939999999999997], [-0.015, 0.0195, -0.021296], [-0.016800000000000002, 0.021, -0.014036], [-0.0195, 0.017099999999999997, -0.019844], [-0.024599999999999997, 0.0186, -0.009196], [-0.018, 0.0141, -0.018875999999999997]]"
