"Sensor 1 Measurement (x, y, z)"
"[[-0.0126, -0.0141, -0.026619999999999998], [-0.0087, -0.0147, -0.0242], [-0.0126, -0.0129, -0.0363], [-0.0135, -0.012299999999999998, -0.034848], [-0.0111, -0.0138, -0.021296], [-0.0141, -0.016800000000000002, -0.027104], [-0.0135, -0.0162, -0.02178], [-0.015, -0.017099999999999997, -0.026136], [-0.0129, -0.0096, -0.030492], [-0.010199999999999999, -0.0035999999999999995, -0.032912]]"
"[[-0.0057, -0.0135, -0.033396], [-0.0132, -0.0081, -0.029524], [-0.0135, -0.0105, -0.03872], [-0.0138, -0.0147, -0.03146], [-0.0081, -0.0132, -0.027104], [-0.0141, -0.011699999999999999, -0.03146], [-0.0141, -0.0195, -0.018875999999999997], [-0.007199999999999999, -0.012299999999999998, -0.035332], [-0.012299999999999998, -0.0126, -0.027104], [-0.011699999999999999, -0.0132, -0.030008]]"
"[[-0.0138, -0.015, -0.02178], [-0.0135, -0.0156, -0.03387999999999999], [-0.0225, -0.0132, -0.027104], [-0.0105, -0.0087, -0.025652], [-0.007199999999999999, -0.0162, -0.038236], [-0.010799999999999999, -0.012299999999999998, -0.0242], [-0.0165, -0.012, -0.019844], [-0.0129, -0.0153, -0.027104], [-0.015, -0.011699999999999999, -0.034364], [-0.0132, -0.015, -0.022264]]"
