"Sensor 15 Measurement (x, y, z)"
"[[-0.027899999999999998, -0.0012, -0.03387999999999999], [-0.033600000000000005, -0.0078, -0.045495999999999995], [-0.027, -0.009, -0.037268], [-0.026699999999999998, -0.0045, -0.026619999999999998], [-0.03, -0.0015, -0.040656], [-0.033, -0.0075, -0.025168], [-0.0273, -0.009, -0.034848], [-0.0306, -0.0006, -0.028072], [-0.0237, 0.0003, -0.02178], [-0.034199999999999994, -0.011699999999999999, -0.026136]]"
"[[-0.0297, -0.0063, -0.035332], [-0.028799999999999996, -0.0039, -0.035816], [-0.0348, -0.0105, -0.02904], [-0.03269999999999999, -0.0012, -0.030976], [-0.0312, -0.0012, -0.04356], [-0.0285, -0.0078, -0.020811999999999997], [-0.0249, -0.0021000000000000003, -0.026619999999999998], [-0.0324, -0.0093, -0.03387999999999999], [-0.030299999999999997, -0.005399999999999999, -0.032428], [-0.0351, -0.003, -0.035332]]"
"[[-0.030299999999999997, -0.005399999999999999, -0.045495999999999995], [-0.0339, -0.0008999999999999999, -0.029524], [-0.030299999999999997, -0.0063, -0.035332], [-0.0273, -0.0078, -0.028072], [-0.032100000000000004, 0.0015, -0.025168], [-0.026099999999999998, -0.0069, -0.029524], [-0.031799999999999995, -0.010799999999999999, -0.035816], [-0.029099999999999997, -0.0021000000000000003, -0.030492], [-0.0315, -0.006, -0.02904], [-0.0294, -0.0048, -0.02904]]"
