"Sensor 4 Measurement (x, y, z)"
"[[0.0087, -0.035699999999999996, -0.024683999999999998], [0.009, -0.0345, -0.028555999999999998], [0.0078, -0.0375, -0.026136], [0.008400000000000001, -0.036, -0.028555999999999998], [0.006, -0.031799999999999995, -0.030492], [0.007199999999999999, -0.029099999999999997, -0.026619999999999998], [0.012299999999999998, -0.033600000000000005, -0.0242], [0.007199999999999999, -0.0366, -0.028555999999999998], [0.005399999999999999, -0.033, -0.020328], [0.009, -0.0405, -0.02178]]"
"[[0.0063, -0.03269999999999999, -0.023232], [0.009, -0.0381, -0.03387999999999999], [0.0099, -0.034199999999999994, -0.030976], [0.0114, -0.042, -0.03146], [0.010199999999999999, -0.0351, -0.022747999999999997], [0.0078, -0.0348, -0.027588], [0.0045, -0.0324, -0.03387999999999999], [0.0078, -0.033299999999999996, -0.017424], [0.0069, -0.0285, -0.021296], [0.0081, -0.0345, -0.026619999999999998]]"
"[[0.0078, -0.0384, -0.016939999999999997], [0.0024, -0.0387, -0.024683999999999998], [0.006, -0.0363, -0.014036], [0.0069, -0.031799999999999995, -0.026619999999999998], [0.007199999999999999, -0.0354, -0.023232], [0.0066, -0.03269999999999999, -0.020811999999999997], [0.007199999999999999, -0.034199999999999994, -0.022747999999999997], [0.0081, -0.0366, -0.024683999999999998], [0.0066, -0.0339, -0.022747999999999997], [0.0078, -0.0366, -0.026136]]"
