"Sensor 3 Measurement (x, y, z)"
"[[0.0231, -0.060899999999999996, -0.002904], [0.024599999999999997, -0.0555, -0.001452], [0.0132, -0.0555, 0.001936], [0.0198, -0.0531, -0.007744], [0.0195, -0.0537, -0.00484], [0.0198, -0.0552, -0.006776], [0.0195, -0.0552, -0.00484], [0.018, -0.053399999999999996, -0.003388], [0.014399999999999998, -0.059699999999999996, 0.000968], [0.0177, -0.0513, -0.003872]]"
"[[0.0189, -0.0549, -0.006776], [0.0186, -0.0525, 0.001936], [0.0087, -0.0579, 0.002904], [0.0156, -0.048600000000000004, 0.001936], [0.020099999999999996, -0.0549, -0.001452], [0.0135, -0.054299999999999994, 0.010164], [0.0183, -0.0531, -0.002904], [0.020099999999999996, -0.056100000000000004, -0.007744], [0.0195, -0.057, -0.00726], [0.0228, -0.058199999999999995, 0.000968]]"
"[[0.0165, -0.0552, -0.004356], [0.009, -0.0537, -0.005324], [0.0183, -0.0552, 0.007744], [0.014399999999999998, -0.050699999999999995, 0.006292], [0.0153, -0.0516, 0.0], [0.018, -0.05759999999999999, 0.001452], [0.0147, -0.0531, -0.005808], [0.016800000000000002, -0.0585, -0.000484], [0.0174, -0.0528, 0.00242], [0.0165, -0.0471, -0.00484]]"
