"Sensor 4 Measurement (x, y, z)"
"[[0.2019, -0.2922, 0.153912], [0.2055, -0.2892, 0.155364], [0.2007, -0.2946, 0.152944], [0.2007, -0.2904, 0.14810399999999999], [0.20129999999999998, -0.2874, 0.14810399999999999], [0.2025, -0.2904, 0.156332], [0.2007, -0.2919, 0.15972], [0.20579999999999998, -0.2895, 0.156816], [0.2067, -0.2883, 0.143264], [0.20729999999999998, -0.2919, 0.148588]]"
"[[0.20879999999999999, -0.2964, 0.151492], [0.2109, -0.2922, 0.153428], [0.207, -0.2895, 0.150524], [0.2049, -0.2805, 0.140844], [0.2031, -0.2946, 0.156332], [0.204, -0.2949, 0.155848], [0.20429999999999998, -0.2889, 0.147136], [0.2004, -0.2934, 0.151492], [0.2031, -0.2895, 0.150524], [0.2031, -0.2946, 0.15488]]"
"[[0.204, -0.2928, 0.155364], [0.2031, -0.2943, 0.15246], [0.2031, -0.294, 0.15439599999999998], [0.2091, -0.2964, 0.155364], [0.2079, -0.2934, 0.155364], [0.1995, -0.2961, 0.158752], [0.2085, -0.29519999999999996, 0.153912], [0.2001, -0.29519999999999996, 0.15003999999999998], [0.2034, -0.2904, 0.145684], [0.1995, -0.2961, 0.15488]]"
"[[0.2055, -0.2973, 0.158268], [0.21059999999999998, -0.29519999999999996, 0.152944], [0.2067, -0.29009999999999997, 0.156332], [0.2046, -0.2925, 0.155364], [0.2076, -0.2913, 0.153912], [0.2082, -0.2922, 0.15488], [0.2031, -0.2964, 0.149072], [0.2055, -0.291, 0.159236], [0.2067, -0.2919, 0.161656], [0.2079, -0.29159999999999997, 0.15439599999999998]]"
"[[0.2025, -0.2934, 0.14810399999999999], [0.2067, -0.2922, 0.165044], [0.2133, -0.2934, 0.15778399999999998], [0.20579999999999998, -0.29669999999999996, 0.145684], [0.204, -0.2925, 0.15003999999999998], [0.20729999999999998, -0.29519999999999996, 0.153912], [0.2082, -0.291, 0.15778399999999998], [0.2064, -0.2934, 0.15439599999999998], [0.2055, -0.2955, 0.151492], [0.20279999999999998, -0.2946, 0.156332]]"
"[[0.2046, -0.288, 0.144716], [0.2031, -0.2946, 0.149072], [0.2097, -0.2868, 0.14665199999999998], [0.2001, -0.29369999999999996, 0.14665199999999998], [0.2061, -0.2988, 0.14762], [0.2055, -0.2904, 0.15778399999999998], [0.2085, -0.2946, 0.153912], [0.20729999999999998, -0.2877, 0.151492], [0.2052, -0.2928, 0.15246], [0.2115, -0.2865, 0.15488]]"
