"Sensor 1 Average (x, y, z)"
"[-0.27894, 0.15933, 0.207636]"
"[-0.2793900000000001, 0.15944999999999998, 0.20836200000000002]"
"[-0.27942, 0.16041, 0.207878]"
"[-0.27981, 0.16176, 0.2045868]"
"[-0.28104, 0.16044, 0.20831360000000002]"
"[-0.27947999999999995, 0.16338000000000003, 0.20947519999999997]"
