"Sensor 4 Average (x, y, z)"
"[0.20331000000000002, -0.29057999999999995, 0.15231480000000003]"
"[0.20495999999999998, -0.29145, 0.15124999999999997]"
"[0.20381999999999997, -0.29439, 0.15362159999999997]"
"[0.20664000000000002, -0.29295, 0.155606]"
"[0.20625, -0.29379, 0.15405719999999995]"
"[0.20615999999999998, -0.29139, 0.150524]"
