"Sensor 3 Average (x, y, z)"
"[-0.24363, -0.2172, 0.15183080000000002]"
"[-0.24731999999999998, -0.21614999999999998, 0.1500884]"
"[-0.24611999999999998, -0.21494999999999997, 0.15386360000000002]"
"[-0.24413999999999997, -0.21800999999999998, 0.15134679999999995]"
"[-0.24581999999999998, -0.21624, 0.15245999999999996]"
"[-0.24701999999999996, -0.22212, 0.1573484]"
