"Sensor 2 Average (x, y, z)"
"[0.23157000000000005, 0.24254999999999996, 0.2701204]"
"[0.23249999999999998, 0.24209999999999998, 0.2717176]"
"[0.23255999999999996, 0.24524999999999997, 0.27118519999999996]"
"[0.23435999999999998, 0.24564, 0.27433120000000005]"
"[0.23213999999999996, 0.24411, 0.27166919999999994]"
"[0.23388, 0.2415, 0.264264]"
